ppt_id,trial,stimulus,script,lexicality,word_eng,age,bilingual_status,correct_response,response,correct,rt,rt_sec
1,1,latin_realword_scoop.png,latin,word,scoop,22,balanced,word,word,TRUE,1420,1.42
1,2,chinese_nonword_grass.png,chinese,nonword,grass,22,balanced,nonword,word,FALSE,2955,2.955
1,3,chinese_realword_shave.png,chinese,word,shave,22,balanced,word,word,TRUE,817,0.817
1,4,latin_realword_home.png,latin,word,home,22,balanced,word,word,TRUE,1571,1.571
1,5,chinese_nonword_sand.png,chinese,nonword,sand,22,balanced,nonword,nonword,TRUE,1036,1.036
1,6,chinese_realword_change.png,chinese,word,change,22,balanced,word,word,TRUE,903,0.903
1,7,chinese_realword_bag.png,chinese,word,bag,22,balanced,word,word,TRUE,1270,1.27
1,8,latin_nonword_pat.png,latin,nonword,pat,22,balanced,nonword,nonword,TRUE,2506,2.506
1,9,chinese_realword_peach.png,chinese,word,peach,22,balanced,word,word,TRUE,784,0.784
1,10,latin_realword_brain.png,latin,word,brain,22,balanced,word,word,TRUE,869,0.869
1,11,chinese_nonword_eat.png,chinese,nonword,eat,22,balanced,nonword,nonword,TRUE,835,0.835
1,12,chinese_realword_praise.png,chinese,word,praise,22,balanced,word,word,TRUE,752,0.752
1,13,latin_realword_sisterinlaw.png,latin,word,sisterinlaw,22,balanced,word,word,TRUE,903,0.903
1,14,latin_nonword_put.png,latin,nonword,put,22,balanced,nonword,nonword,TRUE,886,0.886
1,15,latin_nonword_pinch.png,latin,nonword,pinch,22,balanced,nonword,nonword,TRUE,1788,1.788
1,16,latin_realword_feed.png,latin,word,feed,22,balanced,word,word,TRUE,1070,1.07
1,17,latin_realword_wet.png,latin,word,wet,22,balanced,word,word,TRUE,735,0.735
1,18,chinese_nonword_prawn.png,chinese,nonword,prawn,22,balanced,nonword,nonword,TRUE,2339,2.339
1,19,chinese_nonword_morning.png,chinese,nonword,morning,22,balanced,nonword,nonword,TRUE,1019,1.019
1,20,latin_realword_paper.png,latin,word,paper,22,balanced,word,word,TRUE,700,0.7
1,21,latin_realword_pull.png,latin,word,pull,22,balanced,word,nonword,FALSE,2721,2.721
1,22,chinese_realword_milk.png,chinese,word,milk,22,balanced,word,word,TRUE,752,0.752
1,23,latin_realword_lean.png,latin,word,lean,22,balanced,word,word,TRUE,1053,1.053
1,24,latin_nonword_wine.png,latin,nonword,wine,22,balanced,nonword,nonword,TRUE,4042,4.042
1,25,latin_nonword_medicine.png,latin,nonword,medicine,22,balanced,nonword,nonword,TRUE,1186,1.186
1,26,latin_nonword_invite.png,latin,nonword,invite,22,balanced,nonword,nonword,TRUE,1352,1.352
1,27,latin_nonword_tea.png,latin,nonword,tea,22,balanced,nonword,nonword,TRUE,802,0.802
1,28,chinese_nonword_keen.png,chinese,nonword,keen,22,balanced,nonword,nonword,TRUE,719,0.719
1,29,chinese_nonword_pearl.png,chinese,nonword,pearl,22,balanced,nonword,nonword,TRUE,1269,1.269
1,30,chinese_realword_island.png,chinese,word,island,22,balanced,word,word,TRUE,819,0.819
1,31,chinese_realword_good.png,chinese,word,good,22,balanced,word,word,TRUE,685,0.685
1,32,chinese_nonword_wealth.png,chinese,nonword,wealth,22,balanced,nonword,nonword,TRUE,1101,1.101
1,33,chinese_realword_tree.png,chinese,word,tree,22,balanced,word,word,TRUE,735,0.735
1,34,latin_realword_pickaxe.png,latin,word,pickaxe,22,balanced,word,word,TRUE,769,0.769
1,35,latin_nonword_cat.png,latin,nonword,cat,22,balanced,nonword,nonword,TRUE,1084,1.084
1,36,latin_nonword_flower.png,latin,nonword,flower,22,balanced,nonword,nonword,TRUE,1637,1.637
1,37,latin_nonword_sea.png,latin,nonword,sea,22,balanced,nonword,nonword,TRUE,1251,1.251
1,38,chinese_nonword_sister.png,chinese,nonword,sister,22,balanced,nonword,nonword,TRUE,1086,1.086
1,39,chinese_nonword_blink.png,chinese,nonword,blink,22,balanced,nonword,nonword,TRUE,685,0.685
1,40,chinese_realword_robe.png,chinese,word,robe,22,balanced,word,word,TRUE,4008,4.008
2,1,latin_nonword_peach.png,latin,nonword,peach,20,English-dominant,nonword,nonword,TRUE,1728.8999999999996,1.7288999999999997
2,2,chinese_nonword_paper.png,chinese,nonword,paper,20,English-dominant,nonword,word,FALSE,921.2000000000008,0.9212000000000008
2,3,latin_nonword_praise.png,latin,nonword,praise,20,English-dominant,nonword,nonword,TRUE,1073.7000000059595,1.0737000000059596
2,4,latin_nonword_good.png,latin,nonword,good,20,English-dominant,nonword,nonword,TRUE,1139.7000000000023,1.1397000000000024
2,5,latin_realword_pat.png,latin,word,pat,20,English-dominant,word,word,TRUE,806.3000000029788,0.8063000000029787
2,6,latin_nonword_tree.png,latin,nonword,tree,20,English-dominant,nonword,nonword,TRUE,851.7000000029802,0.8517000000029802
2,7,chinese_realword_grass.png,chinese,word,grass,20,English-dominant,word,word,TRUE,882.5,0.8825
2,8,chinese_realword_sand.png,chinese,word,sand,20,English-dominant,word,word,TRUE,883.1000000044696,0.8831000000044696
2,9,chinese_realword_blink.png,chinese,word,blink,20,English-dominant,word,word,TRUE,931.2999999999992,0.9312999999999992
2,10,chinese_realword_prawn.png,chinese,word,prawn,20,English-dominant,word,word,TRUE,811.4000000059605,0.8114000000059605
2,11,chinese_nonword_pickaxe.png,chinese,nonword,pickaxe,20,English-dominant,nonword,nonword,TRUE,726.9000000000087,0.7269000000000088
2,12,latin_realword_pinch.png,latin,word,pinch,20,English-dominant,word,word,TRUE,1842.3000000044703,1.8423000000044705
2,13,chinese_nonword_wet.png,chinese,nonword,wet,20,English-dominant,nonword,word,FALSE,1221.699999999997,1.2216999999999971
2,14,chinese_realword_eat.png,chinese,word,eat,20,English-dominant,word,word,TRUE,945.3999999999942,0.945399999999994
2,15,latin_realword_cat.png,latin,word,cat,20,English-dominant,word,word,TRUE,848.0000000014916,0.8480000000014916
2,16,chinese_nonword_brain.png,chinese,nonword,brain,20,English-dominant,nonword,word,FALSE,991.500000005959,0.9915000000059592
2,17,chinese_nonword_scoop.png,chinese,nonword,scoop,20,English-dominant,nonword,nonword,TRUE,1250.6000000029817,1.2506000000029818
2,18,latin_realword_medicine.png,latin,word,medicine,20,English-dominant,word,word,TRUE,758.8000000044703,0.7588000000044703
2,19,latin_realword_sea.png,latin,word,sea,20,English-dominant,word,word,TRUE,769.7000000000044,0.7697000000000044
2,20,latin_nonword_milk.png,latin,nonword,milk,20,English-dominant,nonword,nonword,TRUE,1893.800000000003,1.8938000000000028
2,21,latin_realword_wine.png,latin,word,wine,20,English-dominant,word,word,TRUE,840.400000001493,0.8404000000014931
2,22,latin_realword_flower.png,latin,word,flower,20,English-dominant,word,word,TRUE,711.9000000029773,0.7119000000029774
2,23,latin_nonword_change.png,latin,nonword,change,20,English-dominant,nonword,nonword,TRUE,1183.5000000044674,1.1835000000044675
2,24,chinese_realword_sister.png,chinese,word,sister,20,English-dominant,word,word,TRUE,2555.500000004467,2.555500000004467
2,25,latin_realword_tea.png,latin,word,tea,20,English-dominant,word,word,TRUE,1057.0000000059665,1.0570000000059665
2,26,chinese_nonword_lean.png,chinese,nonword,lean,20,English-dominant,nonword,nonword,TRUE,1831.7000000059631,1.8317000000059631
2,27,latin_nonword_robe.png,latin,nonword,robe,20,English-dominant,nonword,nonword,TRUE,795.0000000029831,0.7950000000029831
2,28,latin_nonword_shave.png,latin,nonword,shave,20,English-dominant,nonword,nonword,TRUE,1192.5000000014843,1.1925000000014845
2,29,chinese_nonword_home.png,chinese,nonword,home,20,English-dominant,nonword,nonword,TRUE,2264.300000000003,2.264300000000003
2,30,chinese_nonword_sisterinlaw.png,chinese,nonword,sisterinlaw,20,English-dominant,nonword,nonword,TRUE,2152.300000005954,2.1523000000059542
2,31,chinese_realword_wealth.png,chinese,word,wealth,20,English-dominant,word,word,TRUE,3581.400000004476,3.5814000000044763
2,32,chinese_realword_keen.png,chinese,word,keen,20,English-dominant,word,nonword,FALSE,3002.0000000000146,3.0020000000000144
2,33,chinese_realword_morning.png,chinese,word,morning,20,English-dominant,word,word,TRUE,2784.5,2.7845
2,34,chinese_nonword_feed.png,chinese,nonword,feed,20,English-dominant,nonword,nonword,TRUE,427.0999999999767,0.4270999999999767
2,35,chinese_realword_pearl.png,chinese,word,pearl,20,English-dominant,word,word,TRUE,6042.10000000149,6.04210000000149
2,36,latin_nonword_bag.png,latin,nonword,bag,20,English-dominant,nonword,nonword,TRUE,2719.100000005972,2.719100000005972
2,37,latin_realword_put.png,latin,word,put,20,English-dominant,word,word,TRUE,753.4000000059605,0.7534000000059604
2,38,latin_realword_invite.png,latin,word,invite,20,English-dominant,word,word,TRUE,835.300000002986,0.8353000000029861
2,39,latin_nonword_island.png,latin,nonword,island,20,English-dominant,nonword,nonword,TRUE,794.8999999999942,0.7948999999999942
2,40,chinese_nonword_pull.png,chinese,nonword,pull,20,English-dominant,nonword,nonword,TRUE,1502.7999999999884,1.5027999999999884
3,1,chinese_realword_scoop.png,chinese,word,scoop,18,balanced,word,word,TRUE,1050,1.05
3,2,chinese_realword_pull.png,chinese,word,pull,18,balanced,word,word,TRUE,1101,1.101
3,3,chinese_realword_paper.png,chinese,word,paper,18,balanced,word,word,TRUE,683,0.683
3,4,latin_realword_tree.png,latin,word,tree,18,balanced,word,nonword,FALSE,1635,1.635
3,5,latin_nonword_prawn.png,latin,nonword,prawn,18,balanced,nonword,word,FALSE,1033,1.033
3,6,chinese_nonword_pinch.png,chinese,nonword,pinch,18,balanced,nonword,word,FALSE,1500,1.5
3,7,chinese_realword_brain.png,chinese,word,brain,18,balanced,word,word,TRUE,934,0.934
3,8,latin_realword_change.png,latin,word,change,18,balanced,word,word,TRUE,2486,2.486
3,9,chinese_realword_home.png,chinese,word,home,18,balanced,word,word,TRUE,1535,1.535
3,10,chinese_nonword_pat.png,chinese,nonword,pat,18,balanced,nonword,nonword,TRUE,1617,1.617
3,11,latin_realword_good.png,latin,word,good,18,balanced,word,word,TRUE,1835,1.835
3,12,chinese_nonword_wine.png,chinese,nonword,wine,18,balanced,nonword,nonword,TRUE,1435,1.435
3,13,latin_nonword_pearl.png,latin,nonword,pearl,18,balanced,nonword,nonword,TRUE,885,0.885
3,14,latin_nonword_blink.png,latin,nonword,blink,18,balanced,nonword,nonword,TRUE,1485,1.485
3,15,latin_realword_shave.png,latin,word,shave,18,balanced,word,word,TRUE,918,0.918
3,16,latin_realword_island.png,latin,word,island,18,balanced,word,word,TRUE,851,0.851
3,17,latin_realword_praise.png,latin,word,praise,18,balanced,word,nonword,FALSE,1652,1.652
3,18,chinese_nonword_put.png,chinese,nonword,put,18,balanced,nonword,nonword,TRUE,3303,3.303
3,19,latin_realword_milk.png,latin,word,milk,18,balanced,word,word,TRUE,2985,2.985
3,20,latin_nonword_keen.png,latin,nonword,keen,18,balanced,nonword,nonword,TRUE,850,0.85
3,21,latin_nonword_sister.png,latin,nonword,sister,18,balanced,nonword,nonword,TRUE,751,0.751
3,22,latin_nonword_morning.png,latin,nonword,morning,18,balanced,nonword,nonword,TRUE,1919,1.919
3,23,latin_nonword_eat.png,latin,nonword,eat,18,balanced,nonword,nonword,TRUE,933,0.933
3,24,chinese_nonword_medicine.png,chinese,nonword,medicine,18,balanced,nonword,nonword,TRUE,1668,1.668
3,25,chinese_nonword_tea.png,chinese,nonword,tea,18,balanced,nonword,nonword,TRUE,950,0.95
3,26,chinese_realword_feed.png,chinese,word,feed,18,balanced,word,word,TRUE,1068,1.068
3,27,chinese_realword_sisterinlaw.png,chinese,word,sisterinlaw,18,balanced,word,word,TRUE,851,0.851
3,28,chinese_nonword_cat.png,chinese,nonword,cat,18,balanced,nonword,word,FALSE,1051,1.051
3,29,chinese_nonword_flower.png,chinese,nonword,flower,18,balanced,nonword,nonword,TRUE,1785,1.785
3,30,chinese_realword_wet.png,chinese,word,wet,18,balanced,word,word,TRUE,884,0.884
3,31,latin_nonword_grass.png,latin,nonword,grass,18,balanced,nonword,nonword,TRUE,1734,1.734
3,32,latin_nonword_sand.png,latin,nonword,sand,18,balanced,nonword,nonword,TRUE,901,0.901
3,33,latin_realword_robe.png,latin,word,robe,18,balanced,word,word,TRUE,1468,1.468
3,34,chinese_realword_pickaxe.png,chinese,word,pickaxe,18,balanced,word,word,TRUE,4421,4.421
3,35,latin_nonword_wealth.png,latin,nonword,wealth,18,balanced,nonword,nonword,TRUE,1185,1.185
3,36,latin_realword_bag.png,latin,word,bag,18,balanced,word,nonword,FALSE,2752,2.752
3,37,chinese_nonword_sea.png,chinese,nonword,sea,18,balanced,nonword,nonword,TRUE,1167,1.167
3,38,chinese_nonword_invite.png,chinese,nonword,invite,18,balanced,nonword,nonword,TRUE,2434,2.434
3,39,latin_realword_peach.png,latin,word,peach,18,balanced,word,word,TRUE,1885,1.885
3,40,chinese_realword_lean.png,chinese,word,lean,18,balanced,word,nonword,FALSE,2836,2.836
4,1,chinese_nonword_invite.png,chinese,nonword,invite,24,uncoded,nonword,nonword,TRUE,2764.5,2.7645
4,2,chinese_realword_lean.png,chinese,word,lean,24,uncoded,word,word,TRUE,1251.7000000119206,1.2517000000119205
4,3,latin_nonword_grass.png,latin,nonword,grass,24,uncoded,nonword,nonword,TRUE,2393.100000000002,2.3931000000000022
4,4,latin_realword_robe.png,latin,word,robe,24,uncoded,word,word,TRUE,1077.800000000003,1.077800000000003
4,5,latin_realword_peach.png,latin,word,peach,24,uncoded,word,word,TRUE,1144.9000000000017,1.1449000000000016
4,6,latin_nonword_sand.png,latin,nonword,sand,24,uncoded,nonword,word,FALSE,2151.5,2.1515
4,7,latin_nonword_eat.png,latin,nonword,eat,24,uncoded,nonword,nonword,TRUE,1319.5000000119217,1.3195000000119217
4,8,chinese_nonword_tea.png,chinese,nonword,tea,24,uncoded,nonword,nonword,TRUE,2017.2000000238404,2.0172000000238404
4,9,latin_nonword_wealth.png,latin,nonword,wealth,24,uncoded,nonword,nonword,TRUE,2449.5999999999985,2.4495999999999984
4,10,chinese_nonword_flower.png,chinese,nonword,flower,24,uncoded,nonword,nonword,TRUE,2875.5000000238433,2.8755000000238433
4,11,latin_realword_bag.png,latin,word,bag,24,uncoded,word,word,TRUE,1311.0999999999983,1.3110999999999984
4,12,chinese_nonword_sea.png,chinese,nonword,sea,24,uncoded,nonword,nonword,TRUE,4284.5999999999985,4.284599999999998
4,13,latin_nonword_sister.png,latin,nonword,sister,24,uncoded,nonword,word,FALSE,1456.5,1.4565
4,14,latin_nonword_morning.png,latin,nonword,morning,24,uncoded,nonword,nonword,TRUE,1499.0999999880803,1.4990999999880803
4,15,chinese_realword_pickaxe.png,chinese,word,pickaxe,24,uncoded,word,word,TRUE,1218.4000000000017,1.2184000000000017
4,16,chinese_realword_feed.png,chinese,word,feed,24,uncoded,word,word,TRUE,1098.0999999761552,1.0980999999761551
4,17,chinese_nonword_medicine.png,chinese,nonword,medicine,24,uncoded,nonword,nonword,TRUE,1400.4999999999854,1.4004999999999854
4,18,chinese_nonword_cat.png,chinese,nonword,cat,24,uncoded,nonword,word,FALSE,1009.3000000000028,1.0093000000000028
4,19,chinese_realword_sisterinlaw.png,chinese,word,sisterinlaw,24,uncoded,word,word,TRUE,989.1000000000058,0.989100000000006
4,20,chinese_realword_wet.png,chinese,word,wet,24,uncoded,word,word,TRUE,859.9000000119267,0.8599000000119268
4,21,chinese_realword_pull.png,chinese,word,pull,24,uncoded,word,word,TRUE,865.9000000000087,0.8659000000000088
4,22,chinese_nonword_pat.png,chinese,nonword,pat,24,uncoded,nonword,word,FALSE,3961.9000000000087,3.961900000000009
4,23,chinese_realword_scoop.png,chinese,word,scoop,24,uncoded,word,word,TRUE,974.1999999999972,0.9741999999999972
4,24,latin_realword_praise.png,latin,word,praise,24,uncoded,word,nonword,FALSE,1234.1999999999823,1.2341999999999822
4,25,latin_nonword_keen.png,latin,nonword,keen,24,uncoded,nonword,word,FALSE,2785.199999976161,2.785199999976161
4,26,latin_nonword_prawn.png,latin,nonword,prawn,24,uncoded,nonword,word,FALSE,3014.199999999997,3.014199999999997
4,27,chinese_nonword_wine.png,chinese,nonword,wine,24,uncoded,nonword,nonword,TRUE,1467.4000000000087,1.4674000000000087
4,28,chinese_realword_paper.png,chinese,word,paper,24,uncoded,word,word,TRUE,900.6999999999971,0.9006999999999971
4,29,latin_realword_milk.png,latin,word,milk,24,uncoded,word,word,TRUE,1540.199999999997,1.5401999999999971
4,30,latin_realword_good.png,latin,word,good,24,uncoded,word,word,TRUE,1424.3999999999942,1.424399999999994
4,31,chinese_nonword_pinch.png,chinese,nonword,pinch,24,uncoded,nonword,nonword,TRUE,1850.0999999880733,1.8500999999880732
4,32,latin_realword_shave.png,latin,word,shave,24,uncoded,word,word,TRUE,888.199999976161,0.8881999999761611
4,33,chinese_realword_brain.png,chinese,word,brain,24,uncoded,word,word,TRUE,955.3999999880762,0.955399999988076
4,34,latin_nonword_pearl.png,latin,nonword,pearl,24,uncoded,nonword,nonword,TRUE,1533.100000023842,1.5331000000238422
4,35,latin_realword_island.png,latin,word,island,24,uncoded,word,word,TRUE,1485.499999976164,1.485499999976164
4,36,latin_realword_tree.png,latin,word,tree,24,uncoded,word,word,TRUE,908.1000000000058,0.9081000000000058
4,37,chinese_nonword_put.png,chinese,nonword,put,24,uncoded,nonword,nonword,TRUE,1550.5999999761698,1.5505999999761697
4,38,latin_nonword_blink.png,latin,nonword,blink,24,uncoded,nonword,nonword,TRUE,1406.0999999880733,1.4060999999880732
4,39,latin_realword_change.png,latin,word,change,24,uncoded,word,word,TRUE,1322.8000000000177,1.3228000000000175
4,40,chinese_realword_home.png,chinese,word,home,24,uncoded,word,word,TRUE,1033,1.033
5,1,latin_nonword_scoop.png,latin,nonword,scoop,22,English-dominant,nonword,nonword,TRUE,865,0.865
5,2,latin_nonword_lean.png,latin,nonword,lean,22,English-dominant,nonword,nonword,TRUE,867,0.867
5,3,chinese_nonword_praise.png,chinese,nonword,praise,22,English-dominant,nonword,nonword,TRUE,2295,2.295
5,4,latin_realword_sand.png,latin,word,sand,22,English-dominant,word,word,TRUE,823,0.823
5,5,chinese_nonword_robe.png,chinese,nonword,robe,22,English-dominant,nonword,word,FALSE,1597,1.597
5,6,chinese_nonword_milk.png,chinese,nonword,milk,22,English-dominant,nonword,word,FALSE,2795,2.795
5,7,latin_realword_prawn.png,latin,word,prawn,22,English-dominant,word,word,TRUE,865,0.865
5,8,latin_nonword_brain.png,latin,nonword,brain,22,English-dominant,nonword,nonword,TRUE,690,0.69
5,9,latin_realword_pearl.png,latin,word,pearl,22,English-dominant,word,word,TRUE,633,0.633
5,10,chinese_realword_cat.png,chinese,word,cat,22,English-dominant,word,word,TRUE,1133,1.133
5,11,latin_nonword_home.png,latin,nonword,home,22,English-dominant,nonword,nonword,TRUE,1755,1.755
5,12,latin_nonword_paper.png,latin,nonword,paper,22,English-dominant,nonword,nonword,TRUE,758,0.758
5,13,latin_nonword_feed.png,latin,nonword,feed,22,English-dominant,nonword,nonword,TRUE,2130,2.13
5,14,latin_nonword_pull.png,latin,nonword,pull,22,English-dominant,nonword,nonword,TRUE,733,0.733
5,15,latin_realword_blink.png,latin,word,blink,22,English-dominant,word,word,TRUE,599,0.599
5,16,chinese_nonword_shave.png,chinese,nonword,shave,22,English-dominant,nonword,word,FALSE,1089,1.089
5,17,latin_nonword_wet.png,latin,nonword,wet,22,English-dominant,nonword,nonword,TRUE,790,0.79
5,18,chinese_nonword_good.png,chinese,nonword,good,22,English-dominant,nonword,word,FALSE,767,0.767
5,19,latin_nonword_sisterinlaw.png,latin,nonword,sisterinlaw,22,English-dominant,nonword,nonword,TRUE,599,0.599
5,20,chinese_realword_pat.png,chinese,word,pat,22,English-dominant,word,word,TRUE,633,0.633
5,21,latin_realword_sister.png,latin,word,sister,22,English-dominant,word,word,TRUE,757,0.757
5,22,latin_realword_morning.png,latin,word,morning,22,English-dominant,word,word,TRUE,624,0.624
5,23,chinese_realword_invite.png,chinese,word,invite,22,English-dominant,word,word,TRUE,600,0.6
5,24,chinese_realword_pinch.png,chinese,word,pinch,22,English-dominant,word,word,TRUE,657.0000000000146,0.6570000000000146
5,25,chinese_realword_wine.png,chinese,word,wine,22,English-dominant,word,word,TRUE,566,0.566
5,26,latin_realword_eat.png,latin,word,eat,22,English-dominant,word,word,TRUE,791,0.791
5,27,chinese_nonword_island.png,chinese,nonword,island,22,English-dominant,nonword,nonword,TRUE,1788,1.788
5,28,chinese_realword_flower.png,chinese,word,flower,22,English-dominant,word,word,TRUE,599,0.599
5,29,chinese_nonword_bag.png,chinese,nonword,bag,22,English-dominant,nonword,nonword,TRUE,2131,2.131
5,30,chinese_realword_sea.png,chinese,word,sea,22,English-dominant,word,word,TRUE,691,0.691
5,31,latin_nonword_pickaxe.png,latin,nonword,pickaxe,22,English-dominant,nonword,nonword,TRUE,656,0.656
5,32,chinese_nonword_tree.png,chinese,nonword,tree,22,English-dominant,nonword,nonword,TRUE,1423.0000000000146,1.4230000000000145
5,33,latin_realword_keen.png,latin,word,keen,22,English-dominant,word,word,TRUE,998,0.998
5,34,chinese_realword_medicine.png,chinese,word,medicine,22,English-dominant,word,word,TRUE,724,0.724
5,35,chinese_realword_put.png,chinese,word,put,22,English-dominant,word,word,TRUE,690.0000000000146,0.6900000000000146
5,36,chinese_nonword_peach.png,chinese,nonword,peach,22,English-dominant,nonword,nonword,TRUE,790,0.79
5,37,chinese_nonword_change.png,chinese,nonword,change,22,English-dominant,nonword,nonword,TRUE,1464,1.464
5,38,chinese_realword_tea.png,chinese,word,tea,22,English-dominant,word,word,TRUE,690,0.69
5,39,latin_realword_wealth.png,latin,word,wealth,22,English-dominant,word,word,TRUE,690.0000000000146,0.6900000000000146
5,40,latin_realword_grass.png,latin,word,grass,22,English-dominant,word,word,TRUE,789,0.789
6,1,chinese_nonword_wet.png,chinese,nonword,wet,32,balanced,nonword,nonword,TRUE,1651,1.651
6,2,latin_nonword_milk.png,latin,nonword,milk,32,balanced,nonword,nonword,TRUE,1499,1.499
6,3,latin_realword_cat.png,latin,word,cat,32,balanced,word,word,TRUE,1051,1.051
6,4,latin_realword_pinch.png,latin,word,pinch,32,balanced,word,word,TRUE,3433,3.433
6,5,latin_nonword_peach.png,latin,nonword,peach,32,balanced,nonword,nonword,TRUE,1018,1.018
6,6,latin_nonword_praise.png,latin,nonword,praise,32,balanced,nonword,nonword,TRUE,1384,1.384
6,7,chinese_realword_prawn.png,chinese,word,prawn,32,balanced,word,word,TRUE,967,0.967
6,8,latin_nonword_tree.png,latin,nonword,tree,32,balanced,nonword,nonword,TRUE,816,0.816
6,9,latin_nonword_good.png,latin,nonword,good,32,balanced,nonword,nonword,TRUE,834,0.834
6,10,chinese_nonword_brain.png,chinese,nonword,brain,32,balanced,nonword,nonword,TRUE,1366,1.366
6,11,latin_realword_pat.png,latin,word,pat,32,balanced,word,word,TRUE,1232,1.232
6,12,chinese_realword_blink.png,chinese,word,blink,32,balanced,word,word,TRUE,2717,2.717
6,13,chinese_realword_grass.png,chinese,word,grass,32,balanced,word,word,TRUE,751,0.751
6,14,chinese_realword_sand.png,chinese,word,sand,32,balanced,word,word,TRUE,567,0.567
6,15,latin_realword_sea.png,latin,word,sea,32,balanced,word,word,TRUE,699,0.699
6,16,chinese_nonword_pickaxe.png,chinese,nonword,pickaxe,32,balanced,nonword,nonword,TRUE,1651,1.651
6,17,chinese_nonword_paper.png,chinese,nonword,paper,32,balanced,nonword,nonword,TRUE,801,0.801
6,18,latin_realword_medicine.png,latin,word,medicine,32,balanced,word,word,TRUE,1649,1.649
6,19,chinese_realword_eat.png,chinese,word,eat,32,balanced,word,word,TRUE,518,0.518
6,20,chinese_nonword_scoop.png,chinese,nonword,scoop,32,balanced,nonword,nonword,TRUE,917,0.917
6,21,latin_realword_flower.png,latin,word,flower,32,balanced,word,word,TRUE,1351,1.351
6,22,chinese_realword_pearl.png,chinese,word,pearl,32,balanced,word,word,TRUE,667,0.667
6,23,latin_nonword_robe.png,latin,nonword,robe,32,balanced,nonword,nonword,TRUE,834,0.834
6,24,latin_nonword_shave.png,latin,nonword,shave,32,balanced,nonword,nonword,TRUE,1016,1.016
6,25,latin_nonword_island.png,latin,nonword,island,32,balanced,nonword,nonword,TRUE,901,0.901
6,26,latin_realword_invite.png,latin,word,invite,32,balanced,word,word,TRUE,1016,1.016
6,27,latin_realword_wine.png,latin,word,wine,32,balanced,word,word,TRUE,616,0.616
6,28,chinese_nonword_home.png,chinese,nonword,home,32,balanced,nonword,nonword,TRUE,783,0.783
6,29,latin_realword_tea.png,latin,word,tea,32,balanced,word,word,TRUE,633,0.633
6,30,chinese_realword_keen.png,chinese,word,keen,32,balanced,word,word,TRUE,766,0.766
6,31,chinese_realword_sister.png,chinese,word,sister,32,balanced,word,word,TRUE,651,0.651
6,32,chinese_nonword_pull.png,chinese,nonword,pull,32,balanced,nonword,nonword,TRUE,784,0.784
6,33,chinese_realword_morning.png,chinese,word,morning,32,balanced,word,word,TRUE,6952,6.952
6,34,chinese_realword_wealth.png,chinese,word,wealth,32,balanced,word,word,TRUE,584,0.584
6,35,latin_nonword_change.png,latin,nonword,change,32,balanced,nonword,word,FALSE,551,0.551
6,36,latin_nonword_bag.png,latin,nonword,bag,32,balanced,nonword,nonword,TRUE,1034,1.034
6,37,chinese_nonword_lean.png,chinese,nonword,lean,32,balanced,nonword,nonword,TRUE,816,0.816
6,38,chinese_nonword_feed.png,chinese,nonword,feed,32,balanced,nonword,nonword,TRUE,851,0.851
6,39,latin_realword_put.png,latin,word,put,32,balanced,word,word,TRUE,934,0.934
6,40,chinese_nonword_sisterinlaw.png,chinese,nonword,sisterinlaw,32,balanced,nonword,nonword,TRUE,799,0.799
7,1,chinese_realword_pinch.png,chinese,word,pinch,25,Chinese-family-dominant,word,word,TRUE,1311.5999998092666,1.311599999809267
7,2,chinese_nonword_island.png,chinese,nonword,island,25,Chinese-family-dominant,nonword,nonword,TRUE,1201.8999999046318,1.2018999999046318
7,3,chinese_realword_put.png,chinese,word,put,25,Chinese-family-dominant,word,word,TRUE,1183.4999999999964,1.1834999999999964
7,4,chinese_realword_tea.png,chinese,word,tea,25,Chinese-family-dominant,word,word,TRUE,1724.0999998092666,1.7240999998092663
7,5,chinese_nonword_bag.png,chinese,nonword,bag,25,Chinese-family-dominant,nonword,nonword,TRUE,1539.4999999999964,1.5394999999999963
7,6,chinese_realword_wine.png,chinese,word,wine,25,Chinese-family-dominant,word,word,TRUE,1025.3999997138962,1.0253999997138965
7,7,chinese_nonword_tree.png,chinese,nonword,tree,25,Chinese-family-dominant,nonword,nonword,TRUE,2599.8999999046355,2.5998999999046353
7,8,latin_realword_keen.png,latin,word,keen,25,Chinese-family-dominant,word,word,TRUE,1835.9999996185288,1.8359999996185288
7,9,latin_realword_morning.png,latin,word,morning,25,Chinese-family-dominant,word,word,TRUE,875.5999999999985,0.8755999999999985
7,10,chinese_realword_invite.png,chinese,word,invite,25,Chinese-family-dominant,word,word,TRUE,743.7999999046297,0.7437999999046296
7,11,latin_realword_grass.png,latin,word,grass,25,Chinese-family-dominant,word,word,TRUE,1236.5999996185274,1.2365999996185273
7,12,latin_nonword_pickaxe.png,latin,nonword,pickaxe,25,Chinese-family-dominant,nonword,nonword,TRUE,1519.9000000000017,1.5199000000000016
7,13,chinese_realword_medicine.png,chinese,word,medicine,25,Chinese-family-dominant,word,word,TRUE,1038.3999998092622,1.038399999809262
7,14,chinese_realword_sea.png,chinese,word,sea,25,Chinese-family-dominant,word,word,TRUE,1576.999999809268,1.576999999809268
7,15,latin_realword_sister.png,latin,word,sister,25,Chinese-family-dominant,word,word,TRUE,1155.199999999997,1.1551999999999971
7,16,chinese_realword_flower.png,chinese,word,flower,25,Chinese-family-dominant,word,word,TRUE,1125.999999618536,1.125999999618536
7,17,chinese_nonword_change.png,chinese,nonword,change,25,Chinese-family-dominant,nonword,nonword,TRUE,1343.2999999046297,1.3432999999046296
7,18,latin_realword_eat.png,latin,word,eat,25,Chinese-family-dominant,word,word,TRUE,1086.8999999046357,1.0868999999046358
7,19,latin_realword_wealth.png,latin,word,wealth,25,Chinese-family-dominant,word,word,TRUE,845.299999809271,0.845299999809271
7,20,chinese_nonword_peach.png,chinese,nonword,peach,25,Chinese-family-dominant,nonword,nonword,TRUE,1296.9999997138948,1.2969999997138948
7,21,latin_nonword_scoop.png,latin,nonword,scoop,25,Chinese-family-dominant,nonword,word,FALSE,1190.8999999999796,1.1908999999999796
7,22,chinese_nonword_milk.png,chinese,nonword,milk,25,Chinese-family-dominant,nonword,nonword,TRUE,909.6999996185332,0.9096999996185332
7,23,latin_nonword_lean.png,latin,nonword,lean,25,Chinese-family-dominant,nonword,nonword,TRUE,1994.4999999046267,1.994499999904627
7,24,chinese_nonword_robe.png,chinese,nonword,robe,25,Chinese-family-dominant,nonword,nonword,TRUE,1386.1999996185332,1.3861999996185332
7,25,chinese_nonword_shave.png,chinese,nonword,shave,25,Chinese-family-dominant,nonword,nonword,TRUE,1556.2999996185245,1.5562999996185245
7,26,latin_realword_sand.png,latin,word,sand,25,Chinese-family-dominant,word,word,TRUE,700.1000000000058,0.7001000000000058
7,27,latin_nonword_wet.png,latin,nonword,wet,25,Chinese-family-dominant,nonword,nonword,TRUE,841.4999997138948,0.8414999997138948
7,28,latin_nonword_feed.png,latin,nonword,feed,25,Chinese-family-dominant,nonword,nonword,TRUE,1183.5999997139006,1.1835999997139006
7,29,latin_nonword_home.png,latin,nonword,home,25,Chinese-family-dominant,nonword,nonword,TRUE,1238.299999809271,1.238299999809271
7,30,latin_realword_blink.png,latin,word,blink,25,Chinese-family-dominant,word,word,TRUE,818.6000000000058,0.8186000000000058
7,31,latin_nonword_brain.png,latin,nonword,brain,25,Chinese-family-dominant,nonword,nonword,TRUE,1039.799999809271,1.0397999998092708
7,32,chinese_realword_cat.png,chinese,word,cat,25,Chinese-family-dominant,word,word,TRUE,712.2999996185245,0.7122999996185244
7,33,latin_realword_prawn.png,latin,word,prawn,25,Chinese-family-dominant,word,word,TRUE,834.8999997139035,0.8348999997139035
7,34,chinese_nonword_praise.png,chinese,nonword,praise,25,Chinese-family-dominant,nonword,nonword,TRUE,1101.0999999999913,1.1010999999999913
7,35,chinese_nonword_good.png,chinese,nonword,good,25,Chinese-family-dominant,nonword,nonword,TRUE,1575.7999997138977,1.5757999997138976
7,36,latin_nonword_paper.png,latin,nonword,paper,25,Chinese-family-dominant,nonword,nonword,TRUE,947.5,0.9475
7,37,latin_nonword_sisterinlaw.png,latin,nonword,sisterinlaw,25,Chinese-family-dominant,nonword,nonword,TRUE,1351.1999999046384,1.3511999999046385
7,38,chinese_realword_pat.png,chinese,word,pat,25,Chinese-family-dominant,word,word,TRUE,1000.0999999046326,1.0000999999046325
7,39,latin_realword_pearl.png,latin,word,pearl,25,Chinese-family-dominant,word,word,TRUE,751.0999996185419,0.7510999996185419
7,40,latin_nonword_pull.png,latin,nonword,pull,25,Chinese-family-dominant,nonword,nonword,TRUE,828.5,0.8285
8,1,latin_nonword_put.png,latin,nonword,put,18,English-dominant,nonword,nonword,TRUE,983,0.983
8,2,chinese_nonword_prawn.png,chinese,nonword,prawn,18,English-dominant,nonword,word,FALSE,2051,2.051
8,3,latin_nonword_pinch.png,latin,nonword,pinch,18,English-dominant,nonword,word,FALSE,2866,2.866
8,4,chinese_realword_peach.png,chinese,word,peach,18,English-dominant,word,word,TRUE,1583,1.583
8,5,chinese_nonword_grass.png,chinese,nonword,grass,18,English-dominant,nonword,nonword,TRUE,1433,1.433
8,6,latin_realword_feed.png,latin,word,feed,18,English-dominant,word,word,TRUE,1034,1.034
8,7,latin_realword_wet.png,latin,word,wet,18,English-dominant,word,word,TRUE,784,0.784
8,8,latin_realword_sisterinlaw.png,latin,word,sisterinlaw,18,English-dominant,word,nonword,FALSE,9367,9.367
8,9,latin_nonword_pat.png,latin,nonword,pat,18,English-dominant,nonword,nonword,TRUE,2133,2.133
8,10,chinese_realword_change.png,chinese,word,change,18,English-dominant,word,word,TRUE,868,0.868
8,11,chinese_realword_praise.png,chinese,word,praise,18,English-dominant,word,word,TRUE,832,0.832
8,12,latin_realword_home.png,latin,word,home,18,English-dominant,word,word,TRUE,1633,1.633
8,13,chinese_nonword_eat.png,chinese,nonword,eat,18,English-dominant,nonword,nonword,TRUE,6417,6.417
8,14,latin_realword_scoop.png,latin,word,scoop,18,English-dominant,word,word,TRUE,1751,1.751
8,15,chinese_nonword_morning.png,chinese,nonword,morning,18,English-dominant,nonword,nonword,TRUE,4033,4.033
8,16,chinese_realword_bag.png,chinese,word,bag,18,English-dominant,word,word,TRUE,2018,2.018
8,17,chinese_realword_shave.png,chinese,word,shave,18,English-dominant,word,word,TRUE,1384,1.384
8,18,latin_realword_paper.png,latin,word,paper,18,English-dominant,word,word,TRUE,700,0.7
8,19,chinese_nonword_sand.png,chinese,nonword,sand,18,English-dominant,nonword,nonword,TRUE,1001,1.001
8,20,latin_realword_brain.png,latin,word,brain,18,English-dominant,word,word,TRUE,2917,2.917
8,21,latin_nonword_wine.png,latin,nonword,wine,18,English-dominant,nonword,word,FALSE,2268,2.268
8,22,latin_realword_pull.png,latin,word,pull,18,English-dominant,word,word,TRUE,1334,1.334
8,23,chinese_realword_robe.png,chinese,word,robe,18,English-dominant,word,word,TRUE,1400,1.4
8,24,latin_realword_lean.png,latin,word,lean,18,English-dominant,word,word,TRUE,1134,1.134
8,25,chinese_realword_island.png,chinese,word,island,18,English-dominant,word,nonword,FALSE,8367,8.367
8,26,latin_nonword_tea.png,latin,nonword,tea,18,English-dominant,nonword,nonword,TRUE,3785,3.785
8,27,latin_realword_pickaxe.png,latin,word,pickaxe,18,English-dominant,word,word,TRUE,682,0.682
8,28,latin_nonword_sea.png,latin,nonword,sea,18,English-dominant,nonword,nonword,TRUE,2468,2.468
8,29,chinese_nonword_sister.png,chinese,nonword,sister,18,English-dominant,nonword,nonword,TRUE,2351,2.351
8,30,chinese_realword_good.png,chinese,word,good,18,English-dominant,word,word,TRUE,1067,1.067
8,31,chinese_nonword_keen.png,chinese,nonword,keen,18,English-dominant,nonword,word,FALSE,9352,9.352
8,32,chinese_nonword_wealth.png,chinese,nonword,wealth,18,English-dominant,nonword,nonword,TRUE,3784,3.784
8,33,latin_nonword_medicine.png,latin,nonword,medicine,18,English-dominant,nonword,word,FALSE,2034,2.034
8,34,latin_nonword_invite.png,latin,nonword,invite,18,English-dominant,nonword,nonword,TRUE,1901,1.901
8,35,chinese_realword_tree.png,chinese,word,tree,18,English-dominant,word,word,TRUE,832,0.832
8,36,latin_nonword_cat.png,latin,nonword,cat,18,English-dominant,nonword,nonword,TRUE,2935,2.935
8,37,chinese_nonword_pearl.png,chinese,nonword,pearl,18,English-dominant,nonword,word,FALSE,1667,1.667
8,38,chinese_nonword_blink.png,chinese,nonword,blink,18,English-dominant,nonword,word,FALSE,4166,4.166
8,39,chinese_realword_milk.png,chinese,word,milk,18,English-dominant,word,word,TRUE,867,0.867
8,40,latin_nonword_flower.png,latin,nonword,flower,18,English-dominant,nonword,nonword,TRUE,699,0.699
9,1,latin_realword_bag.png,latin,word,bag,19,English-dominant,word,word,TRUE,841.6280000000006,0.8416280000000006
9,2,chinese_realword_lean.png,chinese,word,lean,19,English-dominant,word,nonword,FALSE,1457.8399999046324,1.4578399999046323
9,3,chinese_realword_wet.png,chinese,word,wet,19,English-dominant,word,word,TRUE,1142.2099999999991,1.142209999999999
9,4,latin_nonword_sister.png,latin,nonword,sister,19,English-dominant,nonword,nonword,TRUE,808.0339998092641,0.808033999809264
9,5,latin_nonword_wealth.png,latin,nonword,wealth,19,English-dominant,nonword,nonword,TRUE,1856.5449998092663,1.8565449998092665
9,6,chinese_realword_sisterinlaw.png,chinese,word,sisterinlaw,19,English-dominant,word,word,TRUE,924.9309999046308,0.9249309999046308
9,7,latin_nonword_sand.png,latin,nonword,sand,19,English-dominant,nonword,nonword,TRUE,790.7129999046338,0.7907129999046337
9,8,latin_nonword_grass.png,latin,nonword,grass,19,English-dominant,nonword,nonword,TRUE,1007.9149999046311,1.007914999904631
9,9,chinese_nonword_medicine.png,chinese,nonword,medicine,19,English-dominant,nonword,nonword,TRUE,1027.066999952316,1.027066999952316
9,10,chinese_nonword_sea.png,chinese,nonword,sea,19,English-dominant,nonword,nonword,TRUE,842.5529999999999,0.8425529999999999
9,11,chinese_realword_pickaxe.png,chinese,word,pickaxe,19,English-dominant,word,nonword,FALSE,4874.964999952317,4.874964999952317
9,12,latin_realword_peach.png,latin,word,peach,19,English-dominant,word,word,TRUE,1074.7829999046298,1.07478299990463
9,13,latin_realword_robe.png,latin,word,robe,19,English-dominant,word,word,TRUE,857.8709998569466,0.8578709998569466
9,14,chinese_nonword_invite.png,chinese,nonword,invite,19,English-dominant,nonword,nonword,TRUE,1291.6099999046346,1.2916099999046349
9,15,latin_nonword_morning.png,latin,nonword,morning,19,English-dominant,nonword,nonword,TRUE,2524.339999809265,2.524339999809265
9,16,latin_nonword_eat.png,latin,nonword,eat,19,English-dominant,nonword,nonword,TRUE,691.885999856946,0.691885999856946
9,17,chinese_nonword_tea.png,chinese,nonword,tea,19,English-dominant,nonword,nonword,TRUE,991.8399998092646,0.9918399998092644
9,18,chinese_nonword_flower.png,chinese,nonword,flower,19,English-dominant,nonword,nonword,TRUE,941.2580000000016,0.9412580000000016
9,19,chinese_nonword_cat.png,chinese,nonword,cat,19,English-dominant,nonword,word,FALSE,1824.373999999996,1.824373999999996
9,20,chinese_realword_feed.png,chinese,word,feed,19,English-dominant,word,word,TRUE,1356.1889998569532,1.3561889998569532
9,21,chinese_realword_scoop.png,chinese,word,scoop,19,English-dominant,word,word,TRUE,791.742999904629,0.7917429999046289
9,22,latin_realword_shave.png,latin,word,shave,19,English-dominant,word,word,TRUE,1691.5529999523133,1.6915529999523131
9,23,chinese_realword_brain.png,chinese,word,brain,19,English-dominant,word,word,TRUE,990.9919999999984,0.9909919999999984
9,24,latin_realword_good.png,latin,word,good,19,English-dominant,word,word,TRUE,891.8099998092657,0.8918099998092657
9,25,chinese_nonword_pinch.png,chinese,nonword,pinch,19,English-dominant,nonword,nonword,TRUE,1258.1239998569508,1.258123999856951
9,26,chinese_realword_home.png,chinese,word,home,19,English-dominant,word,word,TRUE,1691.5789999523113,1.6915789999523112
9,27,latin_realword_tree.png,latin,word,tree,19,English-dominant,word,word,TRUE,1124.425000000003,1.124425000000003
9,28,latin_realword_milk.png,latin,word,milk,19,English-dominant,word,word,TRUE,842.1149998569454,0.8421149998569454
9,29,chinese_realword_paper.png,chinese,word,paper,19,English-dominant,word,word,TRUE,823.3940000000002,0.8233940000000002
9,30,chinese_nonword_pat.png,chinese,nonword,pat,19,English-dominant,nonword,nonword,TRUE,908.672000000006,0.908672000000006
9,31,chinese_nonword_wine.png,chinese,nonword,wine,19,English-dominant,nonword,nonword,TRUE,592.0199998569442,0.5920199998569442
9,32,latin_realword_praise.png,latin,word,praise,19,English-dominant,word,word,TRUE,2008.4219998092592,2.008421999809259
9,33,latin_nonword_prawn.png,latin,nonword,prawn,19,English-dominant,nonword,word,FALSE,740.0919999523176,0.7400919999523176
9,34,chinese_realword_pull.png,chinese,word,pull,19,English-dominant,word,word,TRUE,990.799999856943,0.990799999856943
9,35,latin_realword_change.png,latin,word,change,19,English-dominant,word,word,TRUE,724.9179998569452,0.7249179998569453
9,36,chinese_nonword_put.png,chinese,nonword,put,19,English-dominant,nonword,nonword,TRUE,958.3859999999986,0.9583859999999986
9,37,latin_nonword_pearl.png,latin,nonword,pearl,19,English-dominant,nonword,nonword,TRUE,1007.4359999046284,1.0074359999046285
9,38,latin_nonword_keen.png,latin,nonword,keen,19,English-dominant,nonword,nonword,TRUE,724.387999904633,0.724387999904633
9,39,latin_nonword_blink.png,latin,nonword,blink,19,English-dominant,nonword,word,FALSE,2641.961999856954,2.6419619998569543
9,40,latin_realword_island.png,latin,word,island,19,English-dominant,word,word,TRUE,807.3319999999949,0.8073319999999948
10,1,chinese_realword_robe.png,chinese,word,robe,21,English-dominant,word,word,TRUE,1994.0000000000016,1.9940000000000015
10,2,chinese_nonword_wealth.png,chinese,nonword,wealth,21,English-dominant,nonword,nonword,TRUE,5227,5.227
10,3,chinese_realword_milk.png,chinese,word,milk,21,English-dominant,word,word,TRUE,1433,1.433
10,4,chinese_nonword_sister.png,chinese,nonword,sister,21,English-dominant,nonword,nonword,TRUE,1129,1.129
10,5,latin_nonword_medicine.png,latin,nonword,medicine,21,English-dominant,nonword,nonword,TRUE,1696,1.696
10,6,latin_nonword_wine.png,latin,nonword,wine,21,English-dominant,nonword,nonword,TRUE,1964,1.964
10,7,latin_nonword_flower.png,latin,nonword,flower,21,English-dominant,nonword,nonword,TRUE,2199,2.199
10,8,latin_realword_pull.png,latin,word,pull,21,English-dominant,word,word,TRUE,1658,1.658
10,9,latin_realword_lean.png,latin,word,lean,21,English-dominant,word,word,TRUE,961,0.961
10,10,chinese_nonword_blink.png,chinese,nonword,blink,21,English-dominant,nonword,nonword,TRUE,2099,2.099
10,11,chinese_realword_tree.png,chinese,word,tree,21,English-dominant,word,word,TRUE,827,0.827
10,12,chinese_nonword_pearl.png,chinese,nonword,pearl,21,English-dominant,nonword,nonword,TRUE,4467,4.467
10,13,latin_realword_pickaxe.png,latin,word,pickaxe,21,English-dominant,word,word,TRUE,935,0.935
10,14,latin_nonword_sea.png,latin,nonword,sea,21,English-dominant,nonword,nonword,TRUE,1194,1.194
10,15,latin_nonword_cat.png,latin,nonword,cat,21,English-dominant,nonword,nonword,TRUE,3296,3.296
10,16,chinese_realword_good.png,chinese,word,good,21,English-dominant,word,word,TRUE,1326,1.326
10,17,latin_nonword_tea.png,latin,nonword,tea,21,English-dominant,nonword,nonword,TRUE,933,0.933
10,18,chinese_nonword_keen.png,chinese,nonword,keen,21,English-dominant,nonword,nonword,TRUE,1698,1.698
10,19,chinese_realword_island.png,chinese,word,island,21,English-dominant,word,word,TRUE,1027,1.027
10,20,latin_nonword_invite.png,latin,nonword,invite,21,English-dominant,nonword,nonword,TRUE,933,0.933
10,21,chinese_realword_bag.png,chinese,word,bag,21,English-dominant,word,word,TRUE,2259,2.259
10,22,chinese_realword_peach.png,chinese,word,peach,21,English-dominant,word,word,TRUE,1861,1.861
10,23,latin_nonword_put.png,latin,nonword,put,21,English-dominant,nonword,nonword,TRUE,1366,1.366
10,24,latin_realword_home.png,latin,word,home,21,English-dominant,word,word,TRUE,1166,1.166
10,25,latin_realword_sisterinlaw.png,latin,word,sisterinlaw,21,English-dominant,word,word,TRUE,1092,1.092
10,26,latin_realword_wet.png,latin,word,wet,21,English-dominant,word,word,TRUE,728,0.728
10,27,chinese_realword_shave.png,chinese,word,shave,21,English-dominant,word,word,TRUE,2198,2.198
10,28,chinese_nonword_grass.png,chinese,nonword,grass,21,English-dominant,nonword,nonword,TRUE,2226,2.226
10,29,chinese_nonword_morning.png,chinese,nonword,morning,21,English-dominant,nonword,nonword,TRUE,3194,3.194
10,30,chinese_realword_change.png,chinese,word,change,21,English-dominant,word,word,TRUE,1134,1.134
10,31,latin_realword_scoop.png,latin,word,scoop,21,English-dominant,word,word,TRUE,1400,1.4
10,32,chinese_realword_praise.png,chinese,word,praise,21,English-dominant,word,word,TRUE,1733,1.733
10,33,latin_realword_brain.png,latin,word,brain,21,English-dominant,word,word,TRUE,1530,1.53
10,34,latin_realword_feed.png,latin,word,feed,21,English-dominant,word,word,TRUE,860,0.86
10,35,chinese_nonword_sand.png,chinese,nonword,sand,21,English-dominant,nonword,nonword,TRUE,1733,1.733
10,36,latin_nonword_pinch.png,latin,nonword,pinch,21,English-dominant,nonword,nonword,TRUE,3127,3.127
10,37,latin_nonword_pat.png,latin,nonword,pat,21,English-dominant,nonword,nonword,TRUE,5234,5.234
10,38,chinese_nonword_eat.png,chinese,nonword,eat,21,English-dominant,nonword,nonword,TRUE,1900,1.9
10,39,chinese_nonword_prawn.png,chinese,nonword,prawn,21,English-dominant,nonword,nonword,TRUE,3334,3.334
10,40,latin_realword_paper.png,latin,word,paper,21,English-dominant,word,word,TRUE,831,0.831
11,1,latin_realword_medicine.png,latin,word,medicine,20,balanced,word,word,TRUE,1433,1.433
11,2,chinese_realword_grass.png,chinese,word,grass,20,balanced,word,word,TRUE,2234,2.234
11,3,chinese_nonword_pickaxe.png,chinese,nonword,pickaxe,20,balanced,nonword,nonword,TRUE,49783,49.783
11,4,latin_realword_pinch.png,latin,word,pinch,20,balanced,word,word,TRUE,3784,3.784
11,5,latin_nonword_good.png,latin,nonword,good,20,balanced,nonword,nonword,TRUE,2266,2.266
11,6,latin_realword_sea.png,latin,word,sea,20,balanced,word,word,TRUE,1532,1.532
11,7,latin_nonword_peach.png,latin,nonword,peach,20,balanced,nonword,nonword,TRUE,2700,2.7
11,8,chinese_realword_prawn.png,chinese,word,prawn,20,balanced,word,word,TRUE,14303,14.303
11,9,chinese_nonword_scoop.png,chinese,nonword,scoop,20,balanced,nonword,nonword,TRUE,38065,38.065
11,10,chinese_nonword_wet.png,chinese,nonword,wet,20,balanced,nonword,nonword,TRUE,2816,2.816
11,11,chinese_nonword_brain.png,chinese,nonword,brain,20,balanced,nonword,nonword,TRUE,37390,37.39
11,12,latin_nonword_tree.png,latin,nonword,tree,20,balanced,nonword,nonword,TRUE,1933,1.933
11,13,latin_nonword_milk.png,latin,nonword,milk,20,balanced,nonword,nonword,TRUE,6051,6.051
11,14,chinese_nonword_paper.png,chinese,nonword,paper,20,balanced,nonword,nonword,TRUE,5734,5.734
11,15,chinese_realword_eat.png,chinese,word,eat,20,balanced,word,word,TRUE,29103,29.103
11,16,latin_nonword_praise.png,latin,nonword,praise,20,balanced,nonword,nonword,TRUE,1368,1.368
11,17,chinese_realword_blink.png,chinese,word,blink,20,balanced,word,word,TRUE,18588,18.588
11,18,latin_realword_pat.png,latin,word,pat,20,balanced,word,word,TRUE,2799,2.799
11,19,chinese_realword_sand.png,chinese,word,sand,20,balanced,word,word,TRUE,2518,2.518
11,20,latin_realword_cat.png,latin,word,cat,20,balanced,word,word,TRUE,1368,1.368
11,21,chinese_realword_wealth.png,chinese,word,wealth,20,balanced,word,word,TRUE,6614,6.614
11,22,chinese_nonword_pull.png,chinese,nonword,pull,20,balanced,nonword,nonword,TRUE,32565,32.565
11,23,latin_nonword_island.png,latin,nonword,island,20,balanced,nonword,nonword,TRUE,1499,1.499
11,24,chinese_nonword_feed.png,chinese,nonword,feed,20,balanced,nonword,nonword,TRUE,2268,2.268
11,25,latin_realword_flower.png,latin,word,flower,20,balanced,word,word,TRUE,1967,1.967
11,26,chinese_realword_keen.png,chinese,word,keen,20,balanced,word,word,TRUE,12047,12.047
11,27,chinese_realword_morning.png,chinese,word,morning,20,balanced,word,word,TRUE,1149,1.149
11,28,latin_realword_invite.png,latin,word,invite,20,balanced,word,word,TRUE,1451,1.451
11,29,latin_nonword_shave.png,latin,nonword,shave,20,balanced,nonword,nonword,TRUE,6353,6.353
11,30,latin_realword_put.png,latin,word,put,20,balanced,word,word,TRUE,1051,1.051
11,31,chinese_nonword_lean.png,chinese,nonword,lean,20,balanced,nonword,nonword,TRUE,25067,25.067
11,32,chinese_realword_sister.png,chinese,word,sister,20,balanced,word,word,TRUE,39799,39.799
11,33,chinese_nonword_sisterinlaw.png,chinese,nonword,sisterinlaw,20,balanced,nonword,nonword,TRUE,3034,3.034
11,34,latin_nonword_bag.png,latin,nonword,bag,20,balanced,nonword,nonword,TRUE,1317,1.317
11,35,latin_realword_tea.png,latin,word,tea,20,balanced,word,word,TRUE,968,0.968
11,36,latin_nonword_robe.png,latin,nonword,robe,20,balanced,nonword,nonword,TRUE,1868,1.868
11,37,chinese_nonword_home.png,chinese,nonword,home,20,balanced,nonword,nonword,TRUE,9435,9.435
11,38,latin_realword_wine.png,latin,word,wine,20,balanced,word,word,TRUE,884,0.884
11,39,latin_nonword_change.png,latin,nonword,change,20,balanced,nonword,nonword,TRUE,4851,4.851
11,40,chinese_realword_pearl.png,chinese,word,pearl,20,balanced,word,word,TRUE,1518,1.518
12,1,chinese_realword_tea.png,chinese,word,tea,21,uncoded,word,word,TRUE,2483,2.483
12,2,chinese_realword_pinch.png,chinese,word,pinch,21,uncoded,word,word,TRUE,11253,11.253
12,3,latin_realword_keen.png,latin,word,keen,21,uncoded,word,nonword,FALSE,3966,3.966
12,4,chinese_realword_invite.png,chinese,word,invite,21,uncoded,word,nonword,FALSE,5417,5.417
12,5,chinese_realword_flower.png,chinese,word,flower,21,uncoded,word,word,TRUE,1201,1.201
12,6,latin_realword_wealth.png,latin,word,wealth,21,uncoded,word,word,TRUE,1549,1.549
12,7,chinese_realword_put.png,chinese,word,put,21,uncoded,word,word,TRUE,1733,1.733
12,8,latin_realword_grass.png,latin,word,grass,21,uncoded,word,word,TRUE,1283,1.283
12,9,latin_realword_morning.png,latin,word,morning,21,uncoded,word,word,TRUE,1666,1.666
12,10,chinese_nonword_bag.png,chinese,nonword,bag,21,uncoded,nonword,word,FALSE,2685,2.685
12,11,chinese_nonword_change.png,chinese,nonword,change,21,uncoded,nonword,word,FALSE,1749,1.749
12,12,chinese_nonword_island.png,chinese,nonword,island,21,uncoded,nonword,nonword,TRUE,2083,2.083
12,13,chinese_realword_medicine.png,chinese,word,medicine,21,uncoded,word,word,TRUE,4150,4.15
12,14,latin_realword_sister.png,latin,word,sister,21,uncoded,word,word,TRUE,2001,2.001
12,15,chinese_realword_wine.png,chinese,word,wine,21,uncoded,word,word,TRUE,984,0.984
12,16,chinese_nonword_peach.png,chinese,nonword,peach,21,uncoded,nonword,word,FALSE,1467,1.467
12,17,chinese_realword_sea.png,chinese,word,sea,21,uncoded,word,word,TRUE,1684,1.684
12,18,latin_nonword_pickaxe.png,latin,nonword,pickaxe,21,uncoded,nonword,nonword,TRUE,2566,2.566
12,19,chinese_nonword_tree.png,chinese,nonword,tree,21,uncoded,nonword,word,FALSE,1961,1.961
12,20,latin_realword_eat.png,latin,word,eat,21,uncoded,word,word,TRUE,4918,4.918
12,21,latin_nonword_brain.png,latin,nonword,brain,21,uncoded,nonword,word,FALSE,3633,3.633
12,22,latin_nonword_feed.png,latin,nonword,feed,21,uncoded,nonword,nonword,TRUE,5333,5.333
12,23,chinese_nonword_robe.png,chinese,nonword,robe,21,uncoded,nonword,word,FALSE,2266,2.266
12,24,latin_nonword_sisterinlaw.png,latin,nonword,sisterinlaw,21,uncoded,nonword,word,FALSE,1551,1.551
12,25,chinese_nonword_shave.png,chinese,nonword,shave,21,uncoded,nonword,nonword,TRUE,1883,1.883
12,26,chinese_realword_cat.png,chinese,word,cat,21,uncoded,word,word,TRUE,815,0.815
12,27,chinese_nonword_good.png,chinese,nonword,good,21,uncoded,nonword,nonword,TRUE,3733,3.733
12,28,latin_nonword_lean.png,latin,nonword,lean,21,uncoded,nonword,word,FALSE,935,0.935
12,29,latin_realword_prawn.png,latin,word,prawn,21,uncoded,word,word,TRUE,1318,1.318
12,30,chinese_nonword_praise.png,chinese,nonword,praise,21,uncoded,nonword,nonword,TRUE,1299,1.299
12,31,latin_nonword_paper.png,latin,nonword,paper,21,uncoded,nonword,word,FALSE,2805,2.805
12,32,latin_realword_pearl.png,latin,word,pearl,21,uncoded,word,word,TRUE,8700,8.7
12,33,chinese_realword_pat.png,chinese,word,pat,21,uncoded,word,word,TRUE,3035,3.035
12,34,latin_nonword_pull.png,latin,nonword,pull,21,uncoded,nonword,word,FALSE,1967,1.967
12,35,latin_realword_blink.png,latin,word,blink,21,uncoded,word,word,TRUE,934,0.934
12,36,chinese_nonword_milk.png,chinese,nonword,milk,21,uncoded,nonword,nonword,TRUE,2451,2.451
12,37,latin_nonword_scoop.png,latin,nonword,scoop,21,uncoded,nonword,nonword,TRUE,5168,5.168
12,38,latin_nonword_wet.png,latin,nonword,wet,21,uncoded,nonword,word,FALSE,4551,4.551
12,39,latin_nonword_home.png,latin,nonword,home,21,uncoded,nonword,nonword,TRUE,4116,4.116
12,40,latin_realword_sand.png,latin,word,sand,21,uncoded,word,word,TRUE,3335,3.335
13,1,latin_realword_pull.png,latin,word,pull,22,Chinese-family-dominant,word,word,TRUE,856,0.856
13,2,latin_realword_pickaxe.png,latin,word,pickaxe,22,Chinese-family-dominant,word,word,TRUE,657,0.657
13,3,chinese_nonword_wealth.png,chinese,nonword,wealth,22,Chinese-family-dominant,nonword,nonword,TRUE,900,0.9
13,4,latin_nonword_sea.png,latin,nonword,sea,22,Chinese-family-dominant,nonword,nonword,TRUE,798,0.798
13,5,latin_nonword_flower.png,latin,nonword,flower,22,Chinese-family-dominant,nonword,nonword,TRUE,998,0.998
13,6,latin_realword_lean.png,latin,word,lean,22,Chinese-family-dominant,word,word,TRUE,924,0.924
13,7,chinese_realword_robe.png,chinese,word,robe,22,Chinese-family-dominant,word,word,TRUE,1023,1.023
13,8,chinese_nonword_pearl.png,chinese,nonword,pearl,22,Chinese-family-dominant,nonword,nonword,TRUE,865,0.865
13,9,chinese_realword_milk.png,chinese,word,milk,22,Chinese-family-dominant,word,word,TRUE,990.0000000000036,0.9900000000000037
13,10,chinese_nonword_sister.png,chinese,nonword,sister,22,Chinese-family-dominant,nonword,nonword,TRUE,1098,1.098
13,11,latin_nonword_wine.png,latin,nonword,wine,22,Chinese-family-dominant,nonword,nonword,TRUE,867,0.867
13,12,chinese_nonword_keen.png,chinese,nonword,keen,22,Chinese-family-dominant,nonword,nonword,TRUE,1131,1.131
13,13,latin_nonword_medicine.png,latin,nonword,medicine,22,Chinese-family-dominant,nonword,nonword,TRUE,724,0.724
13,14,latin_nonword_invite.png,latin,nonword,invite,22,Chinese-family-dominant,nonword,nonword,TRUE,1066,1.066
13,15,chinese_realword_tree.png,chinese,word,tree,22,Chinese-family-dominant,word,word,TRUE,732,0.732
13,16,chinese_realword_island.png,chinese,word,island,22,Chinese-family-dominant,word,word,TRUE,898,0.898
13,17,chinese_realword_good.png,chinese,word,good,22,Chinese-family-dominant,word,word,TRUE,758,0.758
13,18,latin_nonword_tea.png,latin,nonword,tea,22,Chinese-family-dominant,nonword,nonword,TRUE,633,0.633
13,19,chinese_nonword_blink.png,chinese,nonword,blink,22,Chinese-family-dominant,nonword,nonword,TRUE,765,0.765
13,20,latin_nonword_cat.png,latin,nonword,cat,22,Chinese-family-dominant,nonword,nonword,TRUE,790,0.79
13,21,latin_nonword_pat.png,latin,nonword,pat,22,Chinese-family-dominant,nonword,nonword,TRUE,798,0.798
13,22,latin_realword_brain.png,latin,word,brain,22,Chinese-family-dominant,word,word,TRUE,667,0.667
13,23,chinese_nonword_grass.png,chinese,nonword,grass,22,Chinese-family-dominant,nonword,nonword,TRUE,700,0.7
13,24,latin_realword_scoop.png,latin,word,scoop,22,Chinese-family-dominant,word,word,TRUE,1422,1.422
13,25,latin_realword_paper.png,latin,word,paper,22,Chinese-family-dominant,word,word,TRUE,599,0.599
13,26,latin_nonword_pinch.png,latin,nonword,pinch,22,Chinese-family-dominant,nonword,nonword,TRUE,624,0.624
13,27,chinese_realword_shave.png,chinese,word,shave,22,Chinese-family-dominant,word,word,TRUE,765,0.765
13,28,chinese_realword_praise.png,chinese,word,praise,22,Chinese-family-dominant,word,word,TRUE,690,0.69
13,29,chinese_nonword_eat.png,chinese,nonword,eat,22,Chinese-family-dominant,nonword,nonword,TRUE,767,0.767
13,30,latin_realword_feed.png,latin,word,feed,22,Chinese-family-dominant,word,word,TRUE,800,0.8
13,31,chinese_nonword_morning.png,chinese,nonword,morning,22,Chinese-family-dominant,nonword,nonword,TRUE,699,0.699
13,32,chinese_nonword_sand.png,chinese,nonword,sand,22,Chinese-family-dominant,nonword,nonword,TRUE,1065,1.065
13,33,latin_realword_wet.png,latin,word,wet,22,Chinese-family-dominant,word,word,TRUE,667,0.667
13,34,chinese_realword_bag.png,chinese,word,bag,22,Chinese-family-dominant,word,word,TRUE,1697,1.697
13,35,latin_realword_home.png,latin,word,home,22,Chinese-family-dominant,word,nonword,FALSE,1064,1.064
13,36,chinese_realword_change.png,chinese,word,change,22,Chinese-family-dominant,word,word,TRUE,590,0.59
13,37,latin_realword_sisterinlaw.png,latin,word,sisterinlaw,22,Chinese-family-dominant,word,word,TRUE,624,0.624
13,38,latin_nonword_put.png,latin,nonword,put,22,Chinese-family-dominant,nonword,nonword,TRUE,833,0.833
13,39,chinese_nonword_prawn.png,chinese,nonword,prawn,22,Chinese-family-dominant,nonword,nonword,TRUE,665,0.665
13,40,chinese_realword_peach.png,chinese,word,peach,22,Chinese-family-dominant,word,word,TRUE,633,0.633
14,1,chinese_realword_brain.png,chinese,word,brain,20,balanced,word,word,TRUE,1266,1.266
14,2,latin_nonword_blink.png,latin,nonword,blink,20,balanced,nonword,nonword,TRUE,3485,3.485
14,3,chinese_realword_pull.png,chinese,word,pull,20,balanced,word,nonword,FALSE,10797,10.797
14,4,latin_realword_shave.png,latin,word,shave,20,balanced,word,word,TRUE,1099,1.099
14,5,latin_realword_change.png,latin,word,change,20,balanced,word,word,TRUE,5445,5.445
14,6,latin_realword_good.png,latin,word,good,20,balanced,word,word,TRUE,917,0.917
14,7,chinese_nonword_pinch.png,chinese,nonword,pinch,20,balanced,nonword,nonword,TRUE,10786,10.786
14,8,latin_nonword_pearl.png,latin,nonword,pearl,20,balanced,nonword,nonword,TRUE,1382,1.382
14,9,latin_nonword_prawn.png,latin,nonword,prawn,20,balanced,nonword,nonword,TRUE,5752,5.752
14,10,chinese_realword_scoop.png,chinese,word,scoop,20,balanced,word,word,TRUE,2516,2.516
14,11,latin_realword_praise.png,latin,word,praise,20,balanced,word,nonword,FALSE,1351,1.351
14,12,chinese_realword_home.png,chinese,word,home,20,balanced,word,word,TRUE,1049,1.049
14,13,chinese_nonword_pat.png,chinese,nonword,pat,20,balanced,nonword,nonword,TRUE,1250,1.25
14,14,latin_nonword_keen.png,latin,nonword,keen,20,balanced,nonword,nonword,TRUE,7032,7.032
14,15,latin_realword_milk.png,latin,word,milk,20,balanced,word,word,TRUE,4737,4.737
14,16,chinese_realword_paper.png,chinese,word,paper,20,balanced,word,word,TRUE,14535,14.535
14,17,latin_realword_island.png,latin,word,island,20,balanced,word,word,TRUE,2034,2.034
14,18,latin_realword_tree.png,latin,word,tree,20,balanced,word,word,TRUE,1434,1.434
14,19,chinese_nonword_put.png,chinese,nonword,put,20,balanced,nonword,nonword,TRUE,2718,2.718
14,20,chinese_nonword_wine.png,chinese,nonword,wine,20,balanced,nonword,nonword,TRUE,1533,1.533
14,21,chinese_realword_feed.png,chinese,word,feed,20,balanced,word,word,TRUE,11740,11.74
14,22,latin_nonword_sand.png,latin,nonword,sand,20,balanced,nonword,nonword,TRUE,1116,1.116
14,23,latin_realword_robe.png,latin,word,robe,20,balanced,word,word,TRUE,768,0.768
14,24,chinese_nonword_cat.png,chinese,nonword,cat,20,balanced,nonword,nonword,TRUE,5634,5.634
14,25,chinese_realword_pickaxe.png,chinese,word,pickaxe,20,balanced,word,nonword,FALSE,4085,4.085
14,26,latin_realword_peach.png,latin,word,peach,20,balanced,word,word,TRUE,851,0.851
14,27,chinese_nonword_invite.png,chinese,nonword,invite,20,balanced,nonword,nonword,TRUE,10812,10.812
14,28,chinese_nonword_medicine.png,chinese,nonword,medicine,20,balanced,nonword,nonword,TRUE,2485,2.485
14,29,chinese_nonword_sea.png,chinese,nonword,sea,20,balanced,nonword,nonword,TRUE,1200,1.2
14,30,latin_realword_bag.png,latin,word,bag,20,balanced,word,word,TRUE,916,0.916
14,31,chinese_realword_lean.png,chinese,word,lean,20,balanced,word,word,TRUE,1016,1.016
14,32,chinese_realword_sisterinlaw.png,chinese,word,sisterinlaw,20,balanced,word,word,TRUE,951,0.951
14,33,latin_nonword_grass.png,latin,nonword,grass,20,balanced,nonword,nonword,TRUE,1417,1.417
14,34,latin_nonword_sister.png,latin,nonword,sister,20,balanced,nonword,nonword,TRUE,1201,1.201
14,35,chinese_nonword_tea.png,chinese,nonword,tea,20,balanced,nonword,nonword,TRUE,4116,4.116
14,36,latin_nonword_wealth.png,latin,nonword,wealth,20,balanced,nonword,nonword,TRUE,1251,1.251
14,37,latin_nonword_eat.png,latin,nonword,eat,20,balanced,nonword,nonword,TRUE,934,0.934
14,38,chinese_nonword_flower.png,chinese,nonword,flower,20,balanced,nonword,nonword,TRUE,2717,2.717
14,39,latin_nonword_morning.png,latin,nonword,morning,20,balanced,nonword,nonword,TRUE,1266,1.266
14,40,chinese_realword_wet.png,chinese,word,wet,20,balanced,word,word,TRUE,1383,1.383
15,1,latin_nonword_paper.png,latin,nonword,paper,20,English-dominant,nonword,nonword,TRUE,1218,1.218
15,2,chinese_realword_pat.png,chinese,word,pat,20,English-dominant,word,nonword,FALSE,3874,3.874
15,3,latin_nonword_pull.png,latin,nonword,pull,20,English-dominant,nonword,nonword,TRUE,1034,1.034
15,4,latin_nonword_wet.png,latin,nonword,wet,20,English-dominant,nonword,nonword,TRUE,785,0.785
15,5,latin_nonword_lean.png,latin,nonword,lean,20,English-dominant,nonword,nonword,TRUE,2302,2.302
15,6,latin_realword_sand.png,latin,word,sand,20,English-dominant,word,word,TRUE,969,0.969
15,7,latin_realword_blink.png,latin,word,blink,20,English-dominant,word,word,TRUE,602,0.602
15,8,chinese_realword_cat.png,chinese,word,cat,20,English-dominant,word,word,TRUE,1203,1.203
15,9,chinese_nonword_good.png,chinese,nonword,good,20,English-dominant,nonword,nonword,TRUE,1652,1.652
15,10,latin_nonword_home.png,latin,nonword,home,20,English-dominant,nonword,word,FALSE,919,0.919
15,11,latin_realword_pearl.png,latin,word,pearl,20,English-dominant,word,word,TRUE,1843,1.843
15,12,latin_nonword_brain.png,latin,nonword,brain,20,English-dominant,nonword,nonword,TRUE,1066,1.066
15,13,chinese_nonword_robe.png,chinese,nonword,robe,20,English-dominant,nonword,nonword,TRUE,1887,1.887
15,14,chinese_nonword_shave.png,chinese,nonword,shave,20,English-dominant,nonword,nonword,TRUE,1353,1.353
15,15,chinese_nonword_milk.png,chinese,nonword,milk,20,English-dominant,nonword,nonword,TRUE,1851,1.851
15,16,latin_nonword_feed.png,latin,nonword,feed,20,English-dominant,nonword,word,FALSE,2392,2.392
15,17,chinese_nonword_praise.png,chinese,nonword,praise,20,English-dominant,nonword,nonword,TRUE,2471,2.471
15,18,latin_nonword_scoop.png,latin,nonword,scoop,20,English-dominant,nonword,nonword,TRUE,1620,1.62
15,19,latin_realword_prawn.png,latin,word,prawn,20,English-dominant,word,word,TRUE,852,0.852
15,20,latin_nonword_sisterinlaw.png,latin,nonword,sisterinlaw,20,English-dominant,nonword,nonword,TRUE,1168,1.168
15,21,latin_realword_wealth.png,latin,word,wealth,20,English-dominant,word,word,TRUE,1017,1.017
15,22,latin_realword_eat.png,latin,word,eat,20,English-dominant,word,word,TRUE,674,0.674
15,23,chinese_nonword_island.png,chinese,nonword,island,20,English-dominant,nonword,nonword,TRUE,1335,1.335
15,24,chinese_realword_invite.png,chinese,word,invite,20,English-dominant,word,word,TRUE,667,0.667
15,25,chinese_nonword_change.png,chinese,nonword,change,20,English-dominant,nonword,nonword,TRUE,2388,2.388
15,26,chinese_realword_pinch.png,chinese,word,pinch,20,English-dominant,word,word,TRUE,969,0.969
15,27,chinese_realword_wine.png,chinese,word,wine,20,English-dominant,word,word,TRUE,700,0.7
15,28,chinese_nonword_peach.png,chinese,nonword,peach,20,English-dominant,nonword,nonword,TRUE,2404,2.404
15,29,chinese_realword_put.png,chinese,word,put,20,English-dominant,word,word,TRUE,1843,1.843
15,30,chinese_realword_tea.png,chinese,word,tea,20,English-dominant,word,word,TRUE,1001,1.001
15,31,chinese_realword_flower.png,chinese,word,flower,20,English-dominant,word,word,TRUE,619,0.619
15,32,latin_realword_grass.png,latin,word,grass,20,English-dominant,word,word,TRUE,1119,1.119
15,33,chinese_realword_medicine.png,chinese,word,medicine,20,English-dominant,word,word,TRUE,668,0.668
15,34,latin_nonword_pickaxe.png,latin,nonword,pickaxe,20,English-dominant,nonword,nonword,TRUE,717,0.717
15,35,latin_realword_morning.png,latin,word,morning,20,English-dominant,word,word,TRUE,585,0.585
15,36,latin_realword_sister.png,latin,word,sister,20,English-dominant,word,word,TRUE,717,0.717
15,37,chinese_nonword_tree.png,chinese,nonword,tree,20,English-dominant,nonword,nonword,TRUE,2670,2.67
15,38,chinese_realword_sea.png,chinese,word,sea,20,English-dominant,word,word,TRUE,1152,1.152
15,39,latin_realword_keen.png,latin,word,keen,20,English-dominant,word,word,TRUE,4776,4.776
15,40,chinese_nonword_bag.png,chinese,nonword,bag,20,English-dominant,nonword,nonword,TRUE,852,0.852
16,1,chinese_realword_blink.png,chinese,word,blink,25,Chinese-family-dominant,word,word,TRUE,1815,1.815
16,2,latin_realword_medicine.png,latin,word,medicine,25,Chinese-family-dominant,word,word,TRUE,4023.000000000003,4.023000000000003
16,3,chinese_nonword_brain.png,chinese,nonword,brain,25,Chinese-family-dominant,nonword,nonword,TRUE,863,0.863
16,4,latin_realword_cat.png,latin,word,cat,25,Chinese-family-dominant,word,word,TRUE,985,0.985
16,5,latin_nonword_good.png,latin,nonword,good,25,Chinese-family-dominant,nonword,nonword,TRUE,933,0.933
16,6,latin_nonword_praise.png,latin,nonword,praise,25,Chinese-family-dominant,nonword,nonword,TRUE,902,0.902
16,7,latin_realword_pinch.png,latin,word,pinch,25,Chinese-family-dominant,word,word,TRUE,1318,1.318
16,8,chinese_realword_prawn.png,chinese,word,prawn,25,Chinese-family-dominant,word,word,TRUE,1183,1.183
16,9,latin_nonword_milk.png,latin,nonword,milk,25,Chinese-family-dominant,nonword,nonword,TRUE,716,0.716
16,10,latin_realword_sea.png,latin,word,sea,25,Chinese-family-dominant,word,word,TRUE,985,0.985
16,11,chinese_nonword_paper.png,chinese,nonword,paper,25,Chinese-family-dominant,nonword,nonword,TRUE,701,0.701
16,12,chinese_nonword_pickaxe.png,chinese,nonword,pickaxe,25,Chinese-family-dominant,nonword,nonword,TRUE,918,0.918
16,13,latin_nonword_tree.png,latin,nonword,tree,25,Chinese-family-dominant,nonword,nonword,TRUE,768,0.768
16,14,latin_realword_pat.png,latin,word,pat,25,Chinese-family-dominant,word,word,TRUE,884,0.884
16,15,latin_nonword_peach.png,latin,nonword,peach,25,Chinese-family-dominant,nonword,nonword,TRUE,800,0.8
16,16,chinese_nonword_scoop.png,chinese,nonword,scoop,25,Chinese-family-dominant,nonword,nonword,TRUE,649,0.649
16,17,chinese_realword_eat.png,chinese,word,eat,25,Chinese-family-dominant,word,word,TRUE,518,0.518
16,18,chinese_nonword_wet.png,chinese,nonword,wet,25,Chinese-family-dominant,nonword,nonword,TRUE,483,0.483
16,19,chinese_realword_grass.png,chinese,word,grass,25,Chinese-family-dominant,word,word,TRUE,651,0.651
16,20,chinese_realword_sand.png,chinese,word,sand,25,Chinese-family-dominant,word,word,TRUE,635,0.635
16,21,chinese_nonword_lean.png,chinese,nonword,lean,25,Chinese-family-dominant,nonword,nonword,TRUE,1083,1.083
16,22,latin_nonword_shave.png,latin,nonword,shave,25,Chinese-family-dominant,nonword,nonword,TRUE,1051,1.051
16,23,latin_realword_flower.png,latin,word,flower,25,Chinese-family-dominant,word,word,TRUE,751,0.751
16,24,chinese_nonword_pull.png,chinese,nonword,pull,25,Chinese-family-dominant,nonword,nonword,TRUE,568,0.568
16,25,latin_realword_tea.png,latin,word,tea,25,Chinese-family-dominant,word,word,TRUE,651,0.651
16,26,latin_realword_invite.png,latin,word,invite,25,Chinese-family-dominant,word,word,TRUE,1500,1.5
16,27,chinese_realword_morning.png,chinese,word,morning,25,Chinese-family-dominant,word,word,TRUE,567,0.567
16,28,chinese_realword_pearl.png,chinese,word,pearl,25,Chinese-family-dominant,word,word,TRUE,618,0.618
16,29,chinese_nonword_feed.png,chinese,nonword,feed,25,Chinese-family-dominant,nonword,nonword,TRUE,601,0.601
16,30,chinese_nonword_sisterinlaw.png,chinese,nonword,sisterinlaw,25,Chinese-family-dominant,nonword,nonword,TRUE,784,0.784
16,31,latin_nonword_island.png,latin,nonword,island,25,Chinese-family-dominant,nonword,nonword,TRUE,835,0.835
16,32,latin_realword_put.png,latin,word,put,25,Chinese-family-dominant,word,word,TRUE,784,0.784
16,33,latin_nonword_change.png,latin,nonword,change,25,Chinese-family-dominant,nonword,word,FALSE,900,0.9
16,34,chinese_realword_sister.png,chinese,word,sister,25,Chinese-family-dominant,word,word,TRUE,1066,1.066
16,35,chinese_realword_keen.png,chinese,word,keen,25,Chinese-family-dominant,word,word,TRUE,4987,4.987
16,36,latin_realword_wine.png,latin,word,wine,25,Chinese-family-dominant,word,word,TRUE,1267,1.267
16,37,chinese_nonword_home.png,chinese,nonword,home,25,Chinese-family-dominant,nonword,nonword,TRUE,685,0.685
16,38,latin_nonword_robe.png,latin,nonword,robe,25,Chinese-family-dominant,nonword,nonword,TRUE,716,0.716
16,39,latin_nonword_bag.png,latin,nonword,bag,25,Chinese-family-dominant,nonword,nonword,TRUE,8790,8.79
16,40,chinese_realword_wealth.png,chinese,word,wealth,25,Chinese-family-dominant,word,word,TRUE,685,0.685
17,1,chinese_realword_bag.png,chinese,word,bag,20,English-dominant,word,word,TRUE,1784,1.784
17,2,chinese_realword_peach.png,chinese,word,peach,20,English-dominant,word,nonword,FALSE,1949,1.949
17,3,chinese_realword_change.png,chinese,word,change,20,English-dominant,word,word,TRUE,918,0.918
17,4,latin_nonword_pat.png,latin,nonword,pat,20,English-dominant,nonword,nonword,TRUE,4018,4.018
17,5,latin_realword_home.png,latin,word,home,20,English-dominant,word,word,TRUE,801,0.801
17,6,latin_nonword_pinch.png,latin,nonword,pinch,20,English-dominant,nonword,nonword,TRUE,5718,5.718
17,7,latin_realword_paper.png,latin,word,paper,20,English-dominant,word,word,TRUE,632,0.632
17,8,latin_realword_sisterinlaw.png,latin,word,sisterinlaw,20,English-dominant,word,nonword,FALSE,1768,1.768
17,9,chinese_nonword_eat.png,chinese,nonword,eat,20,English-dominant,nonword,word,FALSE,1967,1.967
17,10,latin_realword_wet.png,latin,word,wet,20,English-dominant,word,word,TRUE,2001,2.001
17,11,chinese_nonword_grass.png,chinese,nonword,grass,20,English-dominant,nonword,nonword,TRUE,1382,1.382
17,12,chinese_nonword_prawn.png,chinese,nonword,prawn,20,English-dominant,nonword,nonword,TRUE,2850,2.85
17,13,latin_realword_brain.png,latin,word,brain,20,English-dominant,word,word,TRUE,4935,4.935
17,14,latin_realword_feed.png,latin,word,feed,20,English-dominant,word,word,TRUE,817,0.817
17,15,chinese_realword_shave.png,chinese,word,shave,20,English-dominant,word,word,TRUE,3533,3.533
17,16,latin_realword_scoop.png,latin,word,scoop,20,English-dominant,word,word,TRUE,1734,1.734
17,17,chinese_realword_praise.png,chinese,word,praise,20,English-dominant,word,word,TRUE,1001,1.001
17,18,chinese_nonword_sand.png,chinese,nonword,sand,20,English-dominant,nonword,nonword,TRUE,1117,1.117
17,19,latin_nonword_put.png,latin,nonword,put,20,English-dominant,nonword,nonword,TRUE,4983,4.983
17,20,chinese_nonword_morning.png,chinese,nonword,morning,20,English-dominant,nonword,nonword,TRUE,4518,4.518
17,21,latin_nonword_sea.png,latin,nonword,sea,20,English-dominant,nonword,nonword,TRUE,2184,2.184
17,22,latin_nonword_medicine.png,latin,nonword,medicine,20,English-dominant,nonword,nonword,TRUE,1384,1.384
17,23,chinese_nonword_blink.png,chinese,nonword,blink,20,English-dominant,nonword,word,FALSE,1534,1.534
17,24,chinese_nonword_keen.png,chinese,nonword,keen,20,English-dominant,nonword,nonword,TRUE,2234,2.234
17,25,chinese_realword_tree.png,chinese,word,tree,20,English-dominant,word,word,TRUE,917,0.917
17,26,latin_realword_pull.png,latin,word,pull,20,English-dominant,word,word,TRUE,2416,2.416
17,27,chinese_realword_island.png,chinese,word,island,20,English-dominant,word,word,TRUE,1051,1.051
17,28,chinese_nonword_sister.png,chinese,nonword,sister,20,English-dominant,nonword,nonword,TRUE,967,0.967
17,29,latin_nonword_wine.png,latin,nonword,wine,20,English-dominant,nonword,nonword,TRUE,1566,1.566
17,30,latin_nonword_cat.png,latin,nonword,cat,20,English-dominant,nonword,nonword,TRUE,3335,3.335
17,31,chinese_nonword_wealth.png,chinese,nonword,wealth,20,English-dominant,nonword,nonword,TRUE,8636,8.636
17,32,latin_realword_lean.png,latin,word,lean,20,English-dominant,word,word,TRUE,2449,2.449
17,33,latin_nonword_invite.png,latin,nonword,invite,20,English-dominant,nonword,nonword,TRUE,816,0.816
17,34,chinese_nonword_pearl.png,chinese,nonword,pearl,20,English-dominant,nonword,nonword,TRUE,1550,1.55
17,35,chinese_realword_good.png,chinese,word,good,20,English-dominant,word,word,TRUE,701,0.701
17,36,latin_nonword_tea.png,latin,nonword,tea,20,English-dominant,nonword,nonword,TRUE,917,0.917
17,37,chinese_realword_milk.png,chinese,word,milk,20,English-dominant,word,word,TRUE,917,0.917
17,38,chinese_realword_robe.png,chinese,word,robe,20,English-dominant,word,word,TRUE,1049,1.049
17,39,latin_nonword_flower.png,latin,nonword,flower,20,English-dominant,nonword,nonword,TRUE,716,0.716
17,40,latin_realword_pickaxe.png,latin,word,pickaxe,20,English-dominant,word,word,TRUE,833,0.833
18,1,latin_realword_milk.png,latin,word,milk,33,Chinese-family-dominant,word,word,TRUE,1668,1.668
18,2,latin_realword_good.png,latin,word,good,33,Chinese-family-dominant,word,word,TRUE,884,0.884
18,3,latin_realword_change.png,latin,word,change,33,Chinese-family-dominant,word,word,TRUE,917,0.917
18,4,latin_nonword_keen.png,latin,nonword,keen,33,Chinese-family-dominant,nonword,nonword,TRUE,1851,1.851
18,5,latin_realword_praise.png,latin,word,praise,33,Chinese-family-dominant,word,word,TRUE,1434,1.434
18,6,chinese_nonword_pat.png,chinese,nonword,pat,33,Chinese-family-dominant,nonword,nonword,TRUE,2783,2.783
18,7,latin_realword_shave.png,latin,word,shave,33,Chinese-family-dominant,word,word,TRUE,1050,1.05
18,8,chinese_realword_home.png,chinese,word,home,33,Chinese-family-dominant,word,word,TRUE,866,0.866
18,9,chinese_realword_scoop.png,chinese,word,scoop,33,Chinese-family-dominant,word,word,TRUE,801,0.801
18,10,latin_realword_island.png,latin,word,island,33,Chinese-family-dominant,word,word,TRUE,2818,2.818
18,11,latin_nonword_pearl.png,latin,nonword,pearl,33,Chinese-family-dominant,nonword,nonword,TRUE,1484,1.484
18,12,chinese_realword_paper.png,chinese,word,paper,33,Chinese-family-dominant,word,word,TRUE,617,0.617
18,13,chinese_nonword_pinch.png,chinese,nonword,pinch,33,Chinese-family-dominant,nonword,nonword,TRUE,1101,1.101
18,14,latin_nonword_prawn.png,latin,nonword,prawn,33,Chinese-family-dominant,nonword,nonword,TRUE,917,0.917
18,15,chinese_nonword_wine.png,chinese,nonword,wine,33,Chinese-family-dominant,nonword,nonword,TRUE,884,0.884
18,16,latin_nonword_blink.png,latin,nonword,blink,33,Chinese-family-dominant,nonword,nonword,TRUE,734,0.734
18,17,latin_realword_tree.png,latin,word,tree,33,Chinese-family-dominant,word,word,TRUE,699,0.699
18,18,chinese_realword_pull.png,chinese,word,pull,33,Chinese-family-dominant,word,word,TRUE,600,0.6
18,19,chinese_realword_brain.png,chinese,word,brain,33,Chinese-family-dominant,word,word,TRUE,666,0.666
18,20,chinese_nonword_put.png,chinese,nonword,put,33,Chinese-family-dominant,nonword,nonword,TRUE,751,0.751
18,21,chinese_nonword_sea.png,chinese,nonword,sea,33,Chinese-family-dominant,nonword,nonword,TRUE,1316,1.316
18,22,chinese_realword_pickaxe.png,chinese,word,pickaxe,33,Chinese-family-dominant,word,word,TRUE,1585,1.585
18,23,latin_realword_bag.png,latin,word,bag,33,Chinese-family-dominant,word,word,TRUE,934,0.934
18,24,latin_nonword_eat.png,latin,nonword,eat,33,Chinese-family-dominant,nonword,nonword,TRUE,767,0.767
18,25,chinese_nonword_medicine.png,chinese,nonword,medicine,33,Chinese-family-dominant,nonword,nonword,TRUE,1001,1.001
18,26,chinese_nonword_flower.png,chinese,nonword,flower,33,Chinese-family-dominant,nonword,nonword,TRUE,882,0.882
18,27,latin_nonword_morning.png,latin,nonword,morning,33,Chinese-family-dominant,nonword,nonword,TRUE,883,0.883
18,28,latin_nonword_sand.png,latin,nonword,sand,33,Chinese-family-dominant,nonword,nonword,TRUE,851,0.851
18,29,latin_nonword_wealth.png,latin,nonword,wealth,33,Chinese-family-dominant,nonword,nonword,TRUE,1116,1.116
18,30,chinese_realword_feed.png,chinese,word,feed,33,Chinese-family-dominant,word,word,TRUE,767,0.767
18,31,latin_realword_robe.png,latin,word,robe,33,Chinese-family-dominant,word,word,TRUE,819,0.819
18,32,chinese_nonword_tea.png,chinese,nonword,tea,33,Chinese-family-dominant,nonword,nonword,TRUE,1184,1.184
18,33,chinese_realword_lean.png,chinese,word,lean,33,Chinese-family-dominant,word,word,TRUE,1266,1.266
18,34,latin_realword_peach.png,latin,word,peach,33,Chinese-family-dominant,word,word,TRUE,767,0.767
18,35,latin_nonword_grass.png,latin,nonword,grass,33,Chinese-family-dominant,nonword,nonword,TRUE,1049,1.049
18,36,chinese_realword_wet.png,chinese,word,wet,33,Chinese-family-dominant,word,word,TRUE,1351,1.351
18,37,chinese_nonword_invite.png,chinese,nonword,invite,33,Chinese-family-dominant,nonword,nonword,TRUE,1818,1.818
18,38,chinese_nonword_cat.png,chinese,nonword,cat,33,Chinese-family-dominant,nonword,nonword,TRUE,1934,1.934
18,39,latin_nonword_sister.png,latin,nonword,sister,33,Chinese-family-dominant,nonword,nonword,TRUE,867,0.867
18,40,chinese_realword_sisterinlaw.png,chinese,word,sisterinlaw,33,Chinese-family-dominant,word,word,TRUE,1068,1.068
19,1,latin_realword_keen.png,latin,word,keen,22,English-dominant,word,word,TRUE,992,0.992
19,2,latin_realword_morning.png,latin,word,morning,22,English-dominant,word,word,TRUE,1059,1.059
19,3,chinese_realword_sea.png,chinese,word,sea,22,English-dominant,word,word,TRUE,1027,1.027
19,4,chinese_realword_invite.png,chinese,word,invite,22,English-dominant,word,word,TRUE,999,0.999
19,5,chinese_realword_tea.png,chinese,word,tea,22,English-dominant,word,word,TRUE,1163,1.163
19,6,chinese_nonword_change.png,chinese,nonword,change,22,English-dominant,nonword,nonword,TRUE,2501,2.501
19,7,chinese_realword_pinch.png,chinese,word,pinch,22,English-dominant,word,word,TRUE,4900,4.9
19,8,latin_realword_eat.png,latin,word,eat,22,English-dominant,word,word,TRUE,1000,1
19,9,chinese_nonword_bag.png,chinese,nonword,bag,22,English-dominant,nonword,word,FALSE,1694,1.694
19,10,chinese_nonword_tree.png,chinese,nonword,tree,22,English-dominant,nonword,nonword,TRUE,1666,1.666
19,11,latin_realword_sister.png,latin,word,sister,22,English-dominant,word,word,TRUE,899,0.899
19,12,chinese_nonword_island.png,chinese,nonword,island,22,English-dominant,nonword,nonword,TRUE,1001,1.001
19,13,latin_realword_grass.png,latin,word,grass,22,English-dominant,word,word,TRUE,1027,1.027
19,14,latin_nonword_pickaxe.png,latin,nonword,pickaxe,22,English-dominant,nonword,nonword,TRUE,1529,1.529
19,15,latin_realword_wealth.png,latin,word,wealth,22,English-dominant,word,word,TRUE,833,0.833
19,16,chinese_realword_put.png,chinese,word,put,22,English-dominant,word,word,TRUE,1301,1.301
19,17,chinese_realword_wine.png,chinese,word,wine,22,English-dominant,word,word,TRUE,722,0.722
19,18,chinese_realword_medicine.png,chinese,word,medicine,22,English-dominant,word,word,TRUE,734,0.734
19,19,chinese_nonword_peach.png,chinese,nonword,peach,22,English-dominant,nonword,nonword,TRUE,1694,1.694
19,20,chinese_realword_flower.png,chinese,word,flower,22,English-dominant,word,word,TRUE,800,0.8
19,21,chinese_realword_pat.png,chinese,word,pat,22,English-dominant,word,word,TRUE,1063,1.063
19,22,latin_realword_blink.png,latin,word,blink,22,English-dominant,word,word,TRUE,964,0.964
19,23,latin_nonword_pull.png,latin,nonword,pull,22,English-dominant,nonword,nonword,TRUE,799,0.799
19,24,latin_nonword_wet.png,latin,nonword,wet,22,English-dominant,nonword,nonword,TRUE,1215,1.215
19,25,latin_nonword_home.png,latin,nonword,home,22,English-dominant,nonword,nonword,TRUE,2559,2.559
19,26,chinese_nonword_good.png,chinese,nonword,good,22,English-dominant,nonword,nonword,TRUE,1628,1.628
19,27,chinese_realword_cat.png,chinese,word,cat,22,English-dominant,word,word,TRUE,891,0.891
19,28,latin_nonword_paper.png,latin,nonword,paper,22,English-dominant,nonword,nonword,TRUE,926,0.926
19,29,latin_realword_prawn.png,latin,word,prawn,22,English-dominant,word,word,TRUE,927,0.927
19,30,latin_realword_sand.png,latin,word,sand,22,English-dominant,word,word,TRUE,725,0.725
19,31,chinese_nonword_shave.png,chinese,nonword,shave,22,English-dominant,nonword,nonword,TRUE,1299,1.299
19,32,chinese_nonword_milk.png,chinese,nonword,milk,22,English-dominant,nonword,nonword,TRUE,2636,2.636
19,33,latin_nonword_lean.png,latin,nonword,lean,22,English-dominant,nonword,nonword,TRUE,1026,1.026
19,34,latin_realword_pearl.png,latin,word,pearl,22,English-dominant,word,word,TRUE,1029,1.029
19,35,chinese_nonword_praise.png,chinese,nonword,praise,22,English-dominant,nonword,nonword,TRUE,1835,1.835
19,36,latin_nonword_brain.png,latin,nonword,brain,22,English-dominant,nonword,nonword,TRUE,933,0.933
19,37,latin_nonword_feed.png,latin,nonword,feed,22,English-dominant,nonword,nonword,TRUE,1972,1.972
19,38,chinese_nonword_robe.png,chinese,nonword,robe,22,English-dominant,nonword,nonword,TRUE,1127,1.127
19,39,latin_nonword_scoop.png,latin,nonword,scoop,22,English-dominant,nonword,nonword,TRUE,1192,1.192
19,40,latin_nonword_sisterinlaw.png,latin,nonword,sisterinlaw,22,English-dominant,nonword,nonword,TRUE,1155,1.155
20,1,latin_nonword_tree.png,latin,nonword,tree,25,balanced,nonword,nonword,TRUE,1996,1.996
20,2,chinese_nonword_scoop.png,chinese,nonword,scoop,25,balanced,nonword,nonword,TRUE,1763,1.763
20,3,chinese_realword_prawn.png,chinese,word,prawn,25,balanced,word,word,TRUE,2529,2.529
20,4,latin_realword_pat.png,latin,word,pat,25,balanced,word,word,TRUE,1431,1.431
20,5,chinese_realword_eat.png,chinese,word,eat,25,balanced,word,word,TRUE,1289,1.289
20,6,latin_realword_pinch.png,latin,word,pinch,25,balanced,word,nonword,FALSE,3320,3.32
20,7,chinese_nonword_brain.png,chinese,nonword,brain,25,balanced,nonword,nonword,TRUE,4628,4.628
20,8,latin_nonword_praise.png,latin,nonword,praise,25,balanced,nonword,nonword,TRUE,1389,1.389
20,9,latin_nonword_peach.png,latin,nonword,peach,25,balanced,nonword,nonword,TRUE,1489,1.489
20,10,chinese_realword_sand.png,chinese,word,sand,25,balanced,word,word,TRUE,1066,1.066
20,11,latin_nonword_milk.png,latin,nonword,milk,25,balanced,nonword,nonword,TRUE,3786,3.786
20,12,chinese_nonword_pickaxe.png,chinese,nonword,pickaxe,25,balanced,nonword,nonword,TRUE,1198,1.198
20,13,chinese_realword_grass.png,chinese,word,grass,25,balanced,word,word,TRUE,3685,3.685
20,14,latin_realword_cat.png,latin,word,cat,25,balanced,word,word,TRUE,4094,4.094
20,15,latin_realword_medicine.png,latin,word,medicine,25,balanced,word,word,TRUE,2861,2.861
20,16,chinese_nonword_wet.png,chinese,nonword,wet,25,balanced,nonword,nonword,TRUE,1165,1.165
20,17,latin_realword_sea.png,latin,word,sea,25,balanced,word,word,TRUE,1698,1.698
20,18,chinese_realword_blink.png,chinese,word,blink,25,balanced,word,word,TRUE,4227,4.227
20,19,latin_nonword_good.png,latin,nonword,good,25,balanced,nonword,nonword,TRUE,1664,1.664
20,20,chinese_nonword_paper.png,chinese,nonword,paper,25,balanced,nonword,nonword,TRUE,2797,2.797
20,21,latin_nonword_change.png,latin,nonword,change,25,balanced,nonword,nonword,TRUE,2130,2.13
20,22,chinese_realword_keen.png,chinese,word,keen,25,balanced,word,word,TRUE,2695,2.695
20,23,chinese_realword_pearl.png,chinese,word,pearl,25,balanced,word,word,TRUE,8278.000000000015,8.278000000000015
20,24,chinese_nonword_pull.png,chinese,nonword,pull,25,balanced,nonword,nonword,TRUE,1797,1.797
20,25,chinese_nonword_feed.png,chinese,nonword,feed,25,balanced,nonword,nonword,TRUE,4684,4.684
20,26,chinese_nonword_sisterinlaw.png,chinese,nonword,sisterinlaw,25,balanced,nonword,nonword,TRUE,724,0.724
20,27,chinese_realword_wealth.png,chinese,word,wealth,25,balanced,word,word,TRUE,4518,4.518
20,28,latin_nonword_island.png,latin,nonword,island,25,balanced,nonword,nonword,TRUE,1257,1.257
20,29,latin_nonword_bag.png,latin,nonword,bag,25,balanced,nonword,nonword,TRUE,1290,1.29
20,30,latin_realword_wine.png,latin,word,wine,25,balanced,word,word,TRUE,4059,4.059
20,31,latin_nonword_shave.png,latin,nonword,shave,25,balanced,nonword,nonword,TRUE,957,0.957
20,32,latin_realword_tea.png,latin,word,tea,25,balanced,word,word,TRUE,1121,1.121
20,33,latin_realword_flower.png,latin,word,flower,25,balanced,word,word,TRUE,1352,1.352
20,34,latin_nonword_robe.png,latin,nonword,robe,25,balanced,nonword,nonword,TRUE,898,0.898
20,35,chinese_realword_morning.png,chinese,word,morning,25,balanced,word,word,TRUE,1484.000000000029,1.484000000000029
20,36,chinese_realword_sister.png,chinese,word,sister,25,balanced,word,word,TRUE,2522,2.522
20,37,latin_realword_invite.png,latin,word,invite,25,balanced,word,word,TRUE,5523,5.523
20,38,chinese_nonword_lean.png,chinese,nonword,lean,25,balanced,nonword,nonword,TRUE,1023,1.023
20,39,latin_realword_put.png,latin,word,put,25,balanced,word,word,TRUE,1298,1.298
20,40,chinese_nonword_home.png,chinese,nonword,home,25,balanced,nonword,nonword,TRUE,957,0.957
21,1,chinese_nonword_lean.png,chinese,nonword,lean,22,Chinese-family-dominant,nonword,nonword,TRUE,1049,1.049
21,2,chinese_realword_sister.png,chinese,word,sister,22,Chinese-family-dominant,word,word,TRUE,1166,1.166
21,3,latin_nonword_island.png,latin,nonword,island,22,Chinese-family-dominant,nonword,nonword,TRUE,3118,3.118
21,4,chinese_nonword_pull.png,chinese,nonword,pull,22,Chinese-family-dominant,nonword,nonword,TRUE,834,0.834
21,5,latin_realword_tea.png,latin,word,tea,22,Chinese-family-dominant,word,word,TRUE,834,0.834
21,6,chinese_realword_keen.png,chinese,word,keen,22,Chinese-family-dominant,word,nonword,FALSE,2249,2.249
21,7,chinese_realword_morning.png,chinese,word,morning,22,Chinese-family-dominant,word,word,TRUE,601,0.601
21,8,latin_nonword_shave.png,latin,nonword,shave,22,Chinese-family-dominant,nonword,nonword,TRUE,1617,1.617
21,9,chinese_realword_wealth.png,chinese,word,wealth,22,Chinese-family-dominant,word,word,TRUE,1184,1.184
21,10,latin_nonword_change.png,latin,nonword,change,22,Chinese-family-dominant,nonword,nonword,TRUE,949,0.949
21,11,chinese_nonword_feed.png,chinese,nonword,feed,22,Chinese-family-dominant,nonword,nonword,TRUE,833,0.833
21,12,chinese_nonword_home.png,chinese,nonword,home,22,Chinese-family-dominant,nonword,word,FALSE,1015,1.015
21,13,latin_nonword_robe.png,latin,nonword,robe,22,Chinese-family-dominant,nonword,nonword,TRUE,2783,2.783
21,14,chinese_realword_pearl.png,chinese,word,pearl,22,Chinese-family-dominant,word,word,TRUE,633,0.633
21,15,latin_realword_put.png,latin,word,put,22,Chinese-family-dominant,word,word,TRUE,2683,2.683
21,16,chinese_nonword_sisterinlaw.png,chinese,nonword,sisterinlaw,22,Chinese-family-dominant,nonword,nonword,TRUE,1368,1.368
21,17,latin_realword_invite.png,latin,word,invite,22,Chinese-family-dominant,word,word,TRUE,2234,2.234
21,18,latin_realword_wine.png,latin,word,wine,22,Chinese-family-dominant,word,word,TRUE,900,0.9
21,19,latin_nonword_bag.png,latin,nonword,bag,22,Chinese-family-dominant,nonword,nonword,TRUE,1016,1.016
21,20,latin_realword_flower.png,latin,word,flower,22,Chinese-family-dominant,word,word,TRUE,784,0.784
21,21,chinese_realword_blink.png,chinese,word,blink,22,Chinese-family-dominant,word,word,TRUE,799,0.799
21,22,latin_nonword_praise.png,latin,nonword,praise,22,Chinese-family-dominant,nonword,nonword,TRUE,734,0.734
21,23,latin_nonword_milk.png,latin,nonword,milk,22,Chinese-family-dominant,nonword,nonword,TRUE,1201,1.201
21,24,latin_nonword_good.png,latin,nonword,good,22,Chinese-family-dominant,nonword,nonword,TRUE,1367,1.367
21,25,chinese_realword_sand.png,chinese,word,sand,22,Chinese-family-dominant,word,word,TRUE,549,0.549
21,26,latin_realword_sea.png,latin,word,sea,22,Chinese-family-dominant,word,nonword,FALSE,1201,1.201
21,27,chinese_nonword_brain.png,chinese,nonword,brain,22,Chinese-family-dominant,nonword,nonword,TRUE,1049,1.049
21,28,chinese_nonword_paper.png,chinese,nonword,paper,22,Chinese-family-dominant,nonword,nonword,TRUE,818,0.818
21,29,chinese_realword_grass.png,chinese,word,grass,22,Chinese-family-dominant,word,word,TRUE,551,0.551
21,30,latin_nonword_tree.png,latin,nonword,tree,22,Chinese-family-dominant,nonword,word,FALSE,2084,2.084
21,31,latin_realword_cat.png,latin,word,cat,22,Chinese-family-dominant,word,word,TRUE,1916,1.916
21,32,latin_realword_pat.png,latin,word,pat,22,Chinese-family-dominant,word,word,TRUE,1768,1.768
21,33,latin_realword_pinch.png,latin,word,pinch,22,Chinese-family-dominant,word,word,TRUE,1834,1.834
21,34,latin_nonword_peach.png,latin,nonword,peach,22,Chinese-family-dominant,nonword,nonword,TRUE,1582,1.582
21,35,chinese_realword_prawn.png,chinese,word,prawn,22,Chinese-family-dominant,word,word,TRUE,883,0.883
21,36,chinese_nonword_scoop.png,chinese,nonword,scoop,22,Chinese-family-dominant,nonword,nonword,TRUE,1251,1.251
21,37,chinese_realword_eat.png,chinese,word,eat,22,Chinese-family-dominant,word,word,TRUE,617,0.617
21,38,chinese_nonword_wet.png,chinese,nonword,wet,22,Chinese-family-dominant,nonword,nonword,TRUE,749,0.749
21,39,chinese_nonword_pickaxe.png,chinese,nonword,pickaxe,22,Chinese-family-dominant,nonword,nonword,TRUE,1001,1.001
21,40,latin_realword_medicine.png,latin,word,medicine,22,Chinese-family-dominant,word,word,TRUE,1284,1.284
22,1,chinese_nonword_good.png,chinese,nonword,good,20,English-dominant,nonword,nonword,TRUE,2147,2.147
22,2,chinese_nonword_milk.png,chinese,nonword,milk,20,English-dominant,nonword,nonword,TRUE,2145,2.145
22,3,latin_nonword_scoop.png,latin,nonword,scoop,20,English-dominant,nonword,nonword,TRUE,1264,1.264
22,4,latin_nonword_home.png,latin,nonword,home,20,English-dominant,nonword,nonword,TRUE,3811,3.811
22,5,chinese_nonword_robe.png,chinese,nonword,robe,20,English-dominant,nonword,nonword,TRUE,4442,4.442
22,6,latin_nonword_brain.png,latin,nonword,brain,20,English-dominant,nonword,nonword,TRUE,1498,1.498
22,7,latin_realword_pearl.png,latin,word,pearl,20,English-dominant,word,word,TRUE,716,0.716
22,8,chinese_realword_pat.png,chinese,word,pat,20,English-dominant,word,word,TRUE,1332,1.332
22,9,latin_nonword_feed.png,latin,nonword,feed,20,English-dominant,nonword,nonword,TRUE,3011,3.011
22,10,chinese_nonword_praise.png,chinese,nonword,praise,20,English-dominant,nonword,nonword,TRUE,3298,3.298
22,11,latin_realword_blink.png,latin,word,blink,20,English-dominant,word,word,TRUE,969,0.969
22,12,latin_realword_sand.png,latin,word,sand,20,English-dominant,word,word,TRUE,701,0.701
22,13,latin_nonword_pull.png,latin,nonword,pull,20,English-dominant,nonword,nonword,TRUE,1382,1.382
22,14,latin_realword_prawn.png,latin,word,prawn,20,English-dominant,word,word,TRUE,750,0.75
22,15,latin_nonword_lean.png,latin,nonword,lean,20,English-dominant,nonword,nonword,TRUE,816,0.816
22,16,latin_nonword_wet.png,latin,nonword,wet,20,English-dominant,nonword,nonword,TRUE,1149,1.149
22,17,latin_nonword_sisterinlaw.png,latin,nonword,sisterinlaw,20,English-dominant,nonword,nonword,TRUE,1014,1.014
22,18,chinese_nonword_shave.png,chinese,nonword,shave,20,English-dominant,nonword,word,FALSE,4094,4.094
22,19,chinese_realword_cat.png,chinese,word,cat,20,English-dominant,word,word,TRUE,918,0.918
22,20,latin_nonword_paper.png,latin,nonword,paper,20,English-dominant,nonword,nonword,TRUE,1049,1.049
22,21,chinese_realword_pinch.png,chinese,word,pinch,20,English-dominant,word,word,TRUE,1047,1.047
22,22,latin_realword_keen.png,latin,word,keen,20,English-dominant,word,word,TRUE,1998,1.998
22,23,chinese_realword_put.png,chinese,word,put,20,English-dominant,word,word,TRUE,783,0.783
22,24,chinese_nonword_peach.png,chinese,nonword,peach,20,English-dominant,nonword,nonword,TRUE,5026,5.026
22,25,latin_realword_eat.png,latin,word,eat,20,English-dominant,word,word,TRUE,983,0.983
22,26,chinese_nonword_island.png,chinese,nonword,island,20,English-dominant,nonword,nonword,TRUE,2148,2.148
22,27,chinese_realword_wine.png,chinese,word,wine,20,English-dominant,word,word,TRUE,1998,1.998
22,28,latin_realword_grass.png,latin,word,grass,20,English-dominant,word,word,TRUE,766,0.766
22,29,chinese_realword_sea.png,chinese,word,sea,20,English-dominant,word,word,TRUE,715,0.715
22,30,latin_nonword_pickaxe.png,latin,nonword,pickaxe,20,English-dominant,nonword,nonword,TRUE,849,0.849
22,31,chinese_realword_tea.png,chinese,word,tea,20,English-dominant,word,word,TRUE,2846,2.846
22,32,chinese_realword_invite.png,chinese,word,invite,20,English-dominant,word,word,TRUE,716,0.716
22,33,chinese_realword_flower.png,chinese,word,flower,20,English-dominant,word,word,TRUE,616,0.616
22,34,chinese_nonword_change.png,chinese,nonword,change,20,English-dominant,nonword,nonword,TRUE,2047,2.047
22,35,latin_realword_wealth.png,latin,word,wealth,20,English-dominant,word,word,TRUE,814,0.814
22,36,chinese_nonword_bag.png,chinese,nonword,bag,20,English-dominant,nonword,nonword,TRUE,3627,3.627
22,37,chinese_nonword_tree.png,chinese,nonword,tree,20,English-dominant,nonword,nonword,TRUE,3511,3.511
22,38,latin_realword_morning.png,latin,word,morning,20,English-dominant,word,word,TRUE,1447,1.447
22,39,chinese_realword_medicine.png,chinese,word,medicine,20,English-dominant,word,word,TRUE,715,0.715
22,40,latin_realword_sister.png,latin,word,sister,20,English-dominant,word,word,TRUE,816,0.816
23,1,latin_realword_scoop.png,latin,word,scoop,20,English-dominant,word,word,TRUE,2133,2.133
23,2,latin_realword_home.png,latin,word,home,20,English-dominant,word,word,TRUE,868,0.868
23,3,latin_nonword_pinch.png,latin,nonword,pinch,20,English-dominant,nonword,nonword,TRUE,2299,2.299
23,4,chinese_realword_shave.png,chinese,word,shave,20,English-dominant,word,word,TRUE,1333,1.333
23,5,latin_nonword_pat.png,latin,nonword,pat,20,English-dominant,nonword,nonword,TRUE,4650,4.65
23,6,chinese_realword_praise.png,chinese,word,praise,20,English-dominant,word,word,TRUE,2701,2.701
23,7,latin_realword_paper.png,latin,word,paper,20,English-dominant,word,word,TRUE,1066,1.066
23,8,chinese_nonword_grass.png,chinese,nonword,grass,20,English-dominant,nonword,nonword,TRUE,1601,1.601
23,9,latin_realword_sisterinlaw.png,latin,word,sisterinlaw,20,English-dominant,word,word,TRUE,1799,1.799
23,10,latin_realword_wet.png,latin,word,wet,20,English-dominant,word,word,TRUE,850,0.85
23,11,latin_nonword_put.png,latin,nonword,put,20,English-dominant,nonword,nonword,TRUE,1184,1.184
23,12,chinese_nonword_prawn.png,chinese,nonword,prawn,20,English-dominant,nonword,nonword,TRUE,1684,1.684
23,13,chinese_realword_bag.png,chinese,word,bag,20,English-dominant,word,word,TRUE,1084,1.084
23,14,chinese_nonword_morning.png,chinese,nonword,morning,20,English-dominant,nonword,nonword,TRUE,3299,3.299
23,15,chinese_realword_change.png,chinese,word,change,20,English-dominant,word,word,TRUE,800,0.8
23,16,latin_realword_brain.png,latin,word,brain,20,English-dominant,word,word,TRUE,767,0.767
23,17,chinese_realword_peach.png,chinese,word,peach,20,English-dominant,word,word,TRUE,3733,3.733
23,18,latin_realword_feed.png,latin,word,feed,20,English-dominant,word,word,TRUE,768,0.768
23,19,chinese_nonword_eat.png,chinese,nonword,eat,20,English-dominant,nonword,nonword,TRUE,1517,1.517
23,20,chinese_nonword_sand.png,chinese,nonword,sand,20,English-dominant,nonword,nonword,TRUE,2199,2.199
23,21,latin_nonword_wine.png,latin,nonword,wine,20,English-dominant,nonword,nonword,TRUE,1717,1.717
23,22,latin_realword_pickaxe.png,latin,word,pickaxe,20,English-dominant,word,word,TRUE,1067,1.067
23,23,latin_nonword_invite.png,latin,nonword,invite,20,English-dominant,nonword,nonword,TRUE,1201,1.201
23,24,latin_nonword_cat.png,latin,nonword,cat,20,English-dominant,nonword,nonword,TRUE,1549,1.549
23,25,latin_nonword_sea.png,latin,nonword,sea,20,English-dominant,nonword,nonword,TRUE,1101,1.101
23,26,latin_realword_lean.png,latin,word,lean,20,English-dominant,word,word,TRUE,1099,1.099
23,27,chinese_realword_milk.png,chinese,word,milk,20,English-dominant,word,word,TRUE,1783,1.783
23,28,latin_nonword_flower.png,latin,nonword,flower,20,English-dominant,nonword,nonword,TRUE,1101,1.101
23,29,latin_realword_pull.png,latin,word,pull,20,English-dominant,word,word,TRUE,1599,1.599
23,30,latin_nonword_tea.png,latin,nonword,tea,20,English-dominant,nonword,nonword,TRUE,1268,1.268
23,31,chinese_nonword_pearl.png,chinese,nonword,pearl,20,English-dominant,nonword,nonword,TRUE,2317,2.317
23,32,chinese_nonword_wealth.png,chinese,nonword,wealth,20,English-dominant,nonword,nonword,TRUE,2116,2.116
23,33,chinese_realword_tree.png,chinese,word,tree,20,English-dominant,word,word,TRUE,1383,1.383
23,34,chinese_realword_robe.png,chinese,word,robe,20,English-dominant,word,word,TRUE,1251,1.251
23,35,chinese_nonword_sister.png,chinese,nonword,sister,20,English-dominant,nonword,nonword,TRUE,3534,3.534
23,36,chinese_realword_good.png,chinese,word,good,20,English-dominant,word,word,TRUE,751,0.751
23,37,latin_nonword_medicine.png,latin,nonword,medicine,20,English-dominant,nonword,nonword,TRUE,932,0.932
23,38,chinese_nonword_blink.png,chinese,nonword,blink,20,English-dominant,nonword,nonword,TRUE,1818,1.818
23,39,chinese_nonword_keen.png,chinese,nonword,keen,20,English-dominant,nonword,nonword,TRUE,1467,1.467
23,40,chinese_realword_island.png,chinese,word,island,20,English-dominant,word,word,TRUE,899,0.899
24,1,chinese_realword_sisterinlaw.png,chinese,word,sisterinlaw,21,Chinese-family-dominant,word,word,TRUE,1250,1.25
24,2,chinese_realword_wet.png,chinese,word,wet,21,Chinese-family-dominant,word,word,TRUE,882,0.882
24,3,chinese_nonword_medicine.png,chinese,nonword,medicine,21,Chinese-family-dominant,nonword,nonword,TRUE,1234,1.234
24,4,latin_realword_peach.png,latin,word,peach,21,Chinese-family-dominant,word,word,TRUE,1100,1.1
24,5,chinese_nonword_invite.png,chinese,nonword,invite,21,Chinese-family-dominant,nonword,nonword,TRUE,850,0.85
24,6,chinese_realword_pickaxe.png,chinese,word,pickaxe,21,Chinese-family-dominant,word,word,TRUE,2083,2.083
24,7,chinese_nonword_flower.png,chinese,nonword,flower,21,Chinese-family-dominant,nonword,nonword,TRUE,1001,1.001
24,8,latin_nonword_morning.png,latin,nonword,morning,21,Chinese-family-dominant,nonword,nonword,TRUE,1152,1.152
24,9,chinese_nonword_cat.png,chinese,nonword,cat,21,Chinese-family-dominant,nonword,nonword,TRUE,767,0.767
24,10,latin_realword_bag.png,latin,word,bag,21,Chinese-family-dominant,word,word,TRUE,1217,1.217
24,11,latin_nonword_sand.png,latin,nonword,sand,21,Chinese-family-dominant,nonword,nonword,TRUE,1100,1.1
24,12,latin_nonword_wealth.png,latin,nonword,wealth,21,Chinese-family-dominant,nonword,nonword,TRUE,867,0.867
24,13,latin_nonword_grass.png,latin,nonword,grass,21,Chinese-family-dominant,nonword,nonword,TRUE,950,0.95
24,14,chinese_realword_feed.png,chinese,word,feed,21,Chinese-family-dominant,word,word,TRUE,1318,1.318
24,15,latin_nonword_eat.png,latin,nonword,eat,21,Chinese-family-dominant,nonword,nonword,TRUE,817,0.817
24,16,chinese_realword_lean.png,chinese,word,lean,21,Chinese-family-dominant,word,word,TRUE,815,0.815
24,17,latin_nonword_sister.png,latin,nonword,sister,21,Chinese-family-dominant,nonword,nonword,TRUE,884,0.884
24,18,latin_realword_robe.png,latin,word,robe,21,Chinese-family-dominant,word,word,TRUE,1766,1.766
24,19,chinese_nonword_sea.png,chinese,nonword,sea,21,Chinese-family-dominant,nonword,nonword,TRUE,783,0.783
24,20,chinese_nonword_tea.png,chinese,nonword,tea,21,Chinese-family-dominant,nonword,nonword,TRUE,732,0.732
24,21,chinese_realword_home.png,chinese,word,home,21,Chinese-family-dominant,word,word,TRUE,1298,1.298
24,22,chinese_realword_scoop.png,chinese,word,scoop,21,Chinese-family-dominant,word,word,TRUE,800,0.8
24,23,chinese_nonword_pat.png,chinese,nonword,pat,21,Chinese-family-dominant,nonword,nonword,TRUE,650,0.65
24,24,latin_realword_tree.png,latin,word,tree,21,Chinese-family-dominant,word,word,TRUE,782,0.782
24,25,latin_realword_good.png,latin,word,good,21,Chinese-family-dominant,word,word,TRUE,818,0.818
24,26,latin_realword_shave.png,latin,word,shave,21,Chinese-family-dominant,word,word,TRUE,634,0.634
24,27,latin_nonword_blink.png,latin,nonword,blink,21,Chinese-family-dominant,nonword,nonword,TRUE,832,0.832
24,28,chinese_nonword_wine.png,chinese,nonword,wine,21,Chinese-family-dominant,nonword,nonword,TRUE,650,0.65
24,29,latin_nonword_keen.png,latin,nonword,keen,21,Chinese-family-dominant,nonword,nonword,TRUE,483,0.483
24,30,latin_realword_praise.png,latin,word,praise,21,Chinese-family-dominant,word,nonword,FALSE,1265,1.265
24,31,latin_realword_change.png,latin,word,change,21,Chinese-family-dominant,word,word,TRUE,883,0.883
24,32,chinese_realword_brain.png,chinese,word,brain,21,Chinese-family-dominant,word,word,TRUE,550,0.55
24,33,latin_realword_island.png,latin,word,island,21,Chinese-family-dominant,word,word,TRUE,650,0.65
24,34,chinese_realword_pull.png,chinese,word,pull,21,Chinese-family-dominant,word,word,TRUE,599,0.599
24,35,latin_nonword_prawn.png,latin,nonword,prawn,21,Chinese-family-dominant,nonword,word,FALSE,1416,1.416
24,36,chinese_nonword_pinch.png,chinese,nonword,pinch,21,Chinese-family-dominant,nonword,nonword,TRUE,950,0.95
24,37,chinese_nonword_put.png,chinese,nonword,put,21,Chinese-family-dominant,nonword,nonword,TRUE,2614,2.614
24,38,latin_realword_milk.png,latin,word,milk,21,Chinese-family-dominant,word,word,TRUE,1350,1.35
24,39,latin_nonword_pearl.png,latin,nonword,pearl,21,Chinese-family-dominant,nonword,nonword,TRUE,832,0.832
24,40,chinese_realword_paper.png,chinese,word,paper,21,Chinese-family-dominant,word,word,TRUE,667,0.667
25,1,latin_nonword_wet.png,latin,nonword,wet,24,Chinese-family-dominant,nonword,nonword,TRUE,974.0999999880804,0.9740999999880804
25,2,chinese_nonword_shave.png,chinese,nonword,shave,24,Chinese-family-dominant,nonword,nonword,TRUE,1610.300000005962,1.610300000005962
25,3,latin_nonword_paper.png,latin,nonword,paper,24,Chinese-family-dominant,nonword,nonword,TRUE,822.7000000000007,0.8227000000000008
25,4,latin_nonword_pull.png,latin,nonword,pull,24,Chinese-family-dominant,nonword,nonword,TRUE,535.6000000059612,0.5356000000059612
25,5,latin_realword_prawn.png,latin,word,prawn,24,Chinese-family-dominant,word,nonword,FALSE,580.5999999999985,0.5805999999999986
25,6,latin_nonword_feed.png,latin,nonword,feed,24,Chinese-family-dominant,nonword,nonword,TRUE,899.1999999880791,0.8991999999880791
25,7,chinese_realword_pat.png,chinese,word,pat,24,Chinese-family-dominant,word,word,TRUE,871.000000005959,0.871000000005959
25,8,chinese_nonword_robe.png,chinese,nonword,robe,24,Chinese-family-dominant,nonword,nonword,TRUE,912.500000005959,0.912500000005959
25,9,latin_nonword_scoop.png,latin,nonword,scoop,24,Chinese-family-dominant,nonword,nonword,TRUE,1003.699999994038,1.003699999994038
25,10,latin_realword_blink.png,latin,word,blink,24,Chinese-family-dominant,word,word,TRUE,910.5,0.9105
25,11,chinese_nonword_good.png,chinese,nonword,good,24,Chinese-family-dominant,nonword,nonword,TRUE,676.3000000000029,0.6763000000000029
25,12,latin_realword_pearl.png,latin,word,pearl,24,Chinese-family-dominant,word,word,TRUE,753.9000000059605,0.7539000000059605
25,13,latin_realword_sand.png,latin,word,sand,24,Chinese-family-dominant,word,word,TRUE,535.5999999999985,0.5355999999999985
25,14,latin_nonword_lean.png,latin,nonword,lean,24,Chinese-family-dominant,nonword,nonword,TRUE,1004.1000000059576,1.0041000000059574
25,15,latin_nonword_sisterinlaw.png,latin,nonword,sisterinlaw,24,Chinese-family-dominant,nonword,nonword,TRUE,959.499999988082,0.959499999988082
25,16,chinese_nonword_milk.png,chinese,nonword,milk,24,Chinese-family-dominant,nonword,nonword,TRUE,1769.300000011921,1.769300000011921
25,17,chinese_realword_cat.png,chinese,word,cat,24,Chinese-family-dominant,word,word,TRUE,920.6999999880792,0.9206999999880792
25,18,chinese_nonword_praise.png,chinese,nonword,praise,24,Chinese-family-dominant,nonword,nonword,TRUE,10389.800000000005,10.389800000000005
25,19,latin_nonword_home.png,latin,nonword,home,24,Chinese-family-dominant,nonword,nonword,TRUE,1106.6000000059576,1.1066000000059577
25,20,latin_nonword_brain.png,latin,nonword,brain,24,Chinese-family-dominant,nonword,nonword,TRUE,976.2999999880848,0.9762999999880848
25,21,chinese_nonword_change.png,chinese,nonword,change,24,Chinese-family-dominant,nonword,nonword,TRUE,744.2000000119151,0.7442000000119151
25,22,chinese_realword_invite.png,chinese,word,invite,24,Chinese-family-dominant,word,word,TRUE,824.500000011918,0.824500000011918
25,23,chinese_realword_medicine.png,chinese,word,medicine,24,Chinese-family-dominant,word,word,TRUE,613.2999999880849,0.6132999999880849
25,24,chinese_realword_wine.png,chinese,word,wine,24,Chinese-family-dominant,word,word,TRUE,479.3999999999942,0.47939999999999416
25,25,latin_realword_grass.png,latin,word,grass,24,Chinese-family-dominant,word,word,TRUE,1042.0999999940395,1.0420999999940397
25,26,latin_nonword_pickaxe.png,latin,nonword,pickaxe,24,Chinese-family-dominant,nonword,nonword,TRUE,821.7000000059634,0.8217000000059633
25,27,chinese_realword_tea.png,chinese,word,tea,24,Chinese-family-dominant,word,nonword,FALSE,964.4000000119267,0.9644000000119268
25,28,chinese_nonword_island.png,chinese,nonword,island,24,Chinese-family-dominant,nonword,nonword,TRUE,612.5,0.6125
25,29,chinese_realword_flower.png,chinese,word,flower,24,Chinese-family-dominant,word,word,TRUE,753.3999999940424,0.7533999999940424
25,30,latin_realword_wealth.png,latin,word,wealth,24,Chinese-family-dominant,word,word,TRUE,809.2999999940366,0.8092999999940367
25,31,chinese_realword_sea.png,chinese,word,sea,24,Chinese-family-dominant,word,word,TRUE,918.5999999880733,0.9185999999880732
25,32,chinese_nonword_bag.png,chinese,nonword,bag,24,Chinese-family-dominant,nonword,nonword,TRUE,816.3999999880762,0.8163999999880761
25,33,chinese_realword_put.png,chinese,word,put,24,Chinese-family-dominant,word,word,TRUE,769.6999999880791,0.769699999988079
25,34,latin_realword_morning.png,latin,word,morning,24,Chinese-family-dominant,word,word,TRUE,641.4000000119267,0.6414000000119268
25,35,chinese_nonword_tree.png,chinese,nonword,tree,24,Chinese-family-dominant,nonword,nonword,TRUE,704.2999999940366,0.7042999999940366
25,36,latin_realword_sister.png,latin,word,sister,24,Chinese-family-dominant,word,word,TRUE,1044.1999999940454,1.0441999999940454
25,37,latin_realword_eat.png,latin,word,eat,24,Chinese-family-dominant,word,word,TRUE,1107.4000000059605,1.1074000000059605
25,38,chinese_realword_pinch.png,chinese,word,pinch,24,Chinese-family-dominant,word,word,TRUE,761.2999999940512,0.7612999999940512
25,39,chinese_nonword_peach.png,chinese,nonword,peach,24,Chinese-family-dominant,nonword,nonword,TRUE,806.7000000000116,0.8067000000000116
25,40,latin_realword_keen.png,latin,word,keen,24,Chinese-family-dominant,word,word,TRUE,2184.299999988085,2.184299999988085
26,1,chinese_realword_milk.png,chinese,word,milk,27,Chinese-family-dominant,word,word,TRUE,1292.2999999985095,1.2922999999985094
26,2,chinese_nonword_keen.png,chinese,nonword,keen,27,Chinese-family-dominant,nonword,nonword,TRUE,1519.3999999992557,1.5193999999992556
26,3,chinese_nonword_blink.png,chinese,nonword,blink,27,Chinese-family-dominant,nonword,nonword,TRUE,1229.8999999996267,1.2298999999996267
26,4,latin_nonword_flower.png,latin,nonword,flower,27,Chinese-family-dominant,nonword,nonword,TRUE,1135.9999999988831,1.1359999999988832
26,5,latin_nonword_cat.png,latin,nonword,cat,27,Chinese-family-dominant,nonword,nonword,TRUE,1232.9999999985084,1.2329999999985084
26,6,chinese_nonword_pearl.png,chinese,nonword,pearl,27,Chinese-family-dominant,nonword,nonword,TRUE,1770.300000000003,1.7703000000000029
26,7,chinese_realword_robe.png,chinese,word,robe,27,Chinese-family-dominant,word,word,TRUE,1021.89999999851,1.02189999999851
26,8,latin_nonword_wine.png,latin,nonword,wine,27,Chinese-family-dominant,nonword,nonword,TRUE,2004.7999999992535,2.0047999999992534
26,9,latin_realword_lean.png,latin,word,lean,27,Chinese-family-dominant,word,word,TRUE,720.4999999988795,0.7204999999988795
26,10,chinese_nonword_wealth.png,chinese,nonword,wealth,27,Chinese-family-dominant,nonword,nonword,TRUE,856.8000000000029,0.8568000000000029
26,11,chinese_realword_tree.png,chinese,word,tree,27,Chinese-family-dominant,word,word,TRUE,1661.199999998884,1.661199999998884
26,12,latin_nonword_tea.png,latin,nonword,tea,27,Chinese-family-dominant,nonword,nonword,TRUE,733.2999999988824,0.7332999999988824
26,13,latin_realword_pull.png,latin,word,pull,27,Chinese-family-dominant,word,word,TRUE,758.3999999985099,0.7583999999985099
26,14,latin_nonword_sea.png,latin,nonword,sea,27,Chinese-family-dominant,nonword,nonword,TRUE,743.9999999985084,0.7439999999985084
26,15,latin_nonword_invite.png,latin,nonword,invite,27,Chinese-family-dominant,nonword,nonword,TRUE,766.5999999988853,0.7665999999988853
26,16,chinese_realword_good.png,chinese,word,good,27,Chinese-family-dominant,word,word,TRUE,961.4000000000016,0.9614000000000016
26,17,latin_realword_pickaxe.png,latin,word,pickaxe,27,Chinese-family-dominant,word,word,TRUE,939.2999999999956,0.9392999999999956
26,18,chinese_nonword_sister.png,chinese,nonword,sister,27,Chinese-family-dominant,nonword,nonword,TRUE,716.3999999999942,0.7163999999999942
26,19,latin_nonword_medicine.png,latin,nonword,medicine,27,Chinese-family-dominant,nonword,nonword,TRUE,1300.6999999988766,1.3006999999988766
26,20,chinese_realword_island.png,chinese,word,island,27,Chinese-family-dominant,word,nonword,FALSE,1530.199999999997,1.5301999999999971
26,21,latin_realword_feed.png,latin,word,feed,27,Chinese-family-dominant,word,word,TRUE,988.2999999988824,0.9882999999988824
26,22,chinese_nonword_sand.png,chinese,nonword,sand,27,Chinese-family-dominant,nonword,nonword,TRUE,1292.099999998885,1.2920999999988851
26,23,chinese_realword_bag.png,chinese,word,bag,27,Chinese-family-dominant,word,word,TRUE,1173.6999999996333,1.1736999999996334
26,24,chinese_nonword_grass.png,chinese,nonword,grass,27,Chinese-family-dominant,nonword,nonword,TRUE,1173.5999999996277,1.1735999999996276
26,25,latin_realword_wet.png,latin,word,wet,27,Chinese-family-dominant,word,word,TRUE,660.0999999996275,0.6600999999996274
26,26,latin_nonword_put.png,latin,nonword,put,27,Chinese-family-dominant,nonword,word,FALSE,1129.399999999252,1.129399999999252
26,27,latin_nonword_pinch.png,latin,nonword,pinch,27,Chinese-family-dominant,nonword,nonword,TRUE,1149.1999999996333,1.1491999999996332
26,28,latin_nonword_pat.png,latin,nonword,pat,27,Chinese-family-dominant,nonword,word,FALSE,713.3000000000029,0.7133000000000029
26,29,latin_realword_sisterinlaw.png,latin,word,sisterinlaw,27,Chinese-family-dominant,word,word,TRUE,806.4999999996217,0.8064999999996216
26,30,chinese_realword_peach.png,chinese,word,peach,27,Chinese-family-dominant,word,word,TRUE,874.7999999985041,0.8747999999985041
26,31,chinese_nonword_morning.png,chinese,nonword,morning,27,Chinese-family-dominant,nonword,nonword,TRUE,1138.6999999985128,1.1386999999985128
26,32,chinese_realword_change.png,chinese,word,change,27,Chinese-family-dominant,word,word,TRUE,699.1999999999971,0.699199999999997
26,33,latin_realword_home.png,latin,word,home,27,Chinese-family-dominant,word,word,TRUE,770.9999999996217,0.7709999999996217
26,34,latin_realword_brain.png,latin,word,brain,27,Chinese-family-dominant,word,word,TRUE,806.8999999999942,0.8068999999999942
26,35,chinese_realword_praise.png,chinese,word,praise,27,Chinese-family-dominant,word,word,TRUE,934.6999999992548,0.9346999999992548
26,36,latin_realword_paper.png,latin,word,paper,27,Chinese-family-dominant,word,word,TRUE,642.5,0.6425
26,37,chinese_nonword_eat.png,chinese,nonword,eat,27,Chinese-family-dominant,nonword,nonword,TRUE,618.0999999999913,0.6180999999999913
26,38,chinese_realword_shave.png,chinese,word,shave,27,Chinese-family-dominant,word,word,TRUE,752.2999999996246,0.7522999999996246
26,39,chinese_nonword_prawn.png,chinese,nonword,prawn,27,Chinese-family-dominant,nonword,nonword,TRUE,1172.8999999999942,1.1728999999999945
26,40,latin_realword_scoop.png,latin,word,scoop,27,Chinese-family-dominant,word,word,TRUE,625.5,0.6255
27,1,latin_realword_flower.png,latin,word,flower,39,English-dominant,word,word,TRUE,1213.2999999046333,1.2132999999046332
27,2,latin_nonword_island.png,latin,nonword,island,39,English-dominant,nonword,nonword,TRUE,1067.0000000000036,1.0670000000000035
27,3,latin_realword_tea.png,latin,word,tea,39,English-dominant,word,word,TRUE,1591.3999999999942,1.5913999999999942
27,4,chinese_realword_morning.png,chinese,word,morning,39,English-dominant,word,word,TRUE,881.8999999761581,0.8818999999761581
27,5,chinese_realword_pearl.png,chinese,word,pearl,39,English-dominant,word,word,TRUE,699,0.699
27,6,latin_realword_wine.png,latin,word,wine,39,English-dominant,word,word,TRUE,890.8999999999978,0.8908999999999978
27,7,chinese_realword_wealth.png,chinese,word,wealth,39,English-dominant,word,word,TRUE,748.9999999999964,0.7489999999999963
27,8,latin_nonword_change.png,latin,nonword,change,39,English-dominant,nonword,nonword,TRUE,1347.6999999284744,1.3476999999284744
27,9,chinese_nonword_sisterinlaw.png,chinese,nonword,sisterinlaw,39,English-dominant,nonword,nonword,TRUE,1048.7999999523165,1.0487999999523163
27,10,chinese_nonword_pull.png,chinese,nonword,pull,39,English-dominant,nonword,nonword,TRUE,963.5999999046326,0.9635999999046324
27,11,chinese_nonword_feed.png,chinese,nonword,feed,39,English-dominant,nonword,nonword,TRUE,824.2000000000116,0.8242000000000116
27,12,latin_nonword_robe.png,latin,nonword,robe,39,English-dominant,nonword,nonword,TRUE,1132.3000000000102,1.13230000000001
27,13,chinese_realword_sister.png,chinese,word,sister,39,English-dominant,word,word,TRUE,882.3000000000029,0.8823000000000029
27,14,latin_realword_put.png,latin,word,put,39,English-dominant,word,word,TRUE,1032.2000000000044,1.0322000000000044
27,15,chinese_realword_keen.png,chinese,word,keen,39,English-dominant,word,word,TRUE,782.6000000000058,0.7826000000000058
27,16,chinese_nonword_lean.png,chinese,nonword,lean,39,English-dominant,nonword,nonword,TRUE,974.3000000000028,0.9743000000000028
27,17,chinese_nonword_home.png,chinese,nonword,home,39,English-dominant,nonword,nonword,TRUE,951.6000000000058,0.9516000000000058
27,18,latin_realword_invite.png,latin,word,invite,39,English-dominant,word,word,TRUE,2091.699999999997,2.0916999999999972
27,19,latin_nonword_shave.png,latin,nonword,shave,39,English-dominant,nonword,nonword,TRUE,1458.699999999997,1.458699999999997
27,20,latin_nonword_bag.png,latin,nonword,bag,39,English-dominant,nonword,word,FALSE,1013.4999999999854,1.0134999999999854
27,21,latin_realword_medicine.png,latin,word,medicine,39,English-dominant,word,nonword,FALSE,2477.0999999999913,2.477099999999991
27,22,chinese_nonword_wet.png,chinese,nonword,wet,39,English-dominant,nonword,nonword,TRUE,1005.5999999046326,1.0055999999046326
27,23,latin_nonword_praise.png,latin,nonword,praise,39,English-dominant,nonword,nonword,TRUE,2214.79999992848,2.21479999992848
27,24,chinese_nonword_brain.png,chinese,nonword,brain,39,English-dominant,nonword,nonword,TRUE,984.1999999999972,0.9841999999999972
27,25,latin_realword_pinch.png,latin,word,pinch,39,English-dominant,word,word,TRUE,1282.5999999999913,1.2825999999999913
27,26,chinese_realword_sand.png,chinese,word,sand,39,English-dominant,word,word,TRUE,747.6000000000204,0.7476000000000204
27,27,chinese_nonword_paper.png,chinese,nonword,paper,39,English-dominant,nonword,nonword,TRUE,848.0999999284686,0.8480999999284686
27,28,chinese_realword_blink.png,chinese,word,blink,39,English-dominant,word,word,TRUE,1133.699999999997,1.133699999999997
27,29,chinese_nonword_pickaxe.png,chinese,nonword,pickaxe,39,English-dominant,nonword,nonword,TRUE,823.9999999046267,0.8239999999046268
27,30,latin_realword_pat.png,latin,word,pat,39,English-dominant,word,word,TRUE,1082.499999928477,1.082499999928477
27,31,chinese_realword_prawn.png,chinese,word,prawn,39,English-dominant,word,word,TRUE,757,0.757
27,32,chinese_nonword_scoop.png,chinese,nonword,scoop,39,English-dominant,nonword,nonword,TRUE,832.1999999999971,0.832199999999997
27,33,chinese_realword_grass.png,chinese,word,grass,39,English-dominant,word,word,TRUE,981.5999999999912,0.9815999999999911
27,34,latin_nonword_milk.png,latin,nonword,milk,39,English-dominant,nonword,word,FALSE,1232.300000000003,1.2323000000000028
27,35,latin_nonword_tree.png,latin,nonword,tree,39,English-dominant,nonword,nonword,TRUE,1015.1000000000058,1.015100000000006
27,36,chinese_realword_eat.png,chinese,word,eat,39,English-dominant,word,word,TRUE,824.4000000000087,0.8244000000000087
27,37,latin_realword_sea.png,latin,word,sea,39,English-dominant,word,word,TRUE,1199.8000000000177,1.1998000000000175
27,38,latin_realword_cat.png,latin,word,cat,39,English-dominant,word,word,TRUE,1074.0000000000146,1.0740000000000145
27,39,latin_nonword_good.png,latin,nonword,good,39,English-dominant,nonword,nonword,TRUE,1034.1000000000058,1.0341000000000058
27,40,latin_nonword_peach.png,latin,nonword,peach,39,English-dominant,nonword,nonword,TRUE,1257.5999999999767,1.2575999999999767
28,1,latin_realword_good.png,latin,word,good,42,Chinese-family-dominant,word,word,TRUE,1325,1.325
28,2,chinese_realword_brain.png,chinese,word,brain,42,Chinese-family-dominant,word,word,TRUE,1558,1.558
28,3,latin_nonword_keen.png,latin,nonword,keen,42,Chinese-family-dominant,nonword,nonword,TRUE,1298,1.298
28,4,latin_realword_change.png,latin,word,change,42,Chinese-family-dominant,word,word,TRUE,2923.0000000000036,2.9230000000000036
28,5,chinese_realword_scoop.png,chinese,word,scoop,42,Chinese-family-dominant,word,word,TRUE,1098,1.098
28,6,latin_nonword_pearl.png,latin,nonword,pearl,42,Chinese-family-dominant,nonword,nonword,TRUE,1059,1.059
28,7,latin_nonword_prawn.png,latin,nonword,prawn,42,Chinese-family-dominant,nonword,word,FALSE,1291,1.291
28,8,latin_realword_milk.png,latin,word,milk,42,Chinese-family-dominant,word,word,TRUE,1291.0000000000036,1.2910000000000037
28,9,chinese_realword_pull.png,chinese,word,pull,42,Chinese-family-dominant,word,word,TRUE,1464,1.464
28,10,latin_realword_shave.png,latin,word,shave,42,Chinese-family-dominant,word,word,TRUE,1764,1.764
28,11,chinese_realword_paper.png,chinese,word,paper,42,Chinese-family-dominant,word,word,TRUE,1125,1.125
28,12,latin_nonword_blink.png,latin,nonword,blink,42,Chinese-family-dominant,nonword,nonword,TRUE,933,0.933
28,13,chinese_realword_home.png,chinese,word,home,42,Chinese-family-dominant,word,word,TRUE,1025,1.025
28,14,latin_realword_praise.png,latin,word,praise,42,Chinese-family-dominant,word,word,TRUE,1725,1.725
28,15,chinese_nonword_pat.png,chinese,nonword,pat,42,Chinese-family-dominant,nonword,nonword,TRUE,992,0.992
28,16,chinese_nonword_put.png,chinese,nonword,put,42,Chinese-family-dominant,nonword,nonword,TRUE,1364,1.364
28,17,chinese_nonword_wine.png,chinese,nonword,wine,42,Chinese-family-dominant,nonword,nonword,TRUE,1022.0000000000072,1.0220000000000071
28,18,chinese_nonword_pinch.png,chinese,nonword,pinch,42,Chinese-family-dominant,nonword,nonword,TRUE,898,0.898
28,19,latin_realword_island.png,latin,word,island,42,Chinese-family-dominant,word,word,TRUE,999,0.999
28,20,latin_realword_tree.png,latin,word,tree,42,Chinese-family-dominant,word,word,TRUE,793,0.793
28,21,latin_nonword_sister.png,latin,nonword,sister,42,Chinese-family-dominant,nonword,nonword,TRUE,4293,4.293
28,22,latin_realword_peach.png,latin,word,peach,42,Chinese-family-dominant,word,word,TRUE,893,0.893
28,23,chinese_nonword_tea.png,chinese,nonword,tea,42,Chinese-family-dominant,nonword,nonword,TRUE,898,0.898
28,24,chinese_nonword_medicine.png,chinese,nonword,medicine,42,Chinese-family-dominant,nonword,nonword,TRUE,4587,4.587
28,25,chinese_realword_wet.png,chinese,word,wet,42,Chinese-family-dominant,word,word,TRUE,959,0.959
28,26,latin_nonword_wealth.png,latin,nonword,wealth,42,Chinese-family-dominant,nonword,nonword,TRUE,959,0.959
28,27,chinese_nonword_cat.png,chinese,nonword,cat,42,Chinese-family-dominant,nonword,nonword,TRUE,893,0.893
28,28,chinese_realword_feed.png,chinese,word,feed,42,Chinese-family-dominant,word,word,TRUE,898,0.898
28,29,latin_nonword_sand.png,latin,nonword,sand,42,Chinese-family-dominant,nonword,nonword,TRUE,832,0.832
28,30,latin_realword_robe.png,latin,word,robe,42,Chinese-family-dominant,word,word,TRUE,865,0.865
28,31,latin_nonword_eat.png,latin,nonword,eat,42,Chinese-family-dominant,nonword,nonword,TRUE,827.0000000000146,0.8270000000000145
28,32,chinese_realword_lean.png,chinese,word,lean,42,Chinese-family-dominant,word,word,TRUE,892,0.892
28,33,latin_realword_bag.png,latin,word,bag,42,Chinese-family-dominant,word,word,TRUE,1264,1.264
28,34,chinese_nonword_sea.png,chinese,nonword,sea,42,Chinese-family-dominant,nonword,nonword,TRUE,898,0.898
28,35,chinese_realword_sisterinlaw.png,chinese,word,sisterinlaw,42,Chinese-family-dominant,word,word,TRUE,926,0.926
28,36,chinese_nonword_flower.png,chinese,nonword,flower,42,Chinese-family-dominant,nonword,word,FALSE,959,0.959
28,37,chinese_realword_pickaxe.png,chinese,word,pickaxe,42,Chinese-family-dominant,word,word,TRUE,1198,1.198
28,38,latin_nonword_morning.png,latin,nonword,morning,42,Chinese-family-dominant,nonword,nonword,TRUE,926.0000000000146,0.9260000000000146
28,39,latin_nonword_grass.png,latin,nonword,grass,42,Chinese-family-dominant,nonword,nonword,TRUE,859.9999999999854,0.8599999999999854
28,40,chinese_nonword_invite.png,chinese,nonword,invite,42,Chinese-family-dominant,nonword,nonword,TRUE,832,0.832
29,1,chinese_realword_prawn.png,chinese,word,prawn,26,Chinese-family-dominant,word,word,TRUE,668.3999999940388,0.6683999999940388
29,2,latin_realword_sea.png,latin,word,sea,26,Chinese-family-dominant,word,word,TRUE,1024.2999999821186,1.0242999999821183
29,3,chinese_nonword_brain.png,chinese,nonword,brain,26,Chinese-family-dominant,nonword,nonword,TRUE,1990.4999999761567,1.9904999999761568
29,4,latin_nonword_peach.png,latin,nonword,peach,26,Chinese-family-dominant,nonword,nonword,TRUE,1264.5,1.2645
29,5,chinese_realword_blink.png,chinese,word,blink,26,Chinese-family-dominant,word,word,TRUE,646.2000000000007,0.6462000000000008
29,6,latin_realword_pat.png,latin,word,pat,26,Chinese-family-dominant,word,word,TRUE,1522.999999988082,1.522999999988082
29,7,latin_nonword_praise.png,latin,nonword,praise,26,Chinese-family-dominant,nonword,nonword,TRUE,1907.19999998212,1.90719999998212
29,8,chinese_realword_grass.png,chinese,word,grass,26,Chinese-family-dominant,word,word,TRUE,697.2999999940366,0.6972999999940366
29,9,latin_nonword_tree.png,latin,nonword,tree,26,Chinese-family-dominant,nonword,nonword,TRUE,907.3000000000028,0.9073000000000028
29,10,chinese_realword_eat.png,chinese,word,eat,26,Chinese-family-dominant,word,word,TRUE,649.1999999821201,0.6491999999821201
29,11,chinese_realword_sand.png,chinese,word,sand,26,Chinese-family-dominant,word,word,TRUE,622.3000000000029,0.622300000000003
29,12,chinese_nonword_wet.png,chinese,nonword,wet,26,Chinese-family-dominant,nonword,nonword,TRUE,872.5999999821215,0.8725999999821216
29,13,chinese_nonword_scoop.png,chinese,nonword,scoop,26,Chinese-family-dominant,nonword,nonword,TRUE,1122.5,1.1225
29,14,latin_realword_pinch.png,latin,word,pinch,26,Chinese-family-dominant,word,nonword,FALSE,825.5999999761552,0.8255999999761552
29,15,latin_nonword_milk.png,latin,nonword,milk,26,Chinese-family-dominant,nonword,nonword,TRUE,4513.499999988082,4.513499999988082
29,16,latin_nonword_good.png,latin,nonword,good,26,Chinese-family-dominant,nonword,nonword,TRUE,1019.2999999880848,1.0192999999880847
29,17,latin_realword_medicine.png,latin,word,medicine,26,Chinese-family-dominant,word,word,TRUE,1878.4999999940335,1.8784999999940335
29,18,latin_realword_cat.png,latin,word,cat,26,Chinese-family-dominant,word,word,TRUE,1863.3999999940424,1.8633999999940425
29,19,chinese_nonword_pickaxe.png,chinese,nonword,pickaxe,26,Chinese-family-dominant,nonword,nonword,TRUE,2019.2999999821184,2.019299999982118
29,20,chinese_nonword_paper.png,chinese,nonword,paper,26,Chinese-family-dominant,nonword,nonword,TRUE,741.7999999940366,0.7417999999940367
29,21,latin_realword_invite.png,latin,word,invite,26,Chinese-family-dominant,word,word,TRUE,2162.2999999761523,2.1622999999761525
29,22,chinese_realword_wealth.png,chinese,word,wealth,26,Chinese-family-dominant,word,word,TRUE,786.8999999821244,0.7868999999821245
29,23,chinese_realword_keen.png,chinese,word,keen,26,Chinese-family-dominant,word,word,TRUE,714.999999976164,0.7149999999761639
29,24,chinese_nonword_lean.png,chinese,nonword,lean,26,Chinese-family-dominant,nonword,nonword,TRUE,725.7999999761523,0.7257999999761523
29,25,latin_nonword_change.png,latin,nonword,change,26,Chinese-family-dominant,nonword,nonword,TRUE,1889.999999976164,1.889999999976164
29,26,chinese_nonword_feed.png,chinese,nonword,feed,26,Chinese-family-dominant,nonword,nonword,TRUE,834.1999999880791,0.834199999988079
29,27,latin_realword_tea.png,latin,word,tea,26,Chinese-family-dominant,word,word,TRUE,895.5,0.8955
29,28,latin_realword_flower.png,latin,word,flower,26,Chinese-family-dominant,word,word,TRUE,1275.899999976158,1.275899999976158
29,29,chinese_realword_pearl.png,chinese,word,pearl,26,Chinese-family-dominant,word,word,TRUE,689.6999999880791,0.6896999999880791
29,30,chinese_nonword_home.png,chinese,nonword,home,26,Chinese-family-dominant,nonword,nonword,TRUE,728.0999999940395,0.7280999999940395
29,31,chinese_realword_sister.png,chinese,word,sister,26,Chinese-family-dominant,word,word,TRUE,719.8999999761581,0.7198999999761582
29,32,latin_realword_put.png,latin,word,put,26,Chinese-family-dominant,word,word,TRUE,855.1999999999971,0.8551999999999971
29,33,chinese_nonword_pull.png,chinese,nonword,pull,26,Chinese-family-dominant,nonword,nonword,TRUE,758.999999976164,0.758999999976164
29,34,latin_nonword_bag.png,latin,nonword,bag,26,Chinese-family-dominant,nonword,nonword,TRUE,1871.6000000000056,1.8716000000000057
29,35,latin_realword_wine.png,latin,word,wine,26,Chinese-family-dominant,word,word,TRUE,1328.4999999940335,1.3284999999940337
29,36,latin_nonword_robe.png,latin,nonword,robe,26,Chinese-family-dominant,nonword,nonword,TRUE,947.7999999821186,0.9477999999821186
29,37,latin_nonword_shave.png,latin,nonword,shave,26,Chinese-family-dominant,nonword,nonword,TRUE,1980,1.98
29,38,chinese_realword_morning.png,chinese,word,morning,26,Chinese-family-dominant,word,word,TRUE,768.2999999821186,0.7682999999821186
29,39,latin_nonword_island.png,latin,nonword,island,26,Chinese-family-dominant,nonword,nonword,TRUE,998.4999999880674,0.9984999999880674
29,40,chinese_nonword_sisterinlaw.png,chinese,nonword,sisterinlaw,26,Chinese-family-dominant,nonword,nonword,TRUE,847.3999999880907,0.8473999999880907
30,1,latin_realword_feed.png,latin,word,feed,18,balanced,word,nonword,FALSE,1215.6999999999998,1.2156999999999998
30,2,latin_realword_brain.png,latin,word,brain,18,balanced,word,word,TRUE,1351.2000000238422,1.3512000000238422
30,3,chinese_realword_praise.png,chinese,word,praise,18,balanced,word,word,TRUE,1448.600000017881,1.4486000000178811
30,4,latin_nonword_pat.png,latin,nonword,pat,18,balanced,nonword,nonword,TRUE,1097.800000011921,1.097800000011921
30,5,chinese_realword_peach.png,chinese,word,peach,18,balanced,word,nonword,FALSE,2900,2.9
30,6,latin_realword_scoop.png,latin,word,scoop,18,balanced,word,word,TRUE,1100.1000000000022,1.100100000000002
30,7,chinese_realword_shave.png,chinese,word,shave,18,balanced,word,word,TRUE,983.0999999999984,0.9830999999999984
30,8,latin_realword_sisterinlaw.png,latin,word,sisterinlaw,18,balanced,word,word,TRUE,8346.400000017882,8.346400000017882
30,9,chinese_nonword_morning.png,chinese,nonword,morning,18,balanced,nonword,word,FALSE,866.5000000178843,0.8665000000178843
30,10,latin_nonword_put.png,latin,nonword,put,18,balanced,nonword,nonword,TRUE,7614.300000023839,7.614300000023839
30,11,chinese_nonword_sand.png,chinese,nonword,sand,18,balanced,nonword,nonword,TRUE,984.7000000178814,0.9847000000178814
30,12,chinese_nonword_eat.png,chinese,nonword,eat,18,balanced,nonword,word,FALSE,2249.100000023842,2.2491000000238417
30,13,chinese_realword_change.png,chinese,word,change,18,balanced,word,nonword,FALSE,6282.000000011918,6.282000000011918
30,14,chinese_realword_bag.png,chinese,word,bag,18,balanced,word,word,TRUE,1564.0000000178843,1.5640000000178842
30,15,latin_realword_paper.png,latin,word,paper,18,balanced,word,word,TRUE,2898.5000000059663,2.898500000005966
30,16,latin_realword_home.png,latin,word,home,18,balanced,word,word,TRUE,2415.7000000238477,2.415700000023848
30,17,chinese_nonword_grass.png,chinese,nonword,grass,18,balanced,nonword,nonword,TRUE,1364.8999999999942,1.3648999999999942
30,18,latin_nonword_pinch.png,latin,nonword,pinch,18,balanced,nonword,nonword,TRUE,59231.8,59.2318
30,19,latin_realword_wet.png,latin,word,wet,18,balanced,word,word,TRUE,898.2000000119151,0.8982000000119151
30,20,chinese_nonword_prawn.png,chinese,nonword,prawn,18,balanced,nonword,word,FALSE,22930.300000005955,22.930300000005953
30,21,chinese_realword_robe.png,chinese,word,robe,18,balanced,word,word,TRUE,1149.2999999999884,1.1492999999999884
30,22,chinese_realword_milk.png,chinese,word,milk,18,balanced,word,word,TRUE,1397.0000000119326,1.3970000000119325
30,23,latin_nonword_cat.png,latin,nonword,cat,18,balanced,nonword,nonword,TRUE,1799.0000000119326,1.7990000000119326
30,24,chinese_nonword_wealth.png,chinese,nonword,wealth,18,balanced,nonword,word,FALSE,1782.4000000238302,1.7824000000238305
30,25,chinese_realword_good.png,chinese,word,good,18,balanced,word,word,TRUE,30698.40000000596,30.69840000000596
30,26,chinese_realword_island.png,chinese,word,island,18,balanced,word,word,TRUE,14116.300000023852,14.116300000023852
30,27,latin_nonword_medicine.png,latin,nonword,medicine,18,balanced,nonword,nonword,TRUE,1699.9000000119267,1.6999000000119266
30,28,chinese_nonword_pearl.png,chinese,nonword,pearl,18,balanced,nonword,word,FALSE,863.2000000238477,0.8632000000238477
30,29,latin_realword_pull.png,latin,word,pull,18,balanced,word,word,TRUE,10931.800000005956,10.931800000005955
30,30,latin_nonword_sea.png,latin,nonword,sea,18,balanced,nonword,nonword,TRUE,1098.2000000000116,1.0982000000000116
30,31,chinese_nonword_blink.png,chinese,nonword,blink,18,balanced,nonword,word,FALSE,1051.8000000238535,1.0518000000238534
30,32,latin_realword_pickaxe.png,latin,word,pickaxe,18,balanced,word,word,TRUE,20930.900000011898,20.9309000000119
30,33,latin_nonword_wine.png,latin,nonword,wine,18,balanced,nonword,nonword,TRUE,1016.7000000000116,1.0167000000000117
30,34,chinese_realword_tree.png,chinese,word,tree,18,balanced,word,word,TRUE,6231.8000000238535,6.231800000023854
30,35,latin_realword_lean.png,latin,word,lean,18,balanced,word,word,TRUE,1881.8000000059835,1.8818000000059836
30,36,latin_nonword_invite.png,latin,nonword,invite,18,balanced,nonword,nonword,TRUE,998.3000000000466,0.9983000000000466
30,37,chinese_nonword_sister.png,chinese,nonword,sister,18,balanced,nonword,word,FALSE,8216.300000017858,8.216300000017858
30,38,chinese_nonword_keen.png,chinese,nonword,keen,18,balanced,nonword,word,FALSE,701.4000000059605,0.7014000000059605
30,39,latin_nonword_tea.png,latin,nonword,tea,18,balanced,nonword,nonword,TRUE,1884.100000017905,1.884100000017905
30,40,latin_nonword_flower.png,latin,nonword,flower,18,balanced,nonword,nonword,TRUE,981.100000023842,0.981100000023842
31,1,latin_realword_island.png,latin,word,island,20,uncoded,word,word,TRUE,10752,10.752
31,2,chinese_nonword_pat.png,chinese,nonword,pat,20,uncoded,nonword,word,FALSE,6834,6.834
31,3,latin_realword_shave.png,latin,word,shave,20,uncoded,word,word,TRUE,11539,11.539
31,4,latin_nonword_keen.png,latin,nonword,keen,20,uncoded,nonword,nonword,TRUE,9217,9.217
31,5,latin_realword_good.png,latin,word,good,20,uncoded,word,word,TRUE,1051,1.051
31,6,chinese_realword_brain.png,chinese,word,brain,20,uncoded,word,nonword,FALSE,7800,7.8
31,7,latin_realword_praise.png,latin,word,praise,20,uncoded,word,nonword,FALSE,1516,1.516
31,8,latin_nonword_pearl.png,latin,nonword,pearl,20,uncoded,nonword,nonword,TRUE,2001,2.001
31,9,chinese_nonword_wine.png,chinese,nonword,wine,20,uncoded,nonword,word,FALSE,3749,3.749
31,10,chinese_nonword_put.png,chinese,nonword,put,20,uncoded,nonword,word,FALSE,1251,1.251
31,11,latin_realword_milk.png,latin,word,milk,20,uncoded,word,word,TRUE,6200,6.2
31,12,chinese_realword_scoop.png,chinese,word,scoop,20,uncoded,word,word,TRUE,2184,2.184
31,13,chinese_nonword_pinch.png,chinese,nonword,pinch,20,uncoded,nonword,nonword,TRUE,1534,1.534
31,14,latin_nonword_blink.png,latin,nonword,blink,20,uncoded,nonword,nonword,TRUE,9418,9.418
31,15,latin_nonword_prawn.png,latin,nonword,prawn,20,uncoded,nonword,nonword,TRUE,13079,13.079
31,16,latin_realword_tree.png,latin,word,tree,20,uncoded,word,word,TRUE,1984,1.984
31,17,chinese_realword_pull.png,chinese,word,pull,20,uncoded,word,nonword,FALSE,2600,2.6
31,18,chinese_realword_paper.png,chinese,word,paper,20,uncoded,word,nonword,FALSE,2766,2.766
31,19,chinese_realword_home.png,chinese,word,home,20,uncoded,word,word,TRUE,2734,2.734
31,20,latin_realword_change.png,latin,word,change,20,uncoded,word,word,TRUE,8908,8.908
31,21,chinese_realword_pickaxe.png,chinese,word,pickaxe,20,uncoded,word,nonword,FALSE,3701,3.701
31,22,latin_nonword_grass.png,latin,nonword,grass,20,uncoded,nonword,nonword,TRUE,2784,2.784
31,23,chinese_realword_feed.png,chinese,word,feed,20,uncoded,word,nonword,FALSE,2232,2.232
31,24,chinese_nonword_flower.png,chinese,nonword,flower,20,uncoded,nonword,nonword,TRUE,2533,2.533
31,25,chinese_nonword_medicine.png,chinese,nonword,medicine,20,uncoded,nonword,word,FALSE,1716,1.716
31,26,latin_nonword_sister.png,latin,nonword,sister,20,uncoded,nonword,word,FALSE,6808,6.808
31,27,chinese_nonword_tea.png,chinese,nonword,tea,20,uncoded,nonword,word,FALSE,2384,2.384
31,28,latin_realword_peach.png,latin,word,peach,20,uncoded,word,word,TRUE,1449,1.449
31,29,latin_realword_robe.png,latin,word,robe,20,uncoded,word,word,TRUE,6218,6.218
31,30,latin_nonword_wealth.png,latin,nonword,wealth,20,uncoded,nonword,word,FALSE,1282,1.282
31,31,chinese_realword_wet.png,chinese,word,wet,20,uncoded,word,word,TRUE,1301,1.301
31,32,latin_nonword_morning.png,latin,nonword,morning,20,uncoded,nonword,nonword,TRUE,6234,6.234
31,33,chinese_realword_sisterinlaw.png,chinese,word,sisterinlaw,20,uncoded,word,word,TRUE,3749,3.749
31,34,chinese_nonword_invite.png,chinese,nonword,invite,20,uncoded,nonword,nonword,TRUE,2266,2.266
31,35,chinese_nonword_sea.png,chinese,nonword,sea,20,uncoded,nonword,word,FALSE,1634,1.634
31,36,chinese_realword_lean.png,chinese,word,lean,20,uncoded,word,nonword,FALSE,1643,1.643
31,37,latin_realword_bag.png,latin,word,bag,20,uncoded,word,word,TRUE,866,0.866
31,38,latin_nonword_eat.png,latin,nonword,eat,20,uncoded,nonword,nonword,TRUE,1084,1.084
31,39,chinese_nonword_cat.png,chinese,nonword,cat,20,uncoded,nonword,nonword,TRUE,1717,1.717
31,40,latin_nonword_sand.png,latin,nonword,sand,20,uncoded,nonword,nonword,TRUE,1099,1.099
32,1,latin_nonword_home.png,latin,nonword,home,20,Chinese-family-dominant,nonword,word,FALSE,1037,1.037
32,2,latin_nonword_pull.png,latin,nonword,pull,20,Chinese-family-dominant,nonword,nonword,TRUE,736,0.736
32,3,latin_nonword_sisterinlaw.png,latin,nonword,sisterinlaw,20,Chinese-family-dominant,nonword,nonword,TRUE,553,0.553
32,4,chinese_nonword_robe.png,chinese,nonword,robe,20,Chinese-family-dominant,nonword,nonword,TRUE,654,0.654
32,5,latin_nonword_wet.png,latin,nonword,wet,20,Chinese-family-dominant,nonword,nonword,TRUE,654,0.654
32,6,chinese_nonword_good.png,chinese,nonword,good,20,Chinese-family-dominant,nonword,nonword,TRUE,776,0.776
32,7,latin_nonword_brain.png,latin,nonword,brain,20,Chinese-family-dominant,nonword,nonword,TRUE,554,0.554
32,8,latin_nonword_scoop.png,latin,nonword,scoop,20,Chinese-family-dominant,nonword,nonword,TRUE,586,0.586
32,9,latin_nonword_lean.png,latin,nonword,lean,20,Chinese-family-dominant,nonword,nonword,TRUE,655,0.655
32,10,chinese_realword_pat.png,chinese,word,pat,20,Chinese-family-dominant,word,word,TRUE,786,0.786
32,11,latin_realword_prawn.png,latin,word,prawn,20,Chinese-family-dominant,word,word,TRUE,1137,1.137
32,12,chinese_realword_cat.png,chinese,word,cat,20,Chinese-family-dominant,word,word,TRUE,420,0.42
32,13,latin_nonword_paper.png,latin,nonword,paper,20,Chinese-family-dominant,nonword,nonword,TRUE,874,0.874
32,14,chinese_nonword_shave.png,chinese,nonword,shave,20,Chinese-family-dominant,nonword,nonword,TRUE,769.0000000000073,0.7690000000000072
32,15,latin_nonword_feed.png,latin,nonword,feed,20,Chinese-family-dominant,nonword,word,FALSE,2505,2.505
32,16,latin_realword_blink.png,latin,word,blink,20,Chinese-family-dominant,word,word,TRUE,808,0.808
32,17,chinese_nonword_praise.png,chinese,nonword,praise,20,Chinese-family-dominant,nonword,nonword,TRUE,1190,1.19
32,18,chinese_nonword_milk.png,chinese,nonword,milk,20,Chinese-family-dominant,nonword,nonword,TRUE,619,0.619
32,19,latin_realword_pearl.png,latin,word,pearl,20,Chinese-family-dominant,word,word,TRUE,770.0000000000073,0.7700000000000072
32,20,latin_realword_sand.png,latin,word,sand,20,Chinese-family-dominant,word,word,TRUE,524,0.524
32,21,chinese_realword_flower.png,chinese,word,flower,20,Chinese-family-dominant,word,word,TRUE,637,0.637
32,22,latin_realword_morning.png,latin,word,morning,20,Chinese-family-dominant,word,word,TRUE,404,0.404
32,23,latin_realword_eat.png,latin,word,eat,20,Chinese-family-dominant,word,word,TRUE,437,0.437
32,24,latin_nonword_pickaxe.png,latin,nonword,pickaxe,20,Chinese-family-dominant,nonword,word,FALSE,403,0.403
32,25,chinese_nonword_change.png,chinese,nonword,change,20,Chinese-family-dominant,nonword,nonword,TRUE,754,0.754
32,26,chinese_realword_invite.png,chinese,word,invite,20,Chinese-family-dominant,word,word,TRUE,870,0.87
32,27,chinese_realword_medicine.png,chinese,word,medicine,20,Chinese-family-dominant,word,word,TRUE,793,0.793
32,28,chinese_nonword_peach.png,chinese,nonword,peach,20,Chinese-family-dominant,nonword,nonword,TRUE,770,0.77
32,29,latin_realword_sister.png,latin,word,sister,20,Chinese-family-dominant,word,word,TRUE,787,0.787
32,30,chinese_realword_wine.png,chinese,word,wine,20,Chinese-family-dominant,word,word,TRUE,519,0.519
32,31,chinese_realword_put.png,chinese,word,put,20,Chinese-family-dominant,word,word,TRUE,1270,1.27
32,32,chinese_realword_pinch.png,chinese,word,pinch,20,Chinese-family-dominant,word,word,TRUE,404,0.404
32,33,chinese_nonword_bag.png,chinese,nonword,bag,20,Chinese-family-dominant,nonword,nonword,TRUE,803,0.803
32,34,latin_realword_wealth.png,latin,word,wealth,20,Chinese-family-dominant,word,word,TRUE,786,0.786
32,35,latin_realword_keen.png,latin,word,keen,20,Chinese-family-dominant,word,word,TRUE,1690,1.69
32,36,latin_realword_grass.png,latin,word,grass,20,Chinese-family-dominant,word,word,TRUE,787,0.787
32,37,chinese_nonword_tree.png,chinese,nonword,tree,20,Chinese-family-dominant,nonword,nonword,TRUE,991,0.991
32,38,chinese_realword_tea.png,chinese,word,tea,20,Chinese-family-dominant,word,nonword,FALSE,3304,3.304
32,39,chinese_nonword_island.png,chinese,nonword,island,20,Chinese-family-dominant,nonword,nonword,TRUE,703,0.703
32,40,chinese_realword_sea.png,chinese,word,sea,20,Chinese-family-dominant,word,word,TRUE,703,0.703
33,1,chinese_nonword_change.png,chinese,nonword,change,21,English-dominant,nonword,nonword,TRUE,1267,1.267
33,2,chinese_realword_sea.png,chinese,word,sea,21,English-dominant,word,word,TRUE,889,0.889
33,3,chinese_nonword_tree.png,chinese,nonword,tree,21,English-dominant,nonword,nonword,TRUE,2191,2.191
33,4,chinese_realword_medicine.png,chinese,word,medicine,21,English-dominant,word,word,TRUE,756,0.756
33,5,chinese_realword_invite.png,chinese,word,invite,21,English-dominant,word,word,TRUE,1923.0000000000036,1.9230000000000036
33,6,chinese_realword_put.png,chinese,word,put,21,English-dominant,word,word,TRUE,867,0.867
33,7,chinese_nonword_peach.png,chinese,nonword,peach,21,English-dominant,nonword,nonword,TRUE,6094,6.094
33,8,latin_realword_sister.png,latin,word,sister,21,English-dominant,word,word,TRUE,1168,1.168
33,9,latin_realword_morning.png,latin,word,morning,21,English-dominant,word,nonword,FALSE,19336,19.336
33,10,latin_realword_eat.png,latin,word,eat,21,English-dominant,word,nonword,FALSE,2002,2.002
33,11,chinese_nonword_bag.png,chinese,nonword,bag,21,English-dominant,nonword,nonword,TRUE,1367,1.367
33,12,latin_realword_wealth.png,latin,word,wealth,21,English-dominant,word,word,TRUE,4237,4.237
33,13,chinese_realword_wine.png,chinese,word,wine,21,English-dominant,word,word,TRUE,698,0.698
33,14,chinese_nonword_island.png,chinese,nonword,island,21,English-dominant,nonword,nonword,TRUE,1389,1.389
33,15,latin_realword_grass.png,latin,word,grass,21,English-dominant,word,word,TRUE,1136,1.136
33,16,latin_nonword_pickaxe.png,latin,nonword,pickaxe,21,English-dominant,nonword,nonword,TRUE,2695,2.695
33,17,chinese_realword_tea.png,chinese,word,tea,21,English-dominant,word,word,TRUE,1535,1.535
33,18,chinese_realword_pinch.png,chinese,word,pinch,21,English-dominant,word,word,TRUE,3123.0000000000146,3.1230000000000144
33,19,latin_realword_keen.png,latin,word,keen,21,English-dominant,word,word,TRUE,964,0.964
33,20,chinese_realword_flower.png,chinese,word,flower,21,English-dominant,word,word,TRUE,566,0.566
33,21,chinese_nonword_milk.png,chinese,nonword,milk,21,English-dominant,nonword,nonword,TRUE,1059,1.059
33,22,latin_nonword_sisterinlaw.png,latin,nonword,sisterinlaw,21,English-dominant,nonword,nonword,TRUE,955,0.955
33,23,chinese_nonword_praise.png,chinese,nonword,praise,21,English-dominant,nonword,word,FALSE,1502,1.502
33,24,latin_realword_sand.png,latin,word,sand,21,English-dominant,word,word,TRUE,691,0.691
33,25,latin_realword_pearl.png,latin,word,pearl,21,English-dominant,word,word,TRUE,598,0.598
33,26,latin_nonword_home.png,latin,nonword,home,21,English-dominant,nonword,nonword,TRUE,2468,2.468
33,27,chinese_nonword_shave.png,chinese,nonword,shave,21,English-dominant,nonword,word,FALSE,568,0.568
33,28,latin_realword_prawn.png,latin,word,prawn,21,English-dominant,word,word,TRUE,3726,3.726
33,29,latin_nonword_feed.png,latin,nonword,feed,21,English-dominant,nonword,nonword,TRUE,1591,1.591
33,30,latin_nonword_wet.png,latin,nonword,wet,21,English-dominant,nonword,nonword,TRUE,3260,3.26
33,31,chinese_realword_cat.png,chinese,word,cat,21,English-dominant,word,word,TRUE,600,0.6
33,32,latin_nonword_scoop.png,latin,nonword,scoop,21,English-dominant,nonword,nonword,TRUE,7305,7.305
33,33,latin_nonword_brain.png,latin,nonword,brain,21,English-dominant,nonword,nonword,TRUE,1626,1.626
33,34,latin_nonword_paper.png,latin,nonword,paper,21,English-dominant,nonword,nonword,TRUE,757,0.757
33,35,latin_nonword_pull.png,latin,nonword,pull,21,English-dominant,nonword,nonword,TRUE,799,0.799
33,36,chinese_nonword_good.png,chinese,nonword,good,21,English-dominant,nonword,nonword,TRUE,1023,1.023
33,37,chinese_realword_pat.png,chinese,word,pat,21,English-dominant,word,word,TRUE,8240,8.24
33,38,latin_realword_blink.png,latin,word,blink,21,English-dominant,word,word,TRUE,971,0.971
33,39,chinese_nonword_robe.png,chinese,nonword,robe,21,English-dominant,nonword,nonword,TRUE,1066,1.066
33,40,latin_nonword_lean.png,latin,nonword,lean,21,English-dominant,nonword,nonword,TRUE,3825,3.825
34,1,chinese_realword_robe.png,chinese,word,robe,20,English-dominant,word,word,TRUE,834,0.834
34,2,chinese_nonword_blink.png,chinese,nonword,blink,20,English-dominant,nonword,nonword,TRUE,1634,1.634
34,3,latin_realword_pull.png,latin,word,pull,20,English-dominant,word,word,TRUE,1201,1.201
34,4,chinese_realword_milk.png,chinese,word,milk,20,English-dominant,word,word,TRUE,1450,1.45
34,5,chinese_realword_island.png,chinese,word,island,20,English-dominant,word,word,TRUE,899,0.899
34,6,latin_nonword_cat.png,latin,nonword,cat,20,English-dominant,nonword,nonword,TRUE,1051,1.051
34,7,latin_nonword_flower.png,latin,nonword,flower,20,English-dominant,nonword,nonword,TRUE,1051,1.051
34,8,chinese_realword_good.png,chinese,word,good,20,English-dominant,word,word,TRUE,1401,1.401
34,9,chinese_nonword_keen.png,chinese,nonword,keen,20,English-dominant,nonword,nonword,TRUE,3134,3.134
34,10,latin_realword_lean.png,latin,word,lean,20,English-dominant,word,word,TRUE,1384,1.384
34,11,chinese_nonword_sister.png,chinese,nonword,sister,20,English-dominant,nonword,nonword,TRUE,1641,1.641
34,12,latin_nonword_medicine.png,latin,nonword,medicine,20,English-dominant,nonword,nonword,TRUE,1216,1.216
34,13,latin_nonword_invite.png,latin,nonword,invite,20,English-dominant,nonword,nonword,TRUE,1181,1.181
34,14,latin_nonword_sea.png,latin,nonword,sea,20,English-dominant,nonword,nonword,TRUE,896,0.896
34,15,latin_nonword_wine.png,latin,nonword,wine,20,English-dominant,nonword,nonword,TRUE,911,0.911
34,16,latin_realword_pickaxe.png,latin,word,pickaxe,20,English-dominant,word,word,TRUE,1472,1.472
34,17,chinese_nonword_wealth.png,chinese,nonword,wealth,20,English-dominant,nonword,nonword,TRUE,1437,1.437
34,18,latin_nonword_tea.png,latin,nonword,tea,20,English-dominant,nonword,nonword,TRUE,764,0.764
34,19,chinese_nonword_pearl.png,chinese,nonword,pearl,20,English-dominant,nonword,nonword,TRUE,1951,1.951
34,20,chinese_realword_tree.png,chinese,word,tree,20,English-dominant,word,word,TRUE,2033,2.033
34,21,chinese_realword_shave.png,chinese,word,shave,20,English-dominant,word,word,TRUE,1279,1.279
34,22,latin_realword_sisterinlaw.png,latin,word,sisterinlaw,20,English-dominant,word,word,TRUE,1332,1.332
34,23,chinese_nonword_morning.png,chinese,nonword,morning,20,English-dominant,nonword,nonword,TRUE,4684,4.684
34,24,chinese_nonword_sand.png,chinese,nonword,sand,20,English-dominant,nonword,nonword,TRUE,1578,1.578
34,25,latin_realword_wet.png,latin,word,wet,20,English-dominant,word,word,TRUE,918,0.918
34,26,latin_realword_paper.png,latin,word,paper,20,English-dominant,word,word,TRUE,871,0.871
34,27,latin_nonword_put.png,latin,nonword,put,20,English-dominant,nonword,nonword,TRUE,3984,3.984
34,28,chinese_nonword_grass.png,chinese,nonword,grass,20,English-dominant,nonword,nonword,TRUE,3166,3.166
34,29,latin_nonword_pinch.png,latin,nonword,pinch,20,English-dominant,nonword,word,FALSE,2749,2.749
34,30,chinese_realword_bag.png,chinese,word,bag,20,English-dominant,word,word,TRUE,929,0.929
34,31,chinese_realword_praise.png,chinese,word,praise,20,English-dominant,word,word,TRUE,801,0.801
34,32,latin_realword_brain.png,latin,word,brain,20,English-dominant,word,word,TRUE,1682,1.682
34,33,chinese_nonword_eat.png,chinese,nonword,eat,20,English-dominant,nonword,nonword,TRUE,937,0.937
34,34,chinese_realword_change.png,chinese,word,change,20,English-dominant,word,word,TRUE,1479,1.479
34,35,latin_nonword_pat.png,latin,nonword,pat,20,English-dominant,nonword,word,FALSE,2536,2.536
34,36,latin_realword_home.png,latin,word,home,20,English-dominant,word,word,TRUE,763,0.763
34,37,chinese_nonword_prawn.png,chinese,nonword,prawn,20,English-dominant,nonword,nonword,TRUE,2484,2.484
34,38,chinese_realword_peach.png,chinese,word,peach,20,English-dominant,word,word,TRUE,4403,4.403
34,39,latin_realword_feed.png,latin,word,feed,20,English-dominant,word,word,TRUE,762,0.762
34,40,latin_realword_scoop.png,latin,word,scoop,20,English-dominant,word,word,TRUE,669,0.669
35,1,chinese_realword_brain.png,chinese,word,brain,20,Chinese-family-dominant,word,word,TRUE,1668,1.668
35,2,latin_realword_milk.png,latin,word,milk,20,Chinese-family-dominant,word,word,TRUE,1350,1.35
35,3,chinese_nonword_put.png,chinese,nonword,put,20,Chinese-family-dominant,nonword,nonword,TRUE,901,0.901
35,4,latin_realword_change.png,latin,word,change,20,Chinese-family-dominant,word,nonword,FALSE,1017,1.017
35,5,latin_realword_good.png,latin,word,good,20,Chinese-family-dominant,word,word,TRUE,734,0.734
35,6,chinese_nonword_pinch.png,chinese,nonword,pinch,20,Chinese-family-dominant,nonword,nonword,TRUE,1367,1.367
35,7,latin_nonword_keen.png,latin,nonword,keen,20,Chinese-family-dominant,nonword,nonword,TRUE,1167,1.167
35,8,latin_nonword_blink.png,latin,nonword,blink,20,Chinese-family-dominant,nonword,nonword,TRUE,867,0.867
35,9,chinese_realword_paper.png,chinese,word,paper,20,Chinese-family-dominant,word,word,TRUE,2284,2.284
35,10,latin_nonword_pearl.png,latin,nonword,pearl,20,Chinese-family-dominant,nonword,nonword,TRUE,766,0.766
35,11,chinese_realword_pull.png,chinese,word,pull,20,Chinese-family-dominant,word,word,TRUE,784,0.784
35,12,latin_nonword_prawn.png,latin,nonword,prawn,20,Chinese-family-dominant,nonword,nonword,TRUE,667,0.667
35,13,chinese_nonword_pat.png,chinese,nonword,pat,20,Chinese-family-dominant,nonword,nonword,TRUE,784,0.784
35,14,latin_realword_tree.png,latin,word,tree,20,Chinese-family-dominant,word,word,TRUE,2601,2.601
35,15,latin_realword_praise.png,latin,word,praise,20,Chinese-family-dominant,word,nonword,FALSE,1434,1.434
35,16,chinese_nonword_wine.png,chinese,nonword,wine,20,Chinese-family-dominant,nonword,nonword,TRUE,1534,1.534
35,17,chinese_realword_scoop.png,chinese,word,scoop,20,Chinese-family-dominant,word,word,TRUE,1567,1.567
35,18,latin_realword_island.png,latin,word,island,20,Chinese-family-dominant,word,word,TRUE,934,0.934
35,19,latin_realword_shave.png,latin,word,shave,20,Chinese-family-dominant,word,word,TRUE,1149,1.149
35,20,chinese_realword_home.png,chinese,word,home,20,Chinese-family-dominant,word,word,TRUE,716,0.716
35,21,latin_nonword_sand.png,latin,nonword,sand,20,Chinese-family-dominant,nonword,nonword,TRUE,782,0.782
35,22,latin_realword_peach.png,latin,word,peach,20,Chinese-family-dominant,word,word,TRUE,966,0.966
35,23,chinese_nonword_tea.png,chinese,nonword,tea,20,Chinese-family-dominant,nonword,nonword,TRUE,751,0.751
35,24,chinese_nonword_invite.png,chinese,nonword,invite,20,Chinese-family-dominant,nonword,nonword,TRUE,1149,1.149
35,25,latin_nonword_sister.png,latin,nonword,sister,20,Chinese-family-dominant,nonword,nonword,TRUE,718,0.718
35,26,chinese_nonword_medicine.png,chinese,nonword,medicine,20,Chinese-family-dominant,nonword,nonword,TRUE,817,0.817
35,27,chinese_realword_pickaxe.png,chinese,word,pickaxe,20,Chinese-family-dominant,word,word,TRUE,3416,3.416
35,28,latin_nonword_wealth.png,latin,nonword,wealth,20,Chinese-family-dominant,nonword,nonword,TRUE,784,0.784
35,29,latin_realword_robe.png,latin,word,robe,20,Chinese-family-dominant,word,word,TRUE,1116,1.116
35,30,chinese_nonword_flower.png,chinese,nonword,flower,20,Chinese-family-dominant,nonword,nonword,TRUE,966,0.966
35,31,chinese_realword_sisterinlaw.png,chinese,word,sisterinlaw,20,Chinese-family-dominant,word,word,TRUE,1151,1.151
35,32,latin_nonword_morning.png,latin,nonword,morning,20,Chinese-family-dominant,nonword,nonword,TRUE,699,0.699
35,33,chinese_nonword_sea.png,chinese,nonword,sea,20,Chinese-family-dominant,nonword,nonword,TRUE,651,0.651
35,34,latin_realword_bag.png,latin,word,bag,20,Chinese-family-dominant,word,word,TRUE,884,0.884
35,35,latin_nonword_eat.png,latin,nonword,eat,20,Chinese-family-dominant,nonword,nonword,TRUE,632,0.632
35,36,chinese_realword_wet.png,chinese,word,wet,20,Chinese-family-dominant,word,word,TRUE,684,0.684
35,37,chinese_nonword_cat.png,chinese,nonword,cat,20,Chinese-family-dominant,nonword,nonword,TRUE,666,0.666
35,38,chinese_realword_feed.png,chinese,word,feed,20,Chinese-family-dominant,word,word,TRUE,701,0.701
35,39,latin_nonword_grass.png,latin,nonword,grass,20,Chinese-family-dominant,nonword,nonword,TRUE,650,0.65
35,40,chinese_realword_lean.png,chinese,word,lean,20,Chinese-family-dominant,word,word,TRUE,1034,1.034
36,1,latin_nonword_bag.png,latin,nonword,bag,20,Chinese-family-dominant,nonword,nonword,TRUE,2864.900000023841,2.864900000023841
36,2,latin_nonword_shave.png,latin,nonword,shave,20,Chinese-family-dominant,nonword,word,FALSE,3247.9999999761585,3.2479999999761584
36,3,chinese_nonword_lean.png,chinese,nonword,lean,20,Chinese-family-dominant,nonword,nonword,TRUE,1464.399999976158,1.464399999976158
36,4,chinese_realword_keen.png,chinese,word,keen,20,Chinese-family-dominant,word,word,TRUE,3182.500000047683,3.182500000047683
36,5,latin_nonword_change.png,latin,nonword,change,20,Chinese-family-dominant,nonword,nonword,TRUE,13114.4,13.1144
36,6,chinese_nonword_feed.png,chinese,nonword,feed,20,Chinese-family-dominant,nonword,nonword,TRUE,1315.0999999999983,1.3150999999999984
36,7,latin_realword_put.png,latin,word,put,20,Chinese-family-dominant,word,word,TRUE,6281.29999997616,6.281299999976159
36,8,chinese_nonword_home.png,chinese,nonword,home,20,Chinese-family-dominant,nonword,nonword,TRUE,4231.70000002384,4.2317000000238405
36,9,latin_realword_flower.png,latin,word,flower,20,Chinese-family-dominant,word,word,TRUE,2464.899999952315,2.4648999999523147
36,10,chinese_realword_morning.png,chinese,word,morning,20,Chinese-family-dominant,word,word,TRUE,1331.2999999761523,1.3312999999761523
36,11,chinese_nonword_sisterinlaw.png,chinese,nonword,sisterinlaw,20,Chinese-family-dominant,nonword,nonword,TRUE,1313.7999999523165,1.3137999999523164
36,12,chinese_realword_sister.png,chinese,word,sister,20,Chinese-family-dominant,word,word,TRUE,1497.5999999523192,1.4975999999523193
36,13,latin_nonword_island.png,latin,nonword,island,20,Chinese-family-dominant,nonword,nonword,TRUE,5214.300000000003,5.214300000000003
36,14,latin_realword_wine.png,latin,word,wine,20,Chinese-family-dominant,word,nonword,FALSE,2097.600000000006,2.0976000000000057
36,15,latin_nonword_robe.png,latin,nonword,robe,20,Chinese-family-dominant,nonword,nonword,TRUE,5581.200000023848,5.5812000000238475
36,16,chinese_realword_wealth.png,chinese,word,wealth,20,Chinese-family-dominant,word,word,TRUE,1380.4999999523134,1.380499999952313
36,17,chinese_realword_pearl.png,chinese,word,pearl,20,Chinese-family-dominant,word,word,TRUE,1181.300000000003,1.181300000000003
36,18,latin_realword_invite.png,latin,word,invite,20,Chinese-family-dominant,word,word,TRUE,2282.2000000476837,2.2822000000476836
36,19,latin_realword_tea.png,latin,word,tea,20,Chinese-family-dominant,word,word,TRUE,1898.0999999761552,1.8980999999761552
36,20,chinese_nonword_pull.png,chinese,nonword,pull,20,Chinese-family-dominant,nonword,nonword,TRUE,2047.8000000476895,2.0478000000476895
36,21,chinese_nonword_scoop.png,chinese,nonword,scoop,20,Chinese-family-dominant,nonword,nonword,TRUE,3498.399999952322,3.4983999999523223
36,22,chinese_realword_sand.png,chinese,word,sand,20,Chinese-family-dominant,word,word,TRUE,1031.2999999523165,1.0312999999523165
36,23,chinese_realword_prawn.png,chinese,word,prawn,20,Chinese-family-dominant,word,word,TRUE,1245.899999952322,1.245899999952322
36,24,latin_nonword_praise.png,latin,nonword,praise,20,Chinese-family-dominant,nonword,word,FALSE,2498,2.498
36,25,chinese_nonword_paper.png,chinese,nonword,paper,20,Chinese-family-dominant,nonword,nonword,TRUE,3215.5,3.2155
36,26,chinese_nonword_wet.png,chinese,nonword,wet,20,Chinese-family-dominant,nonword,nonword,TRUE,2498.0999999523046,2.498099999952305
36,27,latin_realword_pinch.png,latin,word,pinch,20,Chinese-family-dominant,word,word,TRUE,6747.6999999761465,6.747699999976146
36,28,latin_realword_pat.png,latin,word,pat,20,Chinese-family-dominant,word,word,TRUE,1247.9000000476954,1.2479000000476954
36,29,latin_nonword_milk.png,latin,nonword,milk,20,Chinese-family-dominant,nonword,nonword,TRUE,6431.09999997617,6.43109999997617
36,30,chinese_nonword_brain.png,chinese,nonword,brain,20,Chinese-family-dominant,nonword,nonword,TRUE,3015.9000000476954,3.015900000047695
36,31,latin_nonword_good.png,latin,nonword,good,20,Chinese-family-dominant,nonword,nonword,TRUE,5197.999999976164,5.197999999976164
36,32,latin_realword_medicine.png,latin,word,medicine,20,Chinese-family-dominant,word,word,TRUE,2180.9000000476954,2.1809000000476955
36,33,latin_realword_sea.png,latin,word,sea,20,Chinese-family-dominant,word,word,TRUE,2997.1999999523105,2.9971999999523105
36,34,chinese_realword_blink.png,chinese,word,blink,20,Chinese-family-dominant,word,word,TRUE,1031.4000000476954,1.0314000000476953
36,35,chinese_nonword_pickaxe.png,chinese,nonword,pickaxe,20,Chinese-family-dominant,nonword,nonword,TRUE,1447.5999999761698,1.4475999999761695
36,36,latin_nonword_tree.png,latin,nonword,tree,20,Chinese-family-dominant,nonword,nonword,TRUE,1397.7000000000116,1.3977000000000117
36,37,latin_realword_cat.png,latin,word,cat,20,Chinese-family-dominant,word,word,TRUE,1214.399999952322,1.214399999952322
36,38,chinese_realword_eat.png,chinese,word,eat,20,Chinese-family-dominant,word,word,TRUE,815.7999999523163,0.8157999999523163
36,39,chinese_realword_grass.png,chinese,word,grass,20,Chinese-family-dominant,word,word,TRUE,1281.500000047672,1.2815000000476722
36,40,latin_nonword_peach.png,latin,nonword,peach,20,Chinese-family-dominant,nonword,word,FALSE,1080.399999976158,1.080399999976158
37,1,latin_nonword_keen.png,latin,nonword,keen,19,English-dominant,nonword,nonword,TRUE,1605,1.605
37,2,latin_realword_milk.png,latin,word,milk,19,English-dominant,word,word,TRUE,1536,1.536
37,3,chinese_realword_pull.png,chinese,word,pull,19,English-dominant,word,nonword,FALSE,1001,1.001
37,4,latin_nonword_pearl.png,latin,nonword,pearl,19,English-dominant,nonword,nonword,TRUE,865,0.865
37,5,latin_nonword_blink.png,latin,nonword,blink,19,English-dominant,nonword,nonword,TRUE,1085,1.085
37,6,chinese_realword_scoop.png,chinese,word,scoop,19,English-dominant,word,nonword,FALSE,1621,1.621
37,7,chinese_nonword_pinch.png,chinese,nonword,pinch,19,English-dominant,nonword,nonword,TRUE,1570,1.57
37,8,chinese_nonword_put.png,chinese,nonword,put,19,English-dominant,nonword,nonword,TRUE,1218,1.218
37,9,chinese_realword_brain.png,chinese,word,brain,19,English-dominant,word,word,TRUE,1019,1.019
37,10,chinese_realword_home.png,chinese,word,home,19,English-dominant,word,word,TRUE,1168,1.168
37,11,latin_nonword_prawn.png,latin,nonword,prawn,19,English-dominant,nonword,nonword,TRUE,785,0.785
37,12,latin_realword_praise.png,latin,word,praise,19,English-dominant,word,nonword,FALSE,1235,1.235
37,13,chinese_nonword_pat.png,chinese,nonword,pat,19,English-dominant,nonword,nonword,TRUE,884,0.884
37,14,latin_realword_change.png,latin,word,change,19,English-dominant,word,word,TRUE,1121,1.121
37,15,latin_realword_tree.png,latin,word,tree,19,English-dominant,word,word,TRUE,685,0.685
37,16,chinese_realword_paper.png,chinese,word,paper,19,English-dominant,word,word,TRUE,1025,1.025
37,17,latin_realword_good.png,latin,word,good,19,English-dominant,word,word,TRUE,736,0.736
37,18,chinese_nonword_wine.png,chinese,nonword,wine,19,English-dominant,nonword,nonword,TRUE,734,0.734
37,19,latin_realword_shave.png,latin,word,shave,19,English-dominant,word,word,TRUE,684,0.684
37,20,latin_realword_island.png,latin,word,island,19,English-dominant,word,word,TRUE,956,0.956
37,21,latin_realword_peach.png,latin,word,peach,19,English-dominant,word,word,TRUE,719,0.719
37,22,chinese_nonword_sea.png,chinese,nonword,sea,19,English-dominant,nonword,nonword,TRUE,751,0.751
37,23,latin_nonword_wealth.png,latin,nonword,wealth,19,English-dominant,nonword,nonword,TRUE,2605,2.605
37,24,chinese_realword_sisterinlaw.png,chinese,word,sisterinlaw,19,English-dominant,word,nonword,FALSE,1118,1.118
37,25,latin_nonword_morning.png,latin,nonword,morning,19,English-dominant,nonword,nonword,TRUE,1853,1.853
37,26,chinese_nonword_invite.png,chinese,nonword,invite,19,English-dominant,nonword,nonword,TRUE,767,0.767
37,27,chinese_nonword_medicine.png,chinese,nonword,medicine,19,English-dominant,nonword,nonword,TRUE,936,0.936
37,28,chinese_realword_wet.png,chinese,word,wet,19,English-dominant,word,word,TRUE,852,0.852
37,29,latin_nonword_sister.png,latin,nonword,sister,19,English-dominant,nonword,nonword,TRUE,818,0.818
37,30,chinese_realword_pickaxe.png,chinese,word,pickaxe,19,English-dominant,word,nonword,FALSE,985,0.985
37,31,latin_realword_bag.png,latin,word,bag,19,English-dominant,word,word,TRUE,851,0.851
37,32,chinese_nonword_cat.png,chinese,nonword,cat,19,English-dominant,nonword,nonword,TRUE,1102,1.102
37,33,latin_realword_robe.png,latin,word,robe,19,English-dominant,word,word,TRUE,1019,1.019
37,34,chinese_nonword_flower.png,chinese,nonword,flower,19,English-dominant,nonword,nonword,TRUE,1136,1.136
37,35,chinese_nonword_tea.png,chinese,nonword,tea,19,English-dominant,nonword,nonword,TRUE,852,0.852
37,36,latin_nonword_eat.png,latin,nonword,eat,19,English-dominant,nonword,nonword,TRUE,688,0.688
37,37,latin_nonword_sand.png,latin,nonword,sand,19,English-dominant,nonword,nonword,TRUE,1056,1.056
37,38,chinese_realword_lean.png,chinese,word,lean,19,English-dominant,word,nonword,FALSE,2705,2.705
37,39,chinese_realword_feed.png,chinese,word,feed,19,English-dominant,word,nonword,FALSE,3624,3.624
37,40,latin_nonword_grass.png,latin,nonword,grass,19,English-dominant,nonword,nonword,TRUE,802,0.802
38,1,latin_realword_invite.png,latin,word,invite,23,Chinese-family-dominant,word,nonword,FALSE,864,0.864
38,2,chinese_nonword_pull.png,chinese,nonword,pull,23,Chinese-family-dominant,nonword,nonword,TRUE,733,0.733
38,3,chinese_nonword_feed.png,chinese,nonword,feed,23,Chinese-family-dominant,nonword,nonword,TRUE,600,0.6
38,4,latin_nonword_shave.png,latin,nonword,shave,23,Chinese-family-dominant,nonword,nonword,TRUE,632,0.632
38,5,latin_realword_flower.png,latin,word,flower,23,Chinese-family-dominant,word,word,TRUE,726,0.726
38,6,latin_realword_put.png,latin,word,put,23,Chinese-family-dominant,word,word,TRUE,725,0.725
38,7,chinese_nonword_home.png,chinese,nonword,home,23,Chinese-family-dominant,nonword,nonword,TRUE,659.0000000000073,0.6590000000000072
38,8,latin_nonword_change.png,latin,nonword,change,23,Chinese-family-dominant,nonword,nonword,TRUE,691,0.691
38,9,chinese_nonword_lean.png,chinese,nonword,lean,23,Chinese-family-dominant,nonword,nonword,TRUE,567,0.567
38,10,latin_realword_tea.png,latin,word,tea,23,Chinese-family-dominant,word,word,TRUE,665,0.665
38,11,chinese_realword_morning.png,chinese,word,morning,23,Chinese-family-dominant,word,word,TRUE,698,0.698
38,12,chinese_nonword_sisterinlaw.png,chinese,nonword,sisterinlaw,23,Chinese-family-dominant,nonword,nonword,TRUE,624,0.624
38,13,latin_nonword_bag.png,latin,nonword,bag,23,Chinese-family-dominant,nonword,nonword,TRUE,798,0.798
38,14,chinese_realword_pearl.png,chinese,word,pearl,23,Chinese-family-dominant,word,word,TRUE,799,0.799
38,15,chinese_realword_keen.png,chinese,word,keen,23,Chinese-family-dominant,word,word,TRUE,827,0.827
38,16,chinese_realword_sister.png,chinese,word,sister,23,Chinese-family-dominant,word,word,TRUE,632,0.632
38,17,chinese_realword_wealth.png,chinese,word,wealth,23,Chinese-family-dominant,word,word,TRUE,832,0.832
38,18,latin_nonword_island.png,latin,nonword,island,23,Chinese-family-dominant,nonword,nonword,TRUE,831,0.831
38,19,latin_nonword_robe.png,latin,nonword,robe,23,Chinese-family-dominant,nonword,nonword,TRUE,633,0.633
38,20,latin_realword_wine.png,latin,word,wine,23,Chinese-family-dominant,word,word,TRUE,1024.0000000000146,1.0240000000000145
38,21,chinese_nonword_wet.png,chinese,nonword,wet,23,Chinese-family-dominant,nonword,nonword,TRUE,592,0.592
38,22,latin_nonword_milk.png,latin,nonword,milk,23,Chinese-family-dominant,nonword,nonword,TRUE,633,0.633
38,23,chinese_realword_sand.png,chinese,word,sand,23,Chinese-family-dominant,word,nonword,FALSE,499,0.499
38,24,latin_realword_pat.png,latin,word,pat,23,Chinese-family-dominant,word,word,TRUE,692,0.692
38,25,latin_nonword_peach.png,latin,nonword,peach,23,Chinese-family-dominant,nonword,nonword,TRUE,691,0.691
38,26,latin_realword_cat.png,latin,word,cat,23,Chinese-family-dominant,word,word,TRUE,558,0.558
38,27,chinese_nonword_pickaxe.png,chinese,nonword,pickaxe,23,Chinese-family-dominant,nonword,nonword,TRUE,1290,1.29
38,28,latin_realword_medicine.png,latin,word,medicine,23,Chinese-family-dominant,word,word,TRUE,691.0000000000146,0.6910000000000146
38,29,latin_realword_pinch.png,latin,word,pinch,23,Chinese-family-dominant,word,nonword,FALSE,665,0.665
38,30,chinese_realword_eat.png,chinese,word,eat,23,Chinese-family-dominant,word,word,TRUE,592,0.592
38,31,chinese_realword_grass.png,chinese,word,grass,23,Chinese-family-dominant,word,word,TRUE,567,0.567
38,32,latin_nonword_praise.png,latin,nonword,praise,23,Chinese-family-dominant,nonword,nonword,TRUE,898,0.898
38,33,chinese_nonword_brain.png,chinese,nonword,brain,23,Chinese-family-dominant,nonword,nonword,TRUE,765,0.765
38,34,chinese_realword_blink.png,chinese,word,blink,23,Chinese-family-dominant,word,word,TRUE,957.0000000000146,0.9570000000000144
38,35,chinese_realword_prawn.png,chinese,word,prawn,23,Chinese-family-dominant,word,word,TRUE,1723,1.723
38,36,latin_realword_sea.png,latin,word,sea,23,Chinese-family-dominant,word,word,TRUE,825.0000000000291,0.8250000000000292
38,37,chinese_nonword_paper.png,chinese,nonword,paper,23,Chinese-family-dominant,nonword,nonword,TRUE,624,0.624
38,38,latin_nonword_tree.png,latin,nonword,tree,23,Chinese-family-dominant,nonword,nonword,TRUE,633,0.633
38,39,latin_nonword_good.png,latin,nonword,good,23,Chinese-family-dominant,nonword,nonword,TRUE,658,0.658
38,40,chinese_nonword_scoop.png,chinese,nonword,scoop,23,Chinese-family-dominant,nonword,nonword,TRUE,725.0000000000291,0.7250000000000291
39,1,chinese_nonword_pat.png,chinese,nonword,pat,21,English-dominant,nonword,nonword,TRUE,892,0.892
39,2,chinese_nonword_pinch.png,chinese,nonword,pinch,21,English-dominant,nonword,nonword,TRUE,833,0.833
39,3,latin_nonword_blink.png,latin,nonword,blink,21,English-dominant,nonword,nonword,TRUE,824,0.824
39,4,latin_realword_change.png,latin,word,change,21,English-dominant,word,word,TRUE,1533,1.533
39,5,latin_nonword_keen.png,latin,nonword,keen,21,English-dominant,nonword,nonword,TRUE,798,0.798
39,6,chinese_nonword_wine.png,chinese,nonword,wine,21,English-dominant,nonword,nonword,TRUE,799,0.799
39,7,latin_realword_shave.png,latin,word,shave,21,English-dominant,word,word,TRUE,1268,1.268
39,8,chinese_realword_scoop.png,chinese,word,scoop,21,English-dominant,word,word,TRUE,1200,1.2
39,9,latin_realword_milk.png,latin,word,milk,21,English-dominant,word,word,TRUE,1000,1
39,10,latin_nonword_prawn.png,latin,nonword,prawn,21,English-dominant,nonword,nonword,TRUE,1324,1.324
39,11,latin_nonword_pearl.png,latin,nonword,pearl,21,English-dominant,nonword,nonword,TRUE,824,0.824
39,12,latin_realword_tree.png,latin,word,tree,21,English-dominant,word,word,TRUE,1091,1.091
39,13,chinese_nonword_put.png,chinese,nonword,put,21,English-dominant,nonword,nonword,TRUE,700,0.7
39,14,chinese_realword_pull.png,chinese,word,pull,21,English-dominant,word,nonword,FALSE,3568,3.568
39,15,latin_realword_praise.png,latin,word,praise,21,English-dominant,word,nonword,FALSE,1466,1.466
39,16,latin_realword_island.png,latin,word,island,21,English-dominant,word,word,TRUE,866,0.866
39,17,chinese_realword_brain.png,chinese,word,brain,21,English-dominant,word,word,TRUE,1192,1.192
39,18,latin_realword_good.png,latin,word,good,21,English-dominant,word,word,TRUE,666,0.666
39,19,chinese_realword_paper.png,chinese,word,paper,21,English-dominant,word,word,TRUE,1192,1.192
39,20,chinese_realword_home.png,chinese,word,home,21,English-dominant,word,word,TRUE,758,0.758
39,21,latin_realword_bag.png,latin,word,bag,21,English-dominant,word,word,TRUE,1091,1.091
39,22,chinese_realword_sisterinlaw.png,chinese,word,sisterinlaw,21,English-dominant,word,word,TRUE,826,0.826
39,23,chinese_realword_feed.png,chinese,word,feed,21,English-dominant,word,word,TRUE,2192,2.192
39,24,latin_realword_robe.png,latin,word,robe,21,English-dominant,word,word,TRUE,833,0.833
39,25,latin_realword_peach.png,latin,word,peach,21,English-dominant,word,word,TRUE,768,0.768
39,26,chinese_nonword_tea.png,chinese,nonword,tea,21,English-dominant,nonword,nonword,TRUE,833,0.833
39,27,chinese_nonword_invite.png,chinese,nonword,invite,21,English-dominant,nonword,nonword,TRUE,1058,1.058
39,28,chinese_nonword_sea.png,chinese,nonword,sea,21,English-dominant,nonword,nonword,TRUE,791,0.791
39,29,chinese_realword_pickaxe.png,chinese,word,pickaxe,21,English-dominant,word,word,TRUE,2026,2.026
39,30,latin_nonword_grass.png,latin,nonword,grass,21,English-dominant,nonword,word,FALSE,1133,1.133
39,31,latin_nonword_wealth.png,latin,nonword,wealth,21,English-dominant,nonword,nonword,TRUE,1033,1.033
39,32,chinese_realword_lean.png,chinese,word,lean,21,English-dominant,word,nonword,FALSE,3958,3.958
39,33,latin_nonword_sister.png,latin,nonword,sister,21,English-dominant,nonword,nonword,TRUE,792,0.792
39,34,latin_nonword_eat.png,latin,nonword,eat,21,English-dominant,nonword,nonword,TRUE,866,0.866
39,35,chinese_nonword_flower.png,chinese,nonword,flower,21,English-dominant,nonword,word,FALSE,1001,1.001
39,36,latin_nonword_morning.png,latin,nonword,morning,21,English-dominant,nonword,word,FALSE,1067,1.067
39,37,chinese_realword_wet.png,chinese,word,wet,21,English-dominant,word,word,TRUE,1933,1.933
39,38,chinese_nonword_medicine.png,chinese,nonword,medicine,21,English-dominant,nonword,nonword,TRUE,1001,1.001
39,39,chinese_nonword_cat.png,chinese,nonword,cat,21,English-dominant,nonword,word,FALSE,891.0000000000146,0.8910000000000146
39,40,latin_nonword_sand.png,latin,nonword,sand,21,English-dominant,nonword,nonword,TRUE,1133,1.133
40,1,latin_realword_wet.png,latin,word,wet,18,Chinese-family-dominant,word,word,TRUE,1766,1.766
40,2,chinese_nonword_eat.png,chinese,nonword,eat,18,Chinese-family-dominant,nonword,nonword,TRUE,967,0.967
40,3,latin_realword_brain.png,latin,word,brain,18,Chinese-family-dominant,word,word,TRUE,2167,2.167
40,4,chinese_nonword_morning.png,chinese,nonword,morning,18,Chinese-family-dominant,nonword,nonword,TRUE,2015,2.015
40,5,latin_realword_home.png,latin,word,home,18,Chinese-family-dominant,word,word,TRUE,1067,1.067
40,6,latin_realword_sisterinlaw.png,latin,word,sisterinlaw,18,Chinese-family-dominant,word,word,TRUE,1034,1.034
40,7,latin_nonword_pinch.png,latin,nonword,pinch,18,Chinese-family-dominant,nonword,nonword,TRUE,1450,1.45
40,8,chinese_realword_change.png,chinese,word,change,18,Chinese-family-dominant,word,word,TRUE,866,0.866
40,9,chinese_nonword_grass.png,chinese,nonword,grass,18,Chinese-family-dominant,nonword,nonword,TRUE,982,0.982
40,10,chinese_realword_peach.png,chinese,word,peach,18,Chinese-family-dominant,word,word,TRUE,934,0.934
40,11,chinese_realword_shave.png,chinese,word,shave,18,Chinese-family-dominant,word,word,TRUE,917,0.917
40,12,latin_realword_scoop.png,latin,word,scoop,18,Chinese-family-dominant,word,word,TRUE,2500,2.5
40,13,latin_realword_paper.png,latin,word,paper,18,Chinese-family-dominant,word,word,TRUE,784,0.784
40,14,latin_realword_feed.png,latin,word,feed,18,Chinese-family-dominant,word,word,TRUE,1033,1.033
40,15,chinese_realword_bag.png,chinese,word,bag,18,Chinese-family-dominant,word,word,TRUE,1450,1.45
40,16,chinese_nonword_prawn.png,chinese,nonword,prawn,18,Chinese-family-dominant,nonword,nonword,TRUE,1934,1.934
40,17,latin_nonword_pat.png,latin,nonword,pat,18,Chinese-family-dominant,nonword,nonword,TRUE,2650,2.65
40,18,chinese_nonword_sand.png,chinese,nonword,sand,18,Chinese-family-dominant,nonword,nonword,TRUE,1101,1.101
40,19,latin_nonword_put.png,latin,nonword,put,18,Chinese-family-dominant,nonword,nonword,TRUE,1034,1.034
40,20,chinese_realword_praise.png,chinese,word,praise,18,Chinese-family-dominant,word,word,TRUE,1184,1.184
40,21,latin_realword_pickaxe.png,latin,word,pickaxe,18,Chinese-family-dominant,word,word,TRUE,1750,1.75
40,22,chinese_realword_island.png,chinese,word,island,18,Chinese-family-dominant,word,word,TRUE,2466,2.466
40,23,latin_nonword_invite.png,latin,nonword,invite,18,Chinese-family-dominant,nonword,nonword,TRUE,1332,1.332
40,24,latin_nonword_medicine.png,latin,nonword,medicine,18,Chinese-family-dominant,nonword,nonword,TRUE,1249,1.249
40,25,chinese_nonword_blink.png,chinese,nonword,blink,18,Chinese-family-dominant,nonword,nonword,TRUE,1100,1.1
40,26,chinese_realword_milk.png,chinese,word,milk,18,Chinese-family-dominant,word,word,TRUE,1118,1.118
40,27,latin_nonword_tea.png,latin,nonword,tea,18,Chinese-family-dominant,nonword,nonword,TRUE,1034,1.034
40,28,latin_nonword_sea.png,latin,nonword,sea,18,Chinese-family-dominant,nonword,nonword,TRUE,883,0.883
40,29,latin_nonword_flower.png,latin,nonword,flower,18,Chinese-family-dominant,nonword,nonword,TRUE,1417,1.417
40,30,chinese_nonword_keen.png,chinese,nonword,keen,18,Chinese-family-dominant,nonword,nonword,TRUE,1100,1.1
40,31,chinese_nonword_pearl.png,chinese,nonword,pearl,18,Chinese-family-dominant,nonword,nonword,TRUE,1034,1.034
40,32,chinese_realword_robe.png,chinese,word,robe,18,Chinese-family-dominant,word,word,TRUE,1550,1.55
40,33,chinese_nonword_sister.png,chinese,nonword,sister,18,Chinese-family-dominant,nonword,nonword,TRUE,1466,1.466
40,34,latin_realword_pull.png,latin,word,pull,18,Chinese-family-dominant,word,word,TRUE,1432,1.432
40,35,latin_nonword_wine.png,latin,nonword,wine,18,Chinese-family-dominant,nonword,nonword,TRUE,1267,1.267
40,36,chinese_realword_tree.png,chinese,word,tree,18,Chinese-family-dominant,word,word,TRUE,2016,2.016
40,37,chinese_nonword_wealth.png,chinese,nonword,wealth,18,Chinese-family-dominant,nonword,nonword,TRUE,1532,1.532
40,38,chinese_realword_good.png,chinese,word,good,18,Chinese-family-dominant,word,word,TRUE,882,0.882
40,39,latin_nonword_cat.png,latin,nonword,cat,18,Chinese-family-dominant,nonword,nonword,TRUE,1899,1.899
40,40,latin_realword_lean.png,latin,word,lean,18,Chinese-family-dominant,word,word,TRUE,1150,1.15
41,1,chinese_realword_island.png,chinese,word,island,26,Chinese-family-dominant,word,word,TRUE,1167,1.167
41,2,chinese_realword_shave.png,chinese,word,shave,26,Chinese-family-dominant,word,word,TRUE,1482,1.482
41,3,chinese_nonword_sand.png,chinese,nonword,sand,26,Chinese-family-dominant,nonword,nonword,TRUE,984,0.984
41,4,latin_realword_wet.png,latin,word,wet,26,Chinese-family-dominant,word,word,TRUE,934,0.934
41,5,latin_realword_pull.png,latin,word,pull,26,Chinese-family-dominant,word,nonword,FALSE,2182,2.182
41,6,chinese_realword_milk.png,chinese,word,milk,26,Chinese-family-dominant,word,word,TRUE,734,0.734
41,7,latin_nonword_pat.png,latin,nonword,pat,26,Chinese-family-dominant,nonword,nonword,TRUE,2232,2.232
41,8,chinese_realword_tree.png,chinese,word,tree,26,Chinese-family-dominant,word,word,TRUE,667,0.667
41,9,latin_nonword_sea.png,latin,nonword,sea,26,Chinese-family-dominant,nonword,nonword,TRUE,1017,1.017
41,10,latin_nonword_tea.png,latin,nonword,tea,26,Chinese-family-dominant,nonword,nonword,TRUE,1032,1.032
41,11,chinese_nonword_grass.png,chinese,nonword,grass,26,Chinese-family-dominant,nonword,nonword,TRUE,1549,1.549
41,12,latin_realword_scoop.png,latin,word,scoop,26,Chinese-family-dominant,word,word,TRUE,1001,1.001
41,13,latin_nonword_invite.png,latin,nonword,invite,26,Chinese-family-dominant,nonword,nonword,TRUE,899,0.899
41,14,chinese_nonword_sister.png,chinese,nonword,sister,26,Chinese-family-dominant,nonword,nonword,TRUE,801,0.801
41,15,chinese_realword_bag.png,chinese,word,bag,26,Chinese-family-dominant,word,word,TRUE,866,0.866
41,16,chinese_realword_good.png,chinese,word,good,26,Chinese-family-dominant,word,word,TRUE,599,0.599
41,17,latin_nonword_medicine.png,latin,nonword,medicine,26,Chinese-family-dominant,nonword,nonword,TRUE,1484,1.484
41,18,latin_realword_lean.png,latin,word,lean,26,Chinese-family-dominant,word,word,TRUE,916,0.916
41,19,latin_realword_brain.png,latin,word,brain,26,Chinese-family-dominant,word,word,TRUE,717,0.717
41,20,chinese_nonword_keen.png,chinese,nonword,keen,26,Chinese-family-dominant,nonword,nonword,TRUE,734,0.734
41,21,latin_realword_feed.png,latin,word,feed,26,Chinese-family-dominant,word,word,TRUE,967,0.967
41,22,chinese_realword_robe.png,chinese,word,robe,26,Chinese-family-dominant,word,word,TRUE,1417,1.417
41,23,chinese_realword_change.png,chinese,word,change,26,Chinese-family-dominant,word,word,TRUE,616,0.616
41,24,latin_nonword_cat.png,latin,nonword,cat,26,Chinese-family-dominant,nonword,nonword,TRUE,766,0.766
41,25,chinese_nonword_morning.png,chinese,nonword,morning,26,Chinese-family-dominant,nonword,nonword,TRUE,1249,1.249
41,26,latin_realword_pickaxe.png,latin,word,pickaxe,26,Chinese-family-dominant,word,word,TRUE,917,0.917
41,27,latin_nonword_flower.png,latin,nonword,flower,26,Chinese-family-dominant,nonword,nonword,TRUE,2100,2.1
41,28,chinese_nonword_pearl.png,chinese,nonword,pearl,26,Chinese-family-dominant,nonword,nonword,TRUE,834,0.834
41,29,latin_realword_paper.png,latin,word,paper,26,Chinese-family-dominant,word,word,TRUE,951,0.951
41,30,chinese_nonword_prawn.png,chinese,nonword,prawn,26,Chinese-family-dominant,nonword,nonword,TRUE,1734,1.734
41,31,latin_nonword_wine.png,latin,nonword,wine,26,Chinese-family-dominant,nonword,nonword,TRUE,1400,1.4
41,32,chinese_nonword_wealth.png,chinese,nonword,wealth,26,Chinese-family-dominant,nonword,nonword,TRUE,750,0.75
41,33,chinese_nonword_blink.png,chinese,nonword,blink,26,Chinese-family-dominant,nonword,nonword,TRUE,884,0.884
41,34,latin_nonword_pinch.png,latin,nonword,pinch,26,Chinese-family-dominant,nonword,nonword,TRUE,2001,2.001
41,35,chinese_nonword_eat.png,chinese,nonword,eat,26,Chinese-family-dominant,nonword,nonword,TRUE,768,0.768
41,36,latin_nonword_put.png,latin,nonword,put,26,Chinese-family-dominant,nonword,nonword,TRUE,967,0.967
41,37,chinese_realword_peach.png,chinese,word,peach,26,Chinese-family-dominant,word,word,TRUE,950,0.95
41,38,latin_realword_home.png,latin,word,home,26,Chinese-family-dominant,word,nonword,FALSE,717,0.717
41,39,latin_realword_sisterinlaw.png,latin,word,sisterinlaw,26,Chinese-family-dominant,word,word,TRUE,867,0.867
41,40,chinese_realword_praise.png,chinese,word,praise,26,Chinese-family-dominant,word,word,TRUE,684,0.684
42,1,chinese_realword_blink.png,chinese,word,blink,30,uncoded,word,word,TRUE,1123.9999999940392,1.123999999994039
42,2,chinese_realword_pearl.png,chinese,word,pearl,30,uncoded,word,word,TRUE,774.7999999999993,0.7747999999999993
42,3,chinese_nonword_feed.png,chinese,nonword,feed,30,uncoded,nonword,nonword,TRUE,993.3999999999996,0.9933999999999996
42,4,latin_nonword_good.png,latin,nonword,good,30,uncoded,nonword,nonword,TRUE,2586.7999999999993,2.5867999999999993
42,5,latin_nonword_milk.png,latin,nonword,milk,30,uncoded,nonword,nonword,TRUE,1358.0999999940395,1.3580999999940395
42,6,latin_realword_pinch.png,latin,word,pinch,30,uncoded,word,nonword,FALSE,1057.300000005962,1.057300000005962
42,7,latin_realword_medicine.png,latin,word,medicine,30,uncoded,word,word,TRUE,964.0999999880804,0.9640999999880804
42,8,latin_nonword_praise.png,latin,nonword,praise,30,uncoded,nonword,word,FALSE,1027.0999999880803,1.0270999999880803
42,9,chinese_nonword_pickaxe.png,chinese,nonword,pickaxe,30,uncoded,nonword,word,FALSE,1399.5,1.3995
42,10,latin_nonword_robe.png,latin,nonword,robe,30,uncoded,nonword,word,FALSE,1412.199999994038,1.412199999994038
42,11,chinese_realword_wealth.png,chinese,word,wealth,30,uncoded,word,word,TRUE,1386.0999999940395,1.3860999999940395
42,12,chinese_nonword_scoop.png,chinese,nonword,scoop,30,uncoded,nonword,word,FALSE,960.499999994041,0.960499999994041
42,13,latin_nonword_peach.png,latin,nonword,peach,30,uncoded,nonword,nonword,TRUE,358.8000000000029,0.3588000000000029
42,14,chinese_nonword_paper.png,chinese,nonword,paper,30,uncoded,nonword,word,FALSE,887.4000000059605,0.8874000000059604
42,15,latin_nonword_change.png,latin,nonword,change,30,uncoded,nonword,nonword,TRUE,720.2999999821186,0.7202999999821186
42,16,latin_realword_wine.png,latin,word,wine,30,uncoded,word,nonword,FALSE,500.0000000000073,0.5000000000000073
42,17,latin_realword_put.png,latin,word,put,30,uncoded,word,nonword,FALSE,549.2999999821186,0.5492999999821186
42,18,chinese_nonword_brain.png,chinese,nonword,brain,30,uncoded,nonword,word,FALSE,994.699999994038,0.994699999994038
42,19,latin_realword_sea.png,latin,word,sea,30,uncoded,word,word,TRUE,1463.699999988079,1.463699999988079
42,20,latin_realword_invite.png,latin,word,invite,30,uncoded,word,nonword,FALSE,681.1999999940381,0.6811999999940381
42,21,latin_realword_cat.png,latin,word,cat,30,uncoded,word,nonword,FALSE,1062.6999999821128,1.0626999999821127
42,22,latin_realword_flower.png,latin,word,flower,30,uncoded,word,word,TRUE,586.999999988082,0.5869999999880819
42,23,latin_nonword_bag.png,latin,nonword,bag,30,uncoded,nonword,nonword,TRUE,378.9999999940337,0.3789999999940337
42,24,latin_nonword_tree.png,latin,nonword,tree,30,uncoded,nonword,nonword,TRUE,827.9999999821157,0.8279999999821157
42,25,chinese_nonword_sisterinlaw.png,chinese,nonword,sisterinlaw,30,uncoded,nonword,word,FALSE,1059.4000000059605,1.0594000000059605
42,26,chinese_realword_keen.png,chinese,word,keen,30,uncoded,word,word,TRUE,1468.6999999940454,1.468699999994045
42,27,latin_nonword_shave.png,latin,nonword,shave,30,uncoded,nonword,nonword,TRUE,577.6999999821128,0.5776999999821127
42,28,chinese_realword_sand.png,chinese,word,sand,30,uncoded,word,word,TRUE,1625.2999999940366,1.6252999999940363
42,29,chinese_realword_eat.png,chinese,word,eat,30,uncoded,word,nonword,FALSE,810.3000000059546,0.8103000000059546
42,30,latin_realword_tea.png,latin,word,tea,30,uncoded,word,nonword,FALSE,846.3000000000029,0.8463000000000029
42,31,chinese_realword_prawn.png,chinese,word,prawn,30,uncoded,word,nonword,FALSE,1486.6000000000058,1.486600000000006
42,32,chinese_realword_sister.png,chinese,word,sister,30,uncoded,word,nonword,FALSE,669.7999999880849,0.6697999999880849
42,33,chinese_nonword_wet.png,chinese,nonword,wet,30,uncoded,nonword,nonword,TRUE,1362.6999999940454,1.3626999999940457
42,34,latin_nonword_island.png,latin,nonword,island,30,uncoded,nonword,nonword,TRUE,947.6999999940454,0.9476999999940452
42,35,chinese_realword_morning.png,chinese,word,morning,30,uncoded,word,nonword,FALSE,1340.199999999997,1.3401999999999972
42,36,latin_realword_pat.png,latin,word,pat,30,uncoded,word,word,TRUE,1104.3999999940424,1.1043999999940424
42,37,chinese_nonword_lean.png,chinese,nonword,lean,30,uncoded,nonword,word,FALSE,770.2000000059634,0.7702000000059633
42,38,chinese_nonword_pull.png,chinese,nonword,pull,30,uncoded,nonword,word,FALSE,805.5,0.8055
42,39,chinese_nonword_home.png,chinese,nonword,home,30,uncoded,nonword,nonword,TRUE,1032.1999999940454,1.0321999999940454
42,40,chinese_realword_grass.png,chinese,word,grass,30,uncoded,word,word,TRUE,626.1999999999971,0.6261999999999971
43,1,chinese_nonword_blink.png,chinese,nonword,blink,30,uncoded,nonword,word,FALSE,2903.0999999880787,2.9030999999880787
43,2,latin_realword_feed.png,latin,word,feed,30,uncoded,word,word,TRUE,916.7999999999992,0.9167999999999992
43,3,latin_realword_paper.png,latin,word,paper,30,uncoded,word,word,TRUE,1069.3999999880798,1.06939999998808
43,4,chinese_nonword_prawn.png,chinese,nonword,prawn,30,uncoded,nonword,nonword,TRUE,2004.499999982119,2.004499999982119
43,5,chinese_realword_praise.png,chinese,word,praise,30,uncoded,word,word,TRUE,8859.899999982117,8.859899999982117
43,6,chinese_nonword_pearl.png,chinese,nonword,pearl,30,uncoded,nonword,word,FALSE,1241.7000000059634,1.2417000000059637
43,7,chinese_nonword_morning.png,chinese,nonword,morning,30,uncoded,nonword,nonword,TRUE,2099.999999994041,2.099999999994041
43,8,latin_nonword_put.png,latin,nonword,put,30,uncoded,nonword,nonword,TRUE,1716.300000000003,1.7163000000000028
43,9,latin_nonword_pinch.png,latin,nonword,pinch,30,uncoded,nonword,nonword,TRUE,2427.2000000059634,2.4272000000059633
43,10,chinese_nonword_wealth.png,chinese,nonword,wealth,30,uncoded,nonword,nonword,TRUE,1958.800000000003,1.958800000000003
43,11,latin_nonword_cat.png,latin,nonword,cat,30,uncoded,nonword,nonword,TRUE,1285.000000005959,1.285000000005959
43,12,chinese_realword_robe.png,chinese,word,robe,30,uncoded,word,nonword,FALSE,1012.3999999880762,1.0123999999880762
43,13,chinese_nonword_eat.png,chinese,nonword,eat,30,uncoded,nonword,nonword,TRUE,774.8999999999942,0.7748999999999941
43,14,latin_realword_pickaxe.png,latin,word,pickaxe,30,uncoded,word,word,TRUE,2756.399999999994,2.756399999999994
43,15,latin_realword_home.png,latin,word,home,30,uncoded,word,nonword,FALSE,954.5000000059664,0.9545000000059664
43,16,latin_realword_sisterinlaw.png,latin,word,sisterinlaw,30,uncoded,word,nonword,FALSE,1719.8999999999942,1.7198999999999942
43,17,latin_nonword_wine.png,latin,nonword,wine,30,uncoded,nonword,nonword,TRUE,1365.8999999999942,1.365899999999994
43,18,latin_nonword_flower.png,latin,nonword,flower,30,uncoded,nonword,word,FALSE,3764.300000005954,3.7643000000059543
43,19,chinese_realword_change.png,chinese,word,change,30,uncoded,word,nonword,FALSE,1602.7000000059634,1.6027000000059637
43,20,chinese_realword_peach.png,chinese,word,peach,30,uncoded,word,word,TRUE,1526.9000000059605,1.5269000000059605
43,21,chinese_realword_island.png,chinese,word,island,30,uncoded,word,nonword,FALSE,1761.699999988079,1.7616999999880791
43,22,chinese_realword_shave.png,chinese,word,shave,30,uncoded,word,nonword,FALSE,1766.199999999997,1.766199999999997
43,23,chinese_realword_good.png,chinese,word,good,30,uncoded,word,word,TRUE,3080.800000000003,3.080800000000003
43,24,latin_realword_wet.png,latin,word,wet,30,uncoded,word,word,TRUE,1846.5000000059665,1.8465000000059664
43,25,chinese_realword_milk.png,chinese,word,milk,30,uncoded,word,nonword,FALSE,1495.7999999821186,1.4957999999821183
43,26,chinese_realword_tree.png,chinese,word,tree,30,uncoded,word,nonword,FALSE,1727.1000000059576,1.7271000000059575
43,27,chinese_nonword_grass.png,chinese,nonword,grass,30,uncoded,nonword,word,FALSE,5599.5999999821215,5.5995999999821215
43,28,latin_nonword_invite.png,latin,nonword,invite,30,uncoded,nonword,nonword,TRUE,1564.7000000000116,1.5647000000000115
43,29,latin_realword_scoop.png,latin,word,scoop,30,uncoded,word,word,TRUE,1075.4999999940335,1.0754999999940336
43,30,latin_nonword_medicine.png,latin,nonword,medicine,30,uncoded,nonword,nonword,TRUE,2063.5999999880733,2.063599999988073
43,31,chinese_nonword_sand.png,chinese,nonword,sand,30,uncoded,nonword,word,FALSE,1113.0999999940395,1.1130999999940396
43,32,latin_nonword_sea.png,latin,nonword,sea,30,uncoded,nonword,nonword,TRUE,721.3000000059546,0.7213000000059546
43,33,latin_realword_brain.png,latin,word,brain,30,uncoded,word,word,TRUE,826.4999999821302,0.8264999999821302
43,34,latin_realword_lean.png,latin,word,lean,30,uncoded,word,nonword,FALSE,1032.2999999821186,1.0322999999821183
43,35,chinese_nonword_keen.png,chinese,nonword,keen,30,uncoded,nonword,word,FALSE,665.1000000000058,0.6651000000000058
43,36,latin_nonword_pat.png,latin,nonword,pat,30,uncoded,nonword,nonword,TRUE,898.7999999880849,0.8987999999880849
43,37,latin_nonword_tea.png,latin,nonword,tea,30,uncoded,nonword,nonword,TRUE,8202.199999988079,8.202199999988078
43,38,chinese_nonword_sister.png,chinese,nonword,sister,30,uncoded,nonword,nonword,TRUE,1474.3999999999942,1.4743999999999942
43,39,chinese_realword_bag.png,chinese,word,bag,30,uncoded,word,word,TRUE,914.9999999821302,0.9149999999821302
43,40,latin_realword_pull.png,latin,word,pull,30,uncoded,word,nonword,FALSE,1210.9999999940335,1.2109999999940335
44,1,chinese_nonword_sea.png,chinese,nonword,sea,30,English-dominant,nonword,word,FALSE,11708.6,11.7086
44,2,chinese_realword_brain.png,chinese,word,brain,30,English-dominant,word,word,TRUE,12633.300000047682,12.633300000047685
44,3,chinese_nonword_flower.png,chinese,nonword,flower,30,English-dominant,nonword,word,FALSE,15741.799999952316,15.741799999952317
44,4,chinese_nonword_cat.png,chinese,nonword,cat,30,English-dominant,nonword,nonword,TRUE,10020.80000004769,10.02080000004769
44,5,latin_nonword_blink.png,latin,nonword,blink,30,English-dominant,nonword,nonword,TRUE,13703.80000004769,13.70380000004769
44,6,chinese_nonword_pat.png,chinese,nonword,pat,30,English-dominant,nonword,word,FALSE,13127.499999952312,13.127499999952311
44,7,chinese_nonword_pinch.png,chinese,nonword,pinch,30,English-dominant,nonword,word,FALSE,12943.700000047684,12.943700000047684
44,8,chinese_realword_pickaxe.png,chinese,word,pickaxe,30,English-dominant,word,nonword,FALSE,55207.99999995233,55.20799999995233
44,9,chinese_nonword_tea.png,chinese,nonword,tea,30,English-dominant,nonword,word,FALSE,15027.299999952316,15.027299999952316
44,10,latin_realword_milk.png,latin,word,milk,30,English-dominant,word,word,TRUE,15689.799999999988,15.689799999999988
44,11,chinese_nonword_wine.png,chinese,nonword,wine,30,English-dominant,nonword,word,FALSE,11572.100000000006,11.572100000000006
44,12,chinese_nonword_put.png,chinese,nonword,put,30,English-dominant,nonword,nonword,TRUE,17063.10000009538,17.06310000009538
44,13,chinese_realword_feed.png,chinese,word,feed,30,English-dominant,word,nonword,FALSE,14214.999999952328,14.214999999952328
44,14,latin_nonword_sand.png,latin,nonword,sand,30,English-dominant,nonword,nonword,TRUE,12682.400000095367,12.682400000095368
44,15,latin_nonword_morning.png,latin,nonword,morning,30,English-dominant,nonword,nonword,TRUE,12107.90000014304,12.10790000014304
44,16,chinese_realword_lean.png,chinese,word,lean,30,English-dominant,word,word,TRUE,12823.000000047672,12.823000000047672
44,17,latin_realword_peach.png,latin,word,peach,30,English-dominant,word,word,TRUE,11686.60000009538,11.68660000009538
44,18,chinese_realword_scoop.png,chinese,word,scoop,30,English-dominant,word,word,TRUE,15201.099999952305,15.201099999952303
44,19,chinese_realword_pull.png,chinese,word,pull,30,English-dominant,word,word,TRUE,20492.800000000047,20.492800000000045
44,20,latin_nonword_eat.png,latin,nonword,eat,30,English-dominant,nonword,nonword,TRUE,13857.400000047695,13.857400000047695
44,21,latin_realword_robe.png,latin,word,robe,30,English-dominant,word,word,TRUE,10326.200000095356,10.326200000095357
44,22,chinese_realword_wet.png,chinese,word,wet,30,English-dominant,word,word,TRUE,13564.900000000023,13.564900000000025
44,23,latin_realword_praise.png,latin,word,praise,30,English-dominant,word,word,TRUE,12065.200000095356,12.065200000095356
44,24,chinese_realword_home.png,chinese,word,home,30,English-dominant,word,word,TRUE,17025.60000009538,17.02560000009538
44,25,latin_realword_tree.png,latin,word,tree,30,English-dominant,word,word,TRUE,11807.599999952305,11.807599999952304
44,26,chinese_realword_paper.png,chinese,word,paper,30,English-dominant,word,word,TRUE,13364.299999999988,13.364299999999988
44,27,latin_realword_good.png,latin,word,good,30,English-dominant,word,word,TRUE,12168.500000095344,12.168500000095344
44,28,latin_nonword_sister.png,latin,nonword,sister,30,English-dominant,nonword,nonword,TRUE,11188.399999952291,11.188399999952292
44,29,latin_realword_island.png,latin,word,island,30,English-dominant,word,word,TRUE,13284.60000009538,13.28460000009538
44,30,latin_nonword_prawn.png,latin,nonword,prawn,30,English-dominant,nonword,nonword,TRUE,14914.80000009539,14.91480000009539
44,31,latin_nonword_grass.png,latin,nonword,grass,30,English-dominant,nonword,word,FALSE,12551.30000004766,12.551300000047661
44,32,chinese_realword_sisterinlaw.png,chinese,word,sisterinlaw,30,English-dominant,word,word,TRUE,33788.19999995234,33.78819999995234
44,33,chinese_nonword_medicine.png,chinese,nonword,medicine,30,English-dominant,nonword,word,FALSE,10434.80000009539,10.434800000095391
44,34,latin_nonword_pearl.png,latin,nonword,pearl,30,English-dominant,nonword,nonword,TRUE,10446,10.446
44,35,latin_realword_bag.png,latin,word,bag,30,English-dominant,word,word,TRUE,19521.10000009532,19.52110000009532
44,36,latin_realword_change.png,latin,word,change,30,English-dominant,word,word,TRUE,12570.799999952316,12.570799999952316
44,37,latin_nonword_wealth.png,latin,nonword,wealth,30,English-dominant,nonword,nonword,TRUE,16000.200000095414,16.000200000095415
44,38,chinese_nonword_invite.png,chinese,nonword,invite,30,English-dominant,nonword,word,FALSE,13099.899999952291,13.09989999995229
44,39,latin_nonword_keen.png,latin,nonword,keen,30,English-dominant,nonword,nonword,TRUE,26057.000000095344,26.057000000095343
44,40,latin_realword_shave.png,latin,word,shave,30,English-dominant,word,nonword,FALSE,8540.199999999953,8.540199999999954
45,1,chinese_realword_pearl.png,chinese,word,pearl,29,uncoded,word,word,TRUE,20320.899999988076,20.320899999988075
45,2,chinese_nonword_scoop.png,chinese,nonword,scoop,29,uncoded,nonword,word,FALSE,18166.700000000004,18.16670000000001
45,3,latin_nonword_peach.png,latin,nonword,peach,29,uncoded,nonword,word,FALSE,15744.599999988071,15.744599999988072
45,4,chinese_nonword_pickaxe.png,chinese,nonword,pickaxe,29,uncoded,nonword,nonword,TRUE,14854.09999999404,14.85409999999404
45,5,latin_realword_pinch.png,latin,word,pinch,29,uncoded,word,nonword,FALSE,12153.300000000005,12.153300000000003
45,6,latin_realword_medicine.png,latin,word,medicine,29,uncoded,word,word,TRUE,13190.799999994037,13.190799999994036
45,7,chinese_realword_blink.png,chinese,word,blink,29,uncoded,word,nonword,FALSE,11580.09999999404,11.58009999999404
45,8,chinese_realword_wealth.png,chinese,word,wealth,29,uncoded,word,nonword,FALSE,12098.600000005972,12.098600000005971
45,9,chinese_nonword_feed.png,chinese,nonword,feed,29,uncoded,nonword,nonword,TRUE,13560.799999999988,13.560799999999988
45,10,chinese_nonword_paper.png,chinese,nonword,paper,29,uncoded,nonword,nonword,TRUE,28822.399999994028,28.822399999994023
45,11,latin_realword_invite.png,latin,word,invite,29,uncoded,word,word,TRUE,18429.20000000001,18.429200000000012
45,12,chinese_nonword_brain.png,chinese,nonword,brain,29,uncoded,nonword,word,FALSE,12793.000000005966,12.793000000005966
45,13,latin_nonword_robe.png,latin,nonword,robe,29,uncoded,nonword,word,FALSE,14776.600000005972,14.776600000005972
45,14,latin_nonword_praise.png,latin,nonword,praise,29,uncoded,nonword,word,FALSE,11721.599999988102,11.721599999988102
45,15,latin_realword_put.png,latin,word,put,29,uncoded,word,word,TRUE,74235.89999999403,74.23589999999403
45,16,latin_nonword_milk.png,latin,nonword,milk,29,uncoded,nonword,word,FALSE,38023.50000000594,38.02350000000594
45,17,latin_nonword_change.png,latin,nonword,change,29,uncoded,nonword,word,FALSE,11011.799999999988,11.011799999999988
45,18,latin_realword_sea.png,latin,word,sea,29,uncoded,word,word,TRUE,12332.200000000012,12.332200000000013
45,19,latin_nonword_good.png,latin,nonword,good,29,uncoded,nonword,word,FALSE,10275.39999998809,10.27539999998809
45,20,latin_realword_wine.png,latin,word,wine,29,uncoded,word,word,TRUE,14225.700000000012,14.225700000000012
45,21,chinese_realword_grass.png,chinese,word,grass,29,uncoded,word,word,TRUE,12503.599999999977,12.503599999999976
45,22,latin_nonword_bag.png,latin,nonword,bag,29,uncoded,nonword,word,FALSE,13023.30000001192,13.023300000011918
45,23,latin_nonword_shave.png,latin,nonword,shave,29,uncoded,nonword,word,FALSE,10354.200000011944,10.354200000011945
45,24,chinese_nonword_wet.png,chinese,nonword,wet,29,uncoded,nonword,word,FALSE,10053.200000005949,10.05320000000595
45,25,latin_realword_pat.png,latin,word,pat,29,uncoded,word,word,TRUE,11349.599999988102,11.349599999988104
45,26,chinese_nonword_lean.png,chinese,nonword,lean,29,uncoded,nonword,word,FALSE,10959.200000011944,10.959200000011943
45,27,chinese_realword_morning.png,chinese,word,morning,29,uncoded,word,word,TRUE,12305.09999999404,12.30509999999404
45,28,chinese_realword_prawn.png,chinese,word,prawn,29,uncoded,word,word,TRUE,13606.400000000023,13.606400000000024
45,29,latin_realword_flower.png,latin,word,flower,29,uncoded,word,word,TRUE,15329.699999994016,15.329699999994016
45,30,latin_nonword_tree.png,latin,nonword,tree,29,uncoded,nonword,word,FALSE,15020.799999993991,15.020799999993992
45,31,latin_realword_cat.png,latin,word,cat,29,uncoded,word,word,TRUE,10816.699999999952,10.816699999999951
45,32,chinese_realword_sister.png,chinese,word,sister,29,uncoded,word,word,TRUE,12966.400000000023,12.966400000000023
45,33,chinese_realword_sand.png,chinese,word,sand,29,uncoded,word,nonword,FALSE,16993.199999999953,16.993199999999952
45,34,latin_realword_tea.png,latin,word,tea,29,uncoded,word,word,TRUE,14888.900000000023,14.888900000000024
45,35,latin_nonword_island.png,latin,nonword,island,29,uncoded,nonword,word,FALSE,16261.199999994016,16.261199999994016
45,36,chinese_realword_keen.png,chinese,word,keen,29,uncoded,word,word,TRUE,14592.400000011898,14.592400000011898
45,37,chinese_nonword_pull.png,chinese,nonword,pull,29,uncoded,nonword,word,FALSE,13159.300000005984,13.159300000005985
45,38,chinese_realword_eat.png,chinese,word,eat,29,uncoded,word,word,TRUE,15063.499999994065,15.063499999994065
45,39,chinese_nonword_home.png,chinese,nonword,home,29,uncoded,nonword,nonword,TRUE,15159.799999988056,15.159799999988056
45,40,chinese_nonword_sisterinlaw.png,chinese,nonword,sisterinlaw,29,uncoded,nonword,nonword,TRUE,2629.9999999881256,2.629999999988126
46,1,latin_nonword_bag.png,latin,nonword,bag,24,uncoded,nonword,word,FALSE,725.6999999999971,0.7256999999999971
46,2,latin_nonword_shave.png,latin,nonword,shave,24,uncoded,nonword,word,FALSE,1125.6000000476852,1.1256000000476851
46,3,chinese_nonword_pull.png,chinese,nonword,pull,24,uncoded,nonword,word,FALSE,1892.1999999046311,1.892199999904631
46,4,latin_realword_pat.png,latin,word,pat,24,uncoded,word,nonword,FALSE,1109.2999999046297,1.1092999999046296
46,5,latin_realword_cat.png,latin,word,cat,24,uncoded,word,word,TRUE,1292.3000000476825,1.2923000000476823
46,6,chinese_realword_keen.png,chinese,word,keen,24,uncoded,word,nonword,FALSE,558.9999998569474,0.5589999998569474
46,7,chinese_realword_grass.png,chinese,word,grass,24,uncoded,word,word,TRUE,409,0.409
46,8,chinese_nonword_wet.png,chinese,nonword,wet,24,uncoded,nonword,word,FALSE,609.0999999523192,0.6090999999523192
46,9,chinese_realword_sister.png,chinese,word,sister,24,uncoded,word,nonword,FALSE,1541.899999952322,1.5418999999523222
46,10,chinese_nonword_home.png,chinese,nonword,home,24,uncoded,nonword,word,FALSE,942.4000000476808,0.9424000000476808
46,11,chinese_realword_sand.png,chinese,word,sand,24,uncoded,word,word,TRUE,1158.800000000003,1.158800000000003
46,12,latin_nonword_island.png,latin,nonword,island,24,uncoded,nonword,nonword,TRUE,858.8000000476895,0.8588000000476895
46,13,latin_realword_flower.png,latin,word,flower,24,uncoded,word,word,TRUE,1058.8999998569489,1.0588999998569488
46,14,chinese_realword_eat.png,chinese,word,eat,24,uncoded,word,word,TRUE,875.5000000476866,0.8755000000476866
46,15,latin_realword_tea.png,latin,word,tea,24,uncoded,word,word,TRUE,508.59999990463257,0.5085999999046326
46,16,chinese_realword_prawn.png,chinese,word,prawn,24,uncoded,word,nonword,FALSE,492.6000000476779,0.4926000000476779
46,17,chinese_nonword_lean.png,chinese,nonword,lean,24,uncoded,nonword,word,FALSE,341.8999999999942,0.34189999999999415
46,18,chinese_realword_morning.png,chinese,word,morning,24,uncoded,word,word,TRUE,458.7999999523163,0.4587999999523163
46,19,latin_nonword_tree.png,latin,nonword,tree,24,uncoded,nonword,word,FALSE,909.0000000476866,0.9090000000476868
46,20,chinese_nonword_sisterinlaw.png,chinese,nonword,sisterinlaw,24,uncoded,nonword,nonword,TRUE,242.49999995231337,0.24249999995231336
46,21,latin_nonword_change.png,latin,nonword,change,24,uncoded,nonword,word,FALSE,358.7000000476837,0.3587000000476837
46,22,chinese_nonword_feed.png,chinese,nonword,feed,24,uncoded,nonword,word,FALSE,625.6000000476779,0.6256000000476779
46,23,latin_nonword_robe.png,latin,nonword,robe,24,uncoded,nonword,word,FALSE,659.1999999046384,0.6591999999046384
46,24,chinese_realword_blink.png,chinese,word,blink,24,uncoded,word,nonword,FALSE,342.6000000000058,0.34260000000000584
46,25,latin_nonword_praise.png,latin,nonword,praise,24,uncoded,nonword,nonword,TRUE,409.59999990463257,0.4095999999046326
46,26,latin_nonword_peach.png,latin,nonword,peach,24,uncoded,nonword,word,FALSE,658.8000000000029,0.6588000000000029
46,27,chinese_nonword_paper.png,chinese,nonword,paper,24,uncoded,nonword,word,FALSE,1142.099999856946,1.142099999856946
46,28,latin_realword_wine.png,latin,word,wine,24,uncoded,word,nonword,FALSE,975.4000000476808,0.9754000000476808
46,29,latin_realword_put.png,latin,word,put,24,uncoded,word,word,TRUE,875.8999998569489,0.8758999998569489
46,30,chinese_nonword_pickaxe.png,chinese,nonword,pickaxe,24,uncoded,nonword,word,FALSE,558.8000000476895,0.5588000000476895
46,31,latin_realword_pinch.png,latin,word,pinch,24,uncoded,word,word,TRUE,708.8999998569489,0.7088999998569488
46,32,chinese_realword_pearl.png,chinese,word,pearl,24,uncoded,word,word,TRUE,525.5000000476721,0.5255000000476721
46,33,latin_realword_sea.png,latin,word,sea,24,uncoded,word,word,TRUE,442.7999999046442,0.4427999999046442
46,34,chinese_realword_wealth.png,chinese,word,wealth,24,uncoded,word,word,TRUE,675.6999999046384,0.6756999999046384
46,35,latin_nonword_milk.png,latin,nonword,milk,24,uncoded,nonword,nonword,TRUE,225.59999995230464,0.22559999995230465
46,36,latin_nonword_good.png,latin,nonword,good,24,uncoded,nonword,word,FALSE,592.0999999046326,0.5920999999046326
46,37,chinese_nonword_scoop.png,chinese,nonword,scoop,24,uncoded,nonword,nonword,TRUE,575.5999999046326,0.5755999999046326
46,38,latin_realword_medicine.png,latin,word,medicine,24,uncoded,word,word,TRUE,1026.2000000476835,1.0262000000476834
46,39,latin_realword_invite.png,latin,word,invite,24,uncoded,word,nonword,FALSE,392.19999995231046,0.3921999999523105
46,40,chinese_nonword_brain.png,chinese,nonword,brain,24,uncoded,nonword,word,FALSE,425.19999995231046,0.4251999999523105
47,1,latin_nonword_eat.png,latin,nonword,eat,26,English-dominant,nonword,word,FALSE,26749.753000000725,26.749753000000723
47,2,chinese_realword_pickaxe.png,chinese,word,pickaxe,26,English-dominant,word,word,TRUE,4462.483000000007,4.462483000000008
47,3,chinese_realword_scoop.png,chinese,word,scoop,26,English-dominant,word,word,TRUE,7234.439999998489,7.234439999998488
47,4,chinese_nonword_sea.png,chinese,nonword,sea,26,English-dominant,nonword,nonword,TRUE,8713.570999998483,8.713570999998483
47,5,chinese_realword_feed.png,chinese,word,feed,26,English-dominant,word,word,TRUE,14540.662000001466,14.540662000001468
47,6,chinese_nonword_pinch.png,chinese,nonword,pinch,26,English-dominant,nonword,nonword,TRUE,16498.65899999923,16.49865899999923
47,7,chinese_nonword_put.png,chinese,nonword,put,26,English-dominant,nonword,word,FALSE,2633.1460000007646,2.6331460000007647
47,8,chinese_realword_lean.png,chinese,word,lean,26,English-dominant,word,nonword,FALSE,12706.834000001489,12.70683400000149
47,9,chinese_nonword_flower.png,chinese,nonword,flower,26,English-dominant,nonword,nonword,TRUE,16311.042999998492,16.31104299999849
47,10,latin_nonword_blink.png,latin,nonword,blink,26,English-dominant,nonword,nonword,TRUE,3277.2119999999995,3.2772119999999996
47,11,latin_realword_milk.png,latin,word,milk,26,English-dominant,word,word,TRUE,1935.2079999992277,1.935207999999228
47,12,latin_nonword_morning.png,latin,nonword,morning,26,English-dominant,nonword,word,FALSE,4692.919999999984,4.692919999999984
47,13,chinese_nonword_pat.png,chinese,nonword,pat,26,English-dominant,nonword,nonword,TRUE,24526.817000000738,24.526817000000737
47,14,chinese_realword_brain.png,chinese,word,brain,26,English-dominant,word,word,TRUE,2571.758000001486,2.571758000001486
47,15,chinese_nonword_wine.png,chinese,nonword,wine,26,English-dominant,nonword,nonword,TRUE,25553.26800000074,25.553268000000735
47,16,chinese_nonword_tea.png,chinese,nonword,tea,26,English-dominant,nonword,nonword,TRUE,11843.179000000004,11.843179000000005
47,17,latin_nonword_sand.png,latin,nonword,sand,26,English-dominant,nonword,nonword,TRUE,45870.90899999923,45.87090899999923
47,18,chinese_nonword_cat.png,chinese,nonword,cat,26,English-dominant,nonword,nonword,TRUE,9807.44299999997,9.80744299999997
47,19,latin_realword_peach.png,latin,word,peach,26,English-dominant,word,word,TRUE,3147.9079999985406,3.1479079999985404
47,20,chinese_realword_pull.png,chinese,word,pull,26,English-dominant,word,word,TRUE,2962.8649999984773,2.962864999998477
47,21,chinese_nonword_invite.png,chinese,nonword,invite,26,English-dominant,nonword,word,FALSE,19016.83600000001,19.01683600000001
47,22,latin_realword_tree.png,latin,word,tree,26,English-dominant,word,nonword,FALSE,3534.464999999269,3.534464999999269
47,23,chinese_realword_home.png,chinese,word,home,26,English-dominant,word,word,TRUE,2976.3220000014408,2.9763220000014408
47,24,latin_realword_change.png,latin,word,change,26,English-dominant,word,nonword,FALSE,21099.61899999855,21.09961899999855
47,25,latin_realword_robe.png,latin,word,robe,26,English-dominant,word,word,TRUE,7934.788000001456,7.934788000001456
47,26,latin_nonword_wealth.png,latin,nonword,wealth,26,English-dominant,nonword,word,FALSE,965.9429999992716,0.9659429999992716
47,27,chinese_realword_paper.png,chinese,word,paper,26,English-dominant,word,word,TRUE,83568.9409999993,83.5689409999993
47,28,latin_nonword_grass.png,latin,nonword,grass,26,English-dominant,nonword,nonword,TRUE,4708.283999999985,4.708283999999985
47,29,latin_realword_bag.png,latin,word,bag,26,English-dominant,word,nonword,FALSE,4019.273000000743,4.0192730000007435
47,30,latin_realword_island.png,latin,word,island,26,English-dominant,word,word,TRUE,1064.7840000014985,1.0647840000014983
47,31,latin_nonword_prawn.png,latin,nonword,prawn,26,English-dominant,nonword,nonword,TRUE,19736.31000000075,19.73631000000075
47,32,latin_nonword_pearl.png,latin,nonword,pearl,26,English-dominant,nonword,word,FALSE,1818.153999998467,1.818153999998467
47,33,latin_realword_good.png,latin,word,good,26,English-dominant,word,word,TRUE,3322.0819999985397,3.32208199999854
47,34,latin_realword_praise.png,latin,word,praise,26,English-dominant,word,nonword,FALSE,79704.26600000076,79.70426600000076
47,35,latin_realword_shave.png,latin,word,shave,26,English-dominant,word,word,TRUE,4586.14999999851,4.58614999999851
47,36,chinese_realword_wet.png,chinese,word,wet,26,English-dominant,word,word,TRUE,11483.497000000789,11.483497000000789
47,37,chinese_realword_sisterinlaw.png,chinese,word,sisterinlaw,26,English-dominant,word,word,TRUE,15602.089999999967,15.602089999999968
47,38,chinese_nonword_medicine.png,chinese,nonword,medicine,26,English-dominant,nonword,word,FALSE,10620.52200000151,10.620522000001513
47,39,latin_nonword_sister.png,latin,nonword,sister,26,English-dominant,nonword,nonword,TRUE,81609.68000000075,81.60968000000075
47,40,latin_nonword_keen.png,latin,nonword,keen,26,English-dominant,nonword,nonword,TRUE,18208.80799999996,18.20880799999996
48,1,latin_nonword_sisterinlaw.png,latin,nonword,sisterinlaw,30,Chinese-family-dominant,nonword,nonword,TRUE,14927.20000000149,14.927200000001491
48,2,latin_nonword_brain.png,latin,nonword,brain,30,Chinese-family-dominant,nonword,nonword,TRUE,9268.900000001118,9.268900000001118
48,3,chinese_realword_pat.png,chinese,word,pat,30,Chinese-family-dominant,word,word,TRUE,16925,16.925
48,4,chinese_nonword_bag.png,chinese,nonword,bag,30,Chinese-family-dominant,nonword,nonword,TRUE,3422.9000000003725,3.4229000000003724
48,5,chinese_nonword_peach.png,chinese,nonword,peach,30,Chinese-family-dominant,nonword,word,FALSE,18772.699999999997,18.772699999999997
48,6,chinese_realword_medicine.png,chinese,word,medicine,30,Chinese-family-dominant,word,nonword,FALSE,2567.000000000742,2.5670000000007422
48,7,chinese_realword_wine.png,chinese,word,wine,30,Chinese-family-dominant,word,word,TRUE,26948.200000001496,26.948200000001496
48,8,latin_nonword_paper.png,latin,nonword,paper,30,Chinese-family-dominant,nonword,nonword,TRUE,8017.300000000745,8.017300000000745
48,9,latin_nonword_wet.png,latin,nonword,wet,30,Chinese-family-dominant,nonword,nonword,TRUE,8184.00000000112,8.18400000000112
48,10,chinese_nonword_praise.png,chinese,nonword,praise,30,Chinese-family-dominant,nonword,word,FALSE,2172.10000000149,2.1721000000014903
48,11,chinese_realword_pinch.png,chinese,word,pinch,30,Chinese-family-dominant,word,word,TRUE,13864.100000000006,13.864100000000006
48,12,chinese_realword_flower.png,chinese,word,flower,30,Chinese-family-dominant,word,word,TRUE,13238.899999999994,13.238899999999994
48,13,latin_realword_morning.png,latin,word,morning,30,Chinese-family-dominant,word,word,TRUE,8545.800000001502,8.545800000001503
48,14,chinese_realword_invite.png,chinese,word,invite,30,Chinese-family-dominant,word,nonword,FALSE,2157.500000001106,2.157500000001106
48,15,latin_realword_keen.png,latin,word,keen,30,Chinese-family-dominant,word,nonword,FALSE,12449.700000000012,12.449700000000012
48,16,chinese_realword_sea.png,chinese,word,sea,30,Chinese-family-dominant,word,word,TRUE,26669.20000000074,26.66920000000074
48,17,chinese_nonword_robe.png,chinese,nonword,robe,30,Chinese-family-dominant,nonword,nonword,TRUE,2216.200000001496,2.216200000001496
48,18,latin_nonword_lean.png,latin,nonword,lean,30,Chinese-family-dominant,nonword,nonword,TRUE,8683.100000000006,8.683100000000007
48,19,chinese_nonword_good.png,chinese,nonword,good,30,Chinese-family-dominant,nonword,word,FALSE,1530.1000000000058,1.5301000000000058
48,20,latin_realword_wealth.png,latin,word,wealth,30,Chinese-family-dominant,word,word,TRUE,9327.800000000743,9.327800000000742
48,21,chinese_nonword_change.png,chinese,nonword,change,30,Chinese-family-dominant,nonword,word,FALSE,16316.900000000023,16.31690000000002
48,22,latin_realword_eat.png,latin,word,eat,30,Chinese-family-dominant,word,word,TRUE,13095.60000000149,13.09560000000149
48,23,latin_realword_pearl.png,latin,word,pearl,30,Chinese-family-dominant,word,word,TRUE,7829.400000001129,7.8294000000011295
48,24,chinese_nonword_milk.png,chinese,nonword,milk,30,Chinese-family-dominant,nonword,word,FALSE,37250.09999999998,37.250099999999975
48,25,chinese_nonword_tree.png,chinese,nonword,tree,30,Chinese-family-dominant,nonword,word,FALSE,17707.399999999267,17.707399999999268
48,26,chinese_realword_tea.png,chinese,word,tea,30,Chinese-family-dominant,word,word,TRUE,12771.000000002212,12.771000000002212
48,27,latin_realword_sister.png,latin,word,sister,30,Chinese-family-dominant,word,word,TRUE,26792.70000000077,26.792700000000767
48,28,latin_nonword_pull.png,latin,nonword,pull,30,Chinese-family-dominant,nonword,nonword,TRUE,31622.000000002212,31.622000000002213
48,29,latin_nonword_feed.png,latin,nonword,feed,30,Chinese-family-dominant,nonword,nonword,TRUE,16428.000000000757,16.428000000000758
48,30,latin_nonword_home.png,latin,nonword,home,30,Chinese-family-dominant,nonword,nonword,TRUE,7767.899999999267,7.767899999999266
48,31,chinese_realword_put.png,chinese,word,put,30,Chinese-family-dominant,word,word,TRUE,30934.5,30.9345
48,32,latin_realword_grass.png,latin,word,grass,30,Chinese-family-dominant,word,word,TRUE,15938.600000002249,15.938600000002248
48,33,latin_realword_blink.png,latin,word,blink,30,Chinese-family-dominant,word,word,TRUE,7973.299999999232,7.973299999999232
48,34,chinese_nonword_island.png,chinese,nonword,island,30,Chinese-family-dominant,nonword,word,FALSE,20683.300000000047,20.683300000000045
48,35,latin_nonword_scoop.png,latin,nonword,scoop,30,Chinese-family-dominant,nonword,nonword,TRUE,15681.200000001469,15.68120000000147
48,36,latin_realword_prawn.png,latin,word,prawn,30,Chinese-family-dominant,word,word,TRUE,21146.70000000077,21.14670000000077
48,37,latin_nonword_pickaxe.png,latin,nonword,pickaxe,30,Chinese-family-dominant,nonword,nonword,TRUE,18204.90000000072,18.204900000000723
48,38,chinese_realword_cat.png,chinese,word,cat,30,Chinese-family-dominant,word,word,TRUE,3760.2000000022817,3.760200000002282
48,39,latin_realword_sand.png,latin,word,sand,30,Chinese-family-dominant,word,word,TRUE,11239.800000001444,11.239800000001445
48,40,chinese_nonword_shave.png,chinese,nonword,shave,30,Chinese-family-dominant,nonword,word,FALSE,15711.900000001537,15.711900000001537
49,1,chinese_nonword_prawn.png,chinese,nonword,prawn,27,balanced,nonword,nonword,TRUE,7471.999999999998,7.471999999999998
49,2,chinese_nonword_morning.png,chinese,nonword,morning,27,balanced,nonword,nonword,TRUE,7024.000000000004,7.024000000000004
49,3,latin_nonword_pinch.png,latin,nonword,pinch,27,balanced,nonword,nonword,TRUE,7405,7.405
49,4,chinese_nonword_blink.png,chinese,nonword,blink,27,balanced,nonword,nonword,TRUE,8224,8.224
49,5,chinese_realword_praise.png,chinese,word,praise,27,balanced,word,word,TRUE,9324,9.324
49,6,chinese_nonword_wealth.png,chinese,nonword,wealth,27,balanced,nonword,word,FALSE,10040,10.04
49,7,chinese_realword_peach.png,chinese,word,peach,27,balanced,word,word,TRUE,7673,7.673
49,8,latin_realword_feed.png,latin,word,feed,27,balanced,word,word,TRUE,7173,7.173
49,9,chinese_realword_robe.png,chinese,word,robe,27,balanced,word,word,TRUE,8973,8.973
49,10,latin_realword_home.png,latin,word,home,27,balanced,word,word,TRUE,11589,11.589
49,11,chinese_realword_change.png,chinese,word,change,27,balanced,word,word,TRUE,11090.000000000016,11.090000000000016
49,12,latin_nonword_flower.png,latin,nonword,flower,27,balanced,nonword,nonword,TRUE,9272,9.272
49,13,latin_realword_pickaxe.png,latin,word,pickaxe,27,balanced,word,word,TRUE,15124,15.124
49,14,latin_nonword_put.png,latin,nonword,put,27,balanced,nonword,nonword,TRUE,7706,7.706
49,15,chinese_nonword_pearl.png,chinese,nonword,pearl,27,balanced,nonword,nonword,TRUE,8657,8.657
49,16,latin_realword_paper.png,latin,word,paper,27,balanced,word,word,TRUE,8125,8.125
49,17,chinese_nonword_eat.png,chinese,nonword,eat,27,balanced,nonword,nonword,TRUE,7807,7.807
49,18,latin_nonword_wine.png,latin,nonword,wine,27,balanced,nonword,nonword,TRUE,6955.000000000029,6.955000000000029
49,19,latin_realword_sisterinlaw.png,latin,word,sisterinlaw,27,balanced,word,nonword,FALSE,10507,10.507
49,20,latin_nonword_cat.png,latin,nonword,cat,27,balanced,nonword,nonword,TRUE,7622,7.622
49,21,chinese_realword_good.png,chinese,word,good,27,balanced,word,word,TRUE,7355,7.355
49,22,chinese_realword_bag.png,chinese,word,bag,27,balanced,word,nonword,FALSE,7924.000000000029,7.924000000000029
49,23,latin_nonword_tea.png,latin,nonword,tea,27,balanced,nonword,nonword,TRUE,8322,8.322
49,24,latin_realword_lean.png,latin,word,lean,27,balanced,word,word,TRUE,7739,7.739
49,25,chinese_nonword_keen.png,chinese,nonword,keen,27,balanced,nonword,nonword,TRUE,8141,8.141
49,26,latin_nonword_pat.png,latin,nonword,pat,27,balanced,nonword,nonword,TRUE,12189,12.189
49,27,chinese_realword_tree.png,chinese,word,tree,27,balanced,word,word,TRUE,8173,8.173
49,28,chinese_nonword_sand.png,chinese,nonword,sand,27,balanced,nonword,nonword,TRUE,7771,7.771
49,29,latin_realword_wet.png,latin,word,wet,27,balanced,word,word,TRUE,7823,7.823
49,30,chinese_nonword_sister.png,chinese,nonword,sister,27,balanced,nonword,word,FALSE,8756,8.756
49,31,chinese_nonword_grass.png,chinese,nonword,grass,27,balanced,nonword,nonword,TRUE,8422,8.422
49,32,latin_nonword_medicine.png,latin,nonword,medicine,27,balanced,nonword,nonword,TRUE,7924,7.924
49,33,latin_nonword_invite.png,latin,nonword,invite,27,balanced,nonword,nonword,TRUE,8039,8.039
49,34,chinese_realword_milk.png,chinese,word,milk,27,balanced,word,word,TRUE,8139,8.139
49,35,latin_realword_pull.png,latin,word,pull,27,balanced,word,word,TRUE,9788,9.788
49,36,latin_nonword_sea.png,latin,nonword,sea,27,balanced,nonword,nonword,TRUE,8555,8.555
49,37,chinese_realword_island.png,chinese,word,island,27,balanced,word,nonword,FALSE,6856,6.856
49,38,chinese_realword_shave.png,chinese,word,shave,27,balanced,word,word,TRUE,7472,7.472
49,39,latin_realword_scoop.png,latin,word,scoop,27,balanced,word,word,TRUE,7436,7.436
49,40,latin_realword_brain.png,latin,word,brain,27,balanced,word,word,TRUE,7424,7.424
50,1,latin_nonword_pull.png,latin,nonword,pull,20,uncoded,nonword,nonword,TRUE,7522,7.522
50,2,latin_realword_grass.png,latin,word,grass,20,uncoded,word,nonword,FALSE,9067,9.067
50,3,latin_nonword_scoop.png,latin,nonword,scoop,20,uncoded,nonword,nonword,TRUE,6899,6.899
50,4,latin_realword_sister.png,latin,word,sister,20,uncoded,word,word,TRUE,6807,6.807
50,5,chinese_nonword_change.png,chinese,nonword,change,20,uncoded,nonword,word,FALSE,2979,2.979
50,6,latin_realword_sand.png,latin,word,sand,20,uncoded,word,nonword,FALSE,8913,8.913
50,7,chinese_nonword_shave.png,chinese,nonword,shave,20,uncoded,nonword,word,FALSE,3549,3.549
50,8,chinese_realword_put.png,chinese,word,put,20,uncoded,word,word,TRUE,945,0.945
50,9,latin_nonword_home.png,latin,nonword,home,20,uncoded,nonword,word,FALSE,1964,1.964
50,10,latin_realword_blink.png,latin,word,blink,20,uncoded,word,word,TRUE,7546,7.546
50,11,chinese_realword_cat.png,chinese,word,cat,20,uncoded,word,nonword,FALSE,1399,1.399
50,12,chinese_realword_tea.png,chinese,word,tea,20,uncoded,word,word,TRUE,1750,1.75
50,13,latin_realword_pearl.png,latin,word,pearl,20,uncoded,word,word,TRUE,7189,7.189
50,14,latin_nonword_feed.png,latin,nonword,feed,20,uncoded,nonword,nonword,TRUE,7415,7.415
50,15,latin_realword_prawn.png,latin,word,prawn,20,uncoded,word,word,TRUE,7645,7.645
50,16,chinese_nonword_milk.png,chinese,nonword,milk,20,uncoded,nonword,nonword,TRUE,1314,1.314
50,17,chinese_nonword_island.png,chinese,nonword,island,20,uncoded,nonword,nonword,TRUE,1387,1.387
50,18,latin_nonword_pickaxe.png,latin,nonword,pickaxe,20,uncoded,nonword,nonword,TRUE,8415,8.415
50,19,chinese_nonword_tree.png,chinese,nonword,tree,20,uncoded,nonword,word,FALSE,2513,2.513
50,20,latin_realword_eat.png,latin,word,eat,20,uncoded,word,nonword,FALSE,6814,6.814
50,21,chinese_nonword_peach.png,chinese,nonword,peach,20,uncoded,nonword,word,FALSE,1184,1.184
50,22,chinese_realword_wine.png,chinese,word,wine,20,uncoded,word,nonword,FALSE,1433,1.433
50,23,chinese_nonword_robe.png,chinese,nonword,robe,20,uncoded,nonword,nonword,TRUE,4762,4.762
50,24,chinese_nonword_bag.png,chinese,nonword,bag,20,uncoded,nonword,word,FALSE,949,0.949
50,25,chinese_nonword_good.png,chinese,nonword,good,20,uncoded,nonword,word,FALSE,2767,2.767
50,26,latin_nonword_wet.png,latin,nonword,wet,20,uncoded,nonword,nonword,TRUE,10617,10.617
50,27,chinese_realword_flower.png,chinese,word,flower,20,uncoded,word,word,TRUE,1149,1.149
50,28,latin_realword_wealth.png,latin,word,wealth,20,uncoded,word,word,TRUE,6988,6.988
50,29,chinese_realword_sea.png,chinese,word,sea,20,uncoded,word,nonword,FALSE,1495,1.495
50,30,latin_realword_keen.png,latin,word,keen,20,uncoded,word,nonword,FALSE,9346,9.346
50,31,latin_nonword_sisterinlaw.png,latin,nonword,sisterinlaw,20,uncoded,nonword,nonword,TRUE,7324,7.324
50,32,chinese_realword_pat.png,chinese,word,pat,20,uncoded,word,word,TRUE,767,0.767
50,33,chinese_realword_invite.png,chinese,word,invite,20,uncoded,word,nonword,FALSE,978,0.978
50,34,latin_nonword_brain.png,latin,nonword,brain,20,uncoded,nonword,nonword,TRUE,17814,17.814
50,35,chinese_nonword_praise.png,chinese,nonword,praise,20,uncoded,nonword,word,FALSE,1162.000000000029,1.162000000000029
50,36,latin_nonword_lean.png,latin,nonword,lean,20,uncoded,nonword,nonword,TRUE,10330,10.33
50,37,latin_nonword_paper.png,latin,nonword,paper,20,uncoded,nonword,nonword,TRUE,7547,7.547
50,38,chinese_realword_medicine.png,chinese,word,medicine,20,uncoded,word,nonword,FALSE,4017,4.017
50,39,chinese_realword_pinch.png,chinese,word,pinch,20,uncoded,word,word,TRUE,794.0000000000582,0.7940000000000582
50,40,latin_realword_morning.png,latin,word,morning,20,uncoded,word,word,TRUE,7983,7.983
51,1,latin_realword_put.png,latin,word,put,21,English-dominant,word,nonword,FALSE,6078.60000000149,6.07860000000149
51,2,chinese_nonword_pickaxe.png,chinese,nonword,pickaxe,21,English-dominant,nonword,nonword,TRUE,10971.19999999702,10.97119999999702
51,3,latin_realword_invite.png,latin,word,invite,21,English-dominant,word,word,TRUE,5087,5.087
51,4,chinese_realword_blink.png,chinese,word,blink,21,English-dominant,word,word,TRUE,5537,5.537
51,5,latin_realword_sea.png,latin,word,sea,21,English-dominant,word,word,TRUE,4082,4.082
51,6,latin_nonword_change.png,latin,nonword,change,21,English-dominant,nonword,word,FALSE,3963.599999998507,3.963599999998507
51,7,chinese_nonword_brain.png,chinese,nonword,brain,21,English-dominant,nonword,nonword,TRUE,6891.29999999702,6.8912999999970195
51,8,latin_nonword_good.png,latin,nonword,good,21,English-dominant,nonword,nonword,TRUE,8076.70000000298,8.07670000000298
51,9,chinese_nonword_feed.png,chinese,nonword,feed,21,English-dominant,nonword,nonword,TRUE,5205.299999998504,5.205299999998504
51,10,chinese_nonword_paper.png,chinese,nonword,paper,21,English-dominant,nonword,nonword,TRUE,5740.500000002983,5.740500000002983
51,11,latin_realword_medicine.png,latin,word,medicine,21,English-dominant,word,word,TRUE,3971.300000002986,3.971300000002986
51,12,latin_realword_wine.png,latin,word,wine,21,English-dominant,word,nonword,FALSE,9594.10000000149,9.59410000000149
51,13,latin_nonword_robe.png,latin,nonword,robe,21,English-dominant,nonword,nonword,TRUE,11296.900000001491,11.296900000001491
51,14,chinese_nonword_scoop.png,chinese,nonword,scoop,21,English-dominant,nonword,word,FALSE,10062.100000002974,10.062100000002976
51,15,latin_nonword_peach.png,latin,nonword,peach,21,English-dominant,nonword,word,FALSE,4770.200000000012,4.7702000000000115
51,16,latin_nonword_milk.png,latin,nonword,milk,21,English-dominant,nonword,word,FALSE,5785.000000002969,5.785000000002968
51,17,chinese_realword_wealth.png,chinese,word,wealth,21,English-dominant,word,word,TRUE,5725.899999999994,5.725899999999994
51,18,chinese_realword_pearl.png,chinese,word,pearl,21,English-dominant,word,word,TRUE,9705.300000001502,9.705300000001502
51,19,latin_nonword_praise.png,latin,nonword,praise,21,English-dominant,nonword,nonword,TRUE,8662.799999999988,8.662799999999988
51,20,latin_realword_pinch.png,latin,word,pinch,21,English-dominant,word,word,TRUE,5272.299999999988,5.272299999999988
51,21,latin_nonword_bag.png,latin,nonword,bag,21,English-dominant,nonword,nonword,TRUE,6440.199999998498,6.440199999998498
51,22,chinese_nonword_lean.png,chinese,nonword,lean,21,English-dominant,nonword,nonword,TRUE,13688.600000002974,13.688600000002976
51,23,latin_realword_pat.png,latin,word,pat,21,English-dominant,word,word,TRUE,7628.000000002969,7.628000000002968
51,24,latin_nonword_shave.png,latin,nonword,shave,21,English-dominant,nonword,word,FALSE,5270.5,5.2705
51,25,chinese_nonword_wet.png,chinese,nonword,wet,21,English-dominant,nonword,word,FALSE,4852.800000001502,4.852800000001502
51,26,chinese_realword_eat.png,chinese,word,eat,21,English-dominant,word,word,TRUE,4539.8999999969965,4.5398999999969964
51,27,chinese_realword_sister.png,chinese,word,sister,21,English-dominant,word,word,TRUE,4007.299999999989,4.007299999999989
51,28,chinese_realword_sand.png,chinese,word,sand,21,English-dominant,word,word,TRUE,9077.500000001512,9.077500000001512
51,29,chinese_realword_grass.png,chinese,word,grass,21,English-dominant,word,word,TRUE,12275.299999998531,12.27529999999853
51,30,latin_realword_cat.png,latin,word,cat,21,English-dominant,word,word,TRUE,12018.499999997031,12.018499999997031
51,31,chinese_realword_morning.png,chinese,word,morning,21,English-dominant,word,nonword,FALSE,6990.699999999953,6.990699999999953
51,32,chinese_nonword_pull.png,chinese,nonword,pull,21,English-dominant,nonword,word,FALSE,23539.00000000297,23.539000000002968
51,33,latin_nonword_tree.png,latin,nonword,tree,21,English-dominant,nonword,word,FALSE,15556.399999999963,15.556399999999964
51,34,latin_realword_tea.png,latin,word,tea,21,English-dominant,word,nonword,FALSE,14706.100000000037,14.706100000000037
51,35,chinese_realword_keen.png,chinese,word,keen,21,English-dominant,word,word,TRUE,9331.399999996996,9.331399999996997
51,36,chinese_nonword_sisterinlaw.png,chinese,nonword,sisterinlaw,21,English-dominant,nonword,nonword,TRUE,14441.599999998522,14.44159999999852
51,37,chinese_realword_prawn.png,chinese,word,prawn,21,English-dominant,word,word,TRUE,11985.60000000149,11.98560000000149
51,38,latin_realword_flower.png,latin,word,flower,21,English-dominant,word,word,TRUE,10878.500000002969,10.878500000002967
51,39,latin_nonword_island.png,latin,nonword,island,21,English-dominant,nonword,nonword,TRUE,14560.700000001469,14.560700000001468
51,40,chinese_nonword_home.png,chinese,nonword,home,21,English-dominant,nonword,nonword,TRUE,9820.700000001469,9.82070000000147
52,1,latin_nonword_keen.png,latin,nonword,keen,29,uncoded,nonword,word,FALSE,808.0999999523165,0.8080999999523165
52,2,latin_realword_change.png,latin,word,change,29,uncoded,word,word,TRUE,570.2000000000007,0.5702000000000007
52,3,chinese_nonword_invite.png,chinese,nonword,invite,29,uncoded,nonword,nonword,TRUE,763.9000000476844,0.7639000000476844
52,4,chinese_nonword_medicine.png,chinese,nonword,medicine,29,uncoded,nonword,nonword,TRUE,753.2999999999993,0.7532999999999993
52,5,chinese_realword_sisterinlaw.png,chinese,word,sisterinlaw,29,uncoded,word,word,TRUE,854.5999999046326,0.8545999999046325
52,6,latin_nonword_wealth.png,latin,nonword,wealth,29,uncoded,nonword,word,FALSE,563.499999952317,0.563499999952317
52,7,latin_realword_bag.png,latin,word,bag,29,uncoded,word,word,TRUE,687.4000000000015,0.6874000000000015
52,8,latin_nonword_pearl.png,latin,nonword,pearl,29,uncoded,nonword,word,FALSE,509.1999998569481,0.5091999998569481
52,9,latin_nonword_sister.png,latin,nonword,sister,29,uncoded,nonword,word,FALSE,514.9000000000015,0.5149000000000015
52,10,latin_realword_tree.png,latin,word,tree,29,uncoded,word,word,TRUE,552.0999999046326,0.5520999999046325
52,11,latin_nonword_prawn.png,latin,nonword,prawn,29,uncoded,nonword,word,FALSE,428.5999998569496,0.4285999998569496
52,12,latin_realword_island.png,latin,word,island,29,uncoded,word,word,TRUE,597.3000000476823,0.5973000000476822
52,13,latin_realword_robe.png,latin,word,robe,29,uncoded,word,word,TRUE,447,0.447
52,14,latin_realword_good.png,latin,word,good,29,uncoded,word,word,TRUE,464.09999985694594,0.46409999985694594
52,15,chinese_realword_home.png,chinese,word,home,29,uncoded,word,nonword,FALSE,687.5999999046326,0.6875999999046326
52,16,latin_realword_shave.png,latin,word,shave,29,uncoded,word,word,TRUE,910.999999904634,0.910999999904634
52,17,chinese_realword_paper.png,chinese,word,paper,29,uncoded,word,nonword,FALSE,637.7999999523163,0.6377999999523163
52,18,latin_realword_praise.png,latin,word,praise,29,uncoded,word,word,TRUE,956.1999999523176,0.9561999999523176
52,19,latin_nonword_grass.png,latin,nonword,grass,29,uncoded,nonword,nonword,TRUE,970.6999999046312,0.9706999999046312
52,20,chinese_realword_wet.png,chinese,word,wet,29,uncoded,word,word,TRUE,691.4000000476808,0.6914000000476808
52,21,chinese_nonword_tea.png,chinese,nonword,tea,29,uncoded,nonword,word,FALSE,1135.8999999046357,1.1358999999046355
52,22,chinese_nonword_flower.png,chinese,nonword,flower,29,uncoded,nonword,nonword,TRUE,940.1999999046312,0.9401999999046312
52,23,chinese_nonword_put.png,chinese,nonword,put,29,uncoded,nonword,nonword,TRUE,570.8999999523221,0.5708999999523221
52,24,chinese_nonword_pinch.png,chinese,nonword,pinch,29,uncoded,nonword,nonword,TRUE,540.0999998569459,0.5400999998569459
52,25,chinese_realword_lean.png,chinese,word,lean,29,uncoded,word,word,TRUE,1144.3999999999942,1.144399999999994
52,26,chinese_realword_feed.png,chinese,word,feed,29,uncoded,word,nonword,FALSE,819.6999998569518,0.8196999998569517
52,27,chinese_nonword_cat.png,chinese,nonword,cat,29,uncoded,nonword,nonword,TRUE,765.6999999523105,0.7656999999523104
52,28,chinese_realword_brain.png,chinese,word,brain,29,uncoded,word,nonword,FALSE,768.8999999523221,0.768899999952322
52,29,chinese_nonword_sea.png,chinese,nonword,sea,29,uncoded,nonword,nonword,TRUE,635.9000000476808,0.6359000000476808
52,30,chinese_realword_scoop.png,chinese,word,scoop,29,uncoded,word,nonword,FALSE,828.8999998569489,0.8288999998569488
52,31,latin_nonword_morning.png,latin,nonword,morning,29,uncoded,nonword,word,FALSE,718.1999999046384,0.7181999999046383
52,32,chinese_realword_pickaxe.png,chinese,word,pickaxe,29,uncoded,word,nonword,FALSE,1099.299999856943,1.099299999856943
52,33,chinese_realword_pull.png,chinese,word,pull,29,uncoded,word,word,TRUE,889.5999999046326,0.8895999999046326
52,34,latin_realword_milk.png,latin,word,milk,29,uncoded,word,word,TRUE,879,0.879
52,35,latin_nonword_sand.png,latin,nonword,sand,29,uncoded,nonword,nonword,TRUE,982.9999999046267,0.9829999999046268
52,36,chinese_nonword_pat.png,chinese,nonword,pat,29,uncoded,nonword,nonword,TRUE,674.0999999523192,0.6740999999523192
52,37,latin_nonword_eat.png,latin,nonword,eat,29,uncoded,nonword,word,FALSE,704.1999999523105,0.7041999999523104
52,38,latin_nonword_blink.png,latin,nonword,blink,29,uncoded,nonword,word,FALSE,549.7000000000116,0.5497000000000116
52,39,latin_realword_peach.png,latin,word,peach,29,uncoded,word,word,TRUE,435.1000000476779,0.4351000000476779
52,40,chinese_nonword_wine.png,chinese,nonword,wine,29,uncoded,nonword,nonword,TRUE,626.9999999523134,0.6269999999523134
53,1,latin_nonword_feed.png,latin,nonword,feed,25,uncoded,nonword,nonword,TRUE,1273.9999999940392,1.2739999999940392
53,2,latin_realword_sister.png,latin,word,sister,25,uncoded,word,nonword,FALSE,1147.2999999940405,1.1472999999940403
53,3,chinese_nonword_tree.png,chinese,nonword,tree,25,uncoded,nonword,word,FALSE,772.999999994041,0.772999999994041
53,4,chinese_nonword_milk.png,chinese,nonword,milk,25,uncoded,nonword,nonword,TRUE,1262.0999999940395,1.2620999999940394
53,5,chinese_nonword_change.png,chinese,nonword,change,25,uncoded,nonword,nonword,TRUE,1196.2999999880776,1.1962999999880777
53,6,latin_realword_blink.png,latin,word,blink,25,uncoded,word,word,TRUE,899.6000000000022,0.8996000000000022
53,7,latin_realword_sand.png,latin,word,sand,25,uncoded,word,word,TRUE,1440.5999999880803,1.4405999999880803
53,8,latin_realword_prawn.png,latin,word,prawn,25,uncoded,word,nonword,FALSE,675.999999994041,0.675999999994041
53,9,latin_realword_grass.png,latin,word,grass,25,uncoded,word,word,TRUE,872.4000000119195,0.8724000000119194
53,10,latin_nonword_pull.png,latin,nonword,pull,25,uncoded,nonword,nonword,TRUE,732.999999988082,0.732999999988082
53,11,chinese_nonword_shave.png,chinese,nonword,shave,25,uncoded,nonword,word,FALSE,1811.5,1.8115
53,12,latin_nonword_pickaxe.png,latin,nonword,pickaxe,25,uncoded,nonword,nonword,TRUE,1449.7999999999956,1.4497999999999955
53,13,chinese_nonword_island.png,chinese,nonword,island,25,uncoded,nonword,nonword,TRUE,1316.199999999997,1.3161999999999972
53,14,latin_realword_eat.png,latin,word,eat,25,uncoded,word,nonword,FALSE,1505.3999999940424,1.5053999999940424
53,15,latin_realword_pearl.png,latin,word,pearl,25,uncoded,word,nonword,FALSE,926.1000000059576,0.9261000000059576
53,16,chinese_realword_cat.png,chinese,word,cat,25,uncoded,word,word,TRUE,745.9000000059605,0.7459000000059605
53,17,latin_nonword_home.png,latin,nonword,home,25,uncoded,nonword,word,FALSE,949.2000000119224,0.9492000000119224
53,18,chinese_realword_put.png,chinese,word,put,25,uncoded,word,word,TRUE,897.5,0.8975
53,19,chinese_realword_tea.png,chinese,word,tea,25,uncoded,word,word,TRUE,1046.4000000119267,1.046400000011927
53,20,latin_nonword_scoop.png,latin,nonword,scoop,25,uncoded,nonword,nonword,TRUE,623.000000011918,0.623000000011918
53,21,chinese_realword_pat.png,chinese,word,pat,25,uncoded,word,word,TRUE,687.2999999880849,0.6872999999880849
53,22,chinese_nonword_praise.png,chinese,nonword,praise,25,uncoded,nonword,word,FALSE,978.7999999940366,0.9787999999940368
53,23,latin_realword_wealth.png,latin,word,wealth,25,uncoded,word,word,TRUE,1516.5999999999767,1.5165999999999766
53,24,chinese_nonword_bag.png,chinese,nonword,bag,25,uncoded,nonword,word,FALSE,1193.5999999940395,1.1935999999940394
53,25,chinese_nonword_peach.png,chinese,nonword,peach,25,uncoded,nonword,nonword,TRUE,924.6000000000058,0.924600000000006
53,26,chinese_realword_flower.png,chinese,word,flower,25,uncoded,word,nonword,FALSE,891.2999999940366,0.8912999999940366
53,27,latin_nonword_sisterinlaw.png,latin,nonword,sisterinlaw,25,uncoded,nonword,word,FALSE,964.7000000059634,0.9647000000059632
53,28,chinese_nonword_good.png,chinese,nonword,good,25,uncoded,nonword,nonword,TRUE,740.1999999999971,0.7401999999999971
53,29,chinese_realword_sea.png,chinese,word,sea,25,uncoded,word,word,TRUE,812.2999999940366,0.8122999999940366
53,30,chinese_realword_medicine.png,chinese,word,medicine,25,uncoded,word,nonword,FALSE,783.3000000000029,0.7833000000000029
53,31,latin_nonword_paper.png,latin,nonword,paper,25,uncoded,nonword,nonword,TRUE,974.999999988082,0.974999999988082
53,32,latin_nonword_brain.png,latin,nonword,brain,25,uncoded,nonword,nonword,TRUE,1495.4000000059605,1.4954000000059604
53,33,latin_realword_keen.png,latin,word,keen,25,uncoded,word,nonword,FALSE,864.6000000000058,0.8646000000000058
53,34,chinese_realword_invite.png,chinese,word,invite,25,uncoded,word,nonword,FALSE,1391.199999999997,1.391199999999997
53,35,chinese_realword_pinch.png,chinese,word,pinch,25,uncoded,word,word,TRUE,693.3999999880762,0.6933999999880761
53,36,chinese_realword_wine.png,chinese,word,wine,25,uncoded,word,word,TRUE,627.6000000119238,0.6276000000119238
53,37,chinese_nonword_robe.png,chinese,nonword,robe,25,uncoded,nonword,word,FALSE,2095.700000011915,2.0957000000119153
53,38,latin_nonword_lean.png,latin,nonword,lean,25,uncoded,nonword,word,FALSE,1688.6000000059576,1.6886000000059576
53,39,latin_nonword_wet.png,latin,nonword,wet,25,uncoded,nonword,nonword,TRUE,632.8000000000029,0.6328000000000029
53,40,latin_realword_morning.png,latin,word,morning,25,uncoded,word,nonword,FALSE,1156.3999999880907,1.1563999999880907
54,1,latin_realword_peach.png,latin,word,peach,28,balanced,word,word,TRUE,1087,1.087
54,2,chinese_nonword_flower.png,chinese,nonword,flower,28,balanced,nonword,nonword,TRUE,919,0.919
54,3,chinese_nonword_wine.png,chinese,nonword,wine,28,balanced,nonword,nonword,TRUE,853,0.853
54,4,chinese_realword_pickaxe.png,chinese,word,pickaxe,28,balanced,word,word,TRUE,1388,1.388
54,5,chinese_realword_feed.png,chinese,word,feed,28,balanced,word,word,TRUE,652,0.652
54,6,chinese_nonword_sea.png,chinese,nonword,sea,28,balanced,nonword,nonword,TRUE,785,0.785
54,7,chinese_nonword_pinch.png,chinese,nonword,pinch,28,balanced,nonword,nonword,TRUE,686,0.686
54,8,chinese_nonword_pat.png,chinese,nonword,pat,28,balanced,nonword,nonword,TRUE,686,0.686
54,9,chinese_realword_brain.png,chinese,word,brain,28,balanced,word,word,TRUE,667,0.667
54,10,chinese_nonword_put.png,chinese,nonword,put,28,balanced,nonword,nonword,TRUE,753,0.753
54,11,latin_nonword_morning.png,latin,nonword,morning,28,balanced,nonword,nonword,TRUE,1756,1.756
54,12,chinese_nonword_cat.png,chinese,nonword,cat,28,balanced,nonword,word,FALSE,1922,1.922
54,13,latin_realword_milk.png,latin,word,milk,28,balanced,word,word,TRUE,1054,1.054
54,14,chinese_realword_scoop.png,chinese,word,scoop,28,balanced,word,word,TRUE,803,0.803
54,15,latin_nonword_sand.png,latin,nonword,sand,28,balanced,nonword,nonword,TRUE,870,0.87
54,16,chinese_nonword_tea.png,chinese,nonword,tea,28,balanced,nonword,nonword,TRUE,1004,1.004
54,17,latin_nonword_blink.png,latin,nonword,blink,28,balanced,nonword,nonword,TRUE,820,0.82
54,18,chinese_realword_lean.png,chinese,word,lean,28,balanced,word,word,TRUE,820,0.82
54,19,latin_nonword_eat.png,latin,nonword,eat,28,balanced,nonword,nonword,TRUE,803,0.803
54,20,chinese_realword_pull.png,chinese,word,pull,28,balanced,word,word,TRUE,668,0.668
54,21,chinese_nonword_medicine.png,chinese,nonword,medicine,28,balanced,nonword,nonword,TRUE,701,0.701
54,22,chinese_realword_wet.png,chinese,word,wet,28,balanced,word,word,TRUE,701,0.701
54,23,chinese_realword_home.png,chinese,word,home,28,balanced,word,word,TRUE,617,0.617
54,24,chinese_realword_sisterinlaw.png,chinese,word,sisterinlaw,28,balanced,word,word,TRUE,651,0.651
54,25,latin_realword_island.png,latin,word,island,28,balanced,word,word,TRUE,770,0.77
54,26,latin_realword_praise.png,latin,word,praise,28,balanced,word,word,TRUE,1320,1.32
54,27,latin_realword_tree.png,latin,word,tree,28,balanced,word,word,TRUE,1070,1.07
54,28,latin_realword_bag.png,latin,word,bag,28,balanced,word,word,TRUE,652,0.652
54,29,latin_realword_change.png,latin,word,change,28,balanced,word,word,TRUE,903,0.903
54,30,latin_realword_shave.png,latin,word,shave,28,balanced,word,word,TRUE,1120,1.12
54,31,latin_nonword_prawn.png,latin,nonword,prawn,28,balanced,nonword,word,FALSE,1021,1.021
54,32,latin_nonword_keen.png,latin,nonword,keen,28,balanced,nonword,nonword,TRUE,954,0.954
54,33,latin_nonword_pearl.png,latin,nonword,pearl,28,balanced,nonword,nonword,TRUE,1271,1.271
54,34,latin_nonword_sister.png,latin,nonword,sister,28,balanced,nonword,nonword,TRUE,13172,13.172
54,35,chinese_nonword_invite.png,chinese,nonword,invite,28,balanced,nonword,nonword,TRUE,820,0.82
54,36,chinese_realword_paper.png,chinese,word,paper,28,balanced,word,word,TRUE,667,0.667
54,37,latin_realword_good.png,latin,word,good,28,balanced,word,word,TRUE,819,0.819
54,38,latin_realword_robe.png,latin,word,robe,28,balanced,word,word,TRUE,869,0.869
54,39,latin_nonword_wealth.png,latin,nonword,wealth,28,balanced,nonword,nonword,TRUE,4296,4.296
54,40,latin_nonword_grass.png,latin,nonword,grass,28,balanced,nonword,nonword,TRUE,869,0.869
55,1,chinese_realword_invite.png,chinese,word,invite,22,Chinese-family-dominant,word,word,TRUE,967,0.967
55,2,chinese_nonword_peach.png,chinese,nonword,peach,22,Chinese-family-dominant,nonword,nonword,TRUE,1066,1.066
55,3,latin_nonword_brain.png,latin,nonword,brain,22,Chinese-family-dominant,nonword,nonword,TRUE,1665,1.665
55,4,chinese_realword_pat.png,chinese,word,pat,22,Chinese-family-dominant,word,word,TRUE,1284,1.284
55,5,chinese_realword_medicine.png,chinese,word,medicine,22,Chinese-family-dominant,word,word,TRUE,767,0.767
55,6,latin_nonword_wet.png,latin,nonword,wet,22,Chinese-family-dominant,nonword,nonword,TRUE,942,0.942
55,7,chinese_realword_wine.png,chinese,word,wine,22,Chinese-family-dominant,word,word,TRUE,1017,1.017
55,8,chinese_realword_sea.png,chinese,word,sea,22,Chinese-family-dominant,word,word,TRUE,734,0.734
55,9,latin_realword_keen.png,latin,word,keen,22,Chinese-family-dominant,word,word,TRUE,1501,1.501
55,10,latin_nonword_sisterinlaw.png,latin,nonword,sisterinlaw,22,Chinese-family-dominant,nonword,nonword,TRUE,1501,1.501
55,11,chinese_realword_pinch.png,chinese,word,pinch,22,Chinese-family-dominant,word,word,TRUE,935,0.935
55,12,chinese_nonword_bag.png,chinese,nonword,bag,22,Chinese-family-dominant,nonword,nonword,TRUE,1001,1.001
55,13,latin_nonword_paper.png,latin,nonword,paper,22,Chinese-family-dominant,nonword,nonword,TRUE,883,0.883
55,14,chinese_nonword_robe.png,chinese,nonword,robe,22,Chinese-family-dominant,nonword,nonword,TRUE,1119,1.119
55,15,chinese_nonword_good.png,chinese,nonword,good,22,Chinese-family-dominant,nonword,nonword,TRUE,1284,1.284
55,16,latin_nonword_lean.png,latin,nonword,lean,22,Chinese-family-dominant,nonword,nonword,TRUE,1351,1.351
55,17,latin_realword_wealth.png,latin,word,wealth,22,Chinese-family-dominant,word,word,TRUE,799,0.799
55,18,latin_realword_morning.png,latin,word,morning,22,Chinese-family-dominant,word,word,TRUE,965,0.965
55,19,chinese_realword_flower.png,chinese,word,flower,22,Chinese-family-dominant,word,word,TRUE,834,0.834
55,20,chinese_nonword_praise.png,chinese,nonword,praise,22,Chinese-family-dominant,nonword,nonword,TRUE,833,0.833
55,21,latin_realword_grass.png,latin,word,grass,22,Chinese-family-dominant,word,word,TRUE,833,0.833
55,22,chinese_nonword_shave.png,chinese,nonword,shave,22,Chinese-family-dominant,nonword,nonword,TRUE,1028,1.028
55,23,latin_nonword_feed.png,latin,nonword,feed,22,Chinese-family-dominant,nonword,nonword,TRUE,884,0.884
55,24,chinese_realword_cat.png,chinese,word,cat,22,Chinese-family-dominant,word,word,TRUE,1034,1.034
55,25,chinese_nonword_tree.png,chinese,nonword,tree,22,Chinese-family-dominant,nonword,nonword,TRUE,818,0.818
55,26,latin_realword_eat.png,latin,word,eat,22,Chinese-family-dominant,word,word,TRUE,1249,1.249
55,27,latin_realword_sand.png,latin,word,sand,22,Chinese-family-dominant,word,word,TRUE,866,0.866
55,28,latin_realword_blink.png,latin,word,blink,22,Chinese-family-dominant,word,word,TRUE,835,0.835
55,29,chinese_nonword_milk.png,chinese,nonword,milk,22,Chinese-family-dominant,nonword,nonword,TRUE,782,0.782
55,30,chinese_realword_put.png,chinese,word,put,22,Chinese-family-dominant,word,word,TRUE,2049,2.049
55,31,chinese_realword_tea.png,chinese,word,tea,22,Chinese-family-dominant,word,word,TRUE,1117,1.117
55,32,latin_nonword_pull.png,latin,nonword,pull,22,Chinese-family-dominant,nonword,nonword,TRUE,732,0.732
55,33,latin_realword_sister.png,latin,word,sister,22,Chinese-family-dominant,word,word,TRUE,1482,1.482
55,34,chinese_nonword_change.png,chinese,nonword,change,22,Chinese-family-dominant,nonword,nonword,TRUE,799,0.799
55,35,latin_realword_prawn.png,latin,word,prawn,22,Chinese-family-dominant,word,word,TRUE,800,0.8
55,36,latin_nonword_scoop.png,latin,nonword,scoop,22,Chinese-family-dominant,nonword,nonword,TRUE,1066,1.066
55,37,latin_nonword_home.png,latin,nonword,home,22,Chinese-family-dominant,nonword,nonword,TRUE,3555,3.555
55,38,chinese_nonword_island.png,chinese,nonword,island,22,Chinese-family-dominant,nonword,nonword,TRUE,902,0.902
55,39,latin_nonword_pickaxe.png,latin,nonword,pickaxe,22,Chinese-family-dominant,nonword,nonword,TRUE,751,0.751
55,40,latin_realword_pearl.png,latin,word,pearl,22,Chinese-family-dominant,word,word,TRUE,851,0.851
56,1,chinese_nonword_wet.png,chinese,nonword,wet,27,English-dominant,nonword,nonword,TRUE,1183,1.183
56,2,latin_nonword_bag.png,latin,nonword,bag,27,English-dominant,nonword,nonword,TRUE,2401,2.401
56,3,chinese_realword_prawn.png,chinese,word,prawn,27,English-dominant,word,word,TRUE,2066,2.066
56,4,latin_nonword_shave.png,latin,nonword,shave,27,English-dominant,nonword,nonword,TRUE,1550,1.55
56,5,chinese_realword_morning.png,chinese,word,morning,27,English-dominant,word,word,TRUE,767,0.767
56,6,latin_realword_cat.png,latin,word,cat,27,English-dominant,word,word,TRUE,1484,1.484
56,7,latin_nonword_tree.png,latin,nonword,tree,27,English-dominant,nonword,nonword,TRUE,1384,1.384
56,8,chinese_realword_grass.png,chinese,word,grass,27,English-dominant,word,word,TRUE,734,0.734
56,9,chinese_nonword_pull.png,chinese,nonword,pull,27,English-dominant,nonword,nonword,TRUE,1417,1.417
56,10,chinese_realword_sister.png,chinese,word,sister,27,English-dominant,word,word,TRUE,1099,1.099
56,11,chinese_nonword_lean.png,chinese,nonword,lean,27,English-dominant,nonword,nonword,TRUE,1333,1.333
56,12,latin_realword_tea.png,latin,word,tea,27,English-dominant,word,word,TRUE,816,0.816
56,13,chinese_nonword_home.png,chinese,nonword,home,27,English-dominant,nonword,nonword,TRUE,1301,1.301
56,14,latin_realword_flower.png,latin,word,flower,27,English-dominant,word,word,TRUE,849,0.849
56,15,latin_nonword_island.png,latin,nonword,island,27,English-dominant,nonword,nonword,TRUE,1468,1.468
56,16,latin_realword_pat.png,latin,word,pat,27,English-dominant,word,word,TRUE,1349,1.349
56,17,chinese_realword_sand.png,chinese,word,sand,27,English-dominant,word,word,TRUE,666,0.666
56,18,chinese_realword_keen.png,chinese,word,keen,27,English-dominant,word,word,TRUE,1818,1.818
56,19,chinese_nonword_sisterinlaw.png,chinese,nonword,sisterinlaw,27,English-dominant,nonword,nonword,TRUE,1449,1.449
56,20,chinese_realword_eat.png,chinese,word,eat,27,English-dominant,word,word,TRUE,784,0.784
56,21,chinese_realword_blink.png,chinese,word,blink,27,English-dominant,word,word,TRUE,868,0.868
56,22,latin_realword_medicine.png,latin,word,medicine,27,English-dominant,word,word,TRUE,1950,1.95
56,23,latin_nonword_praise.png,latin,nonword,praise,27,English-dominant,nonword,nonword,TRUE,1601,1.601
56,24,latin_realword_invite.png,latin,word,invite,27,English-dominant,word,word,TRUE,1049,1.049
56,25,chinese_nonword_feed.png,chinese,nonword,feed,27,English-dominant,nonword,nonword,TRUE,1301,1.301
56,26,chinese_nonword_paper.png,chinese,nonword,paper,27,English-dominant,nonword,nonword,TRUE,967,0.967
56,27,chinese_realword_wealth.png,chinese,word,wealth,27,English-dominant,word,word,TRUE,817,0.817
56,28,latin_realword_put.png,latin,word,put,27,English-dominant,word,word,TRUE,916,0.916
56,29,chinese_nonword_pickaxe.png,chinese,nonword,pickaxe,27,English-dominant,nonword,nonword,TRUE,2501,2.501
56,30,latin_nonword_change.png,latin,nonword,change,27,English-dominant,nonword,nonword,TRUE,2918,2.918
56,31,chinese_nonword_scoop.png,chinese,nonword,scoop,27,English-dominant,nonword,nonword,TRUE,3067,3.067
56,32,chinese_realword_pearl.png,chinese,word,pearl,27,English-dominant,word,word,TRUE,24870,24.87
56,33,latin_realword_wine.png,latin,word,wine,27,English-dominant,word,word,TRUE,13920,13.92
56,34,latin_nonword_milk.png,latin,nonword,milk,27,English-dominant,nonword,nonword,TRUE,16168,16.168
56,35,latin_realword_sea.png,latin,word,sea,27,English-dominant,word,word,TRUE,951,0.951
56,36,latin_nonword_robe.png,latin,nonword,robe,27,English-dominant,nonword,nonword,TRUE,934,0.934
56,37,latin_nonword_peach.png,latin,nonword,peach,27,English-dominant,nonword,nonword,TRUE,27521,27.521
56,38,latin_nonword_good.png,latin,nonword,good,27,English-dominant,nonword,nonword,TRUE,27172,27.172
56,39,chinese_nonword_brain.png,chinese,nonword,brain,27,English-dominant,nonword,nonword,TRUE,1117,1.117
56,40,latin_realword_pinch.png,latin,word,pinch,27,English-dominant,word,nonword,FALSE,3184,3.184
57,1,chinese_realword_robe.png,chinese,word,robe,28,balanced,word,word,TRUE,1399,1.399
57,2,latin_nonword_pinch.png,latin,nonword,pinch,28,balanced,nonword,nonword,TRUE,1068,1.068
57,3,latin_realword_home.png,latin,word,home,28,balanced,word,word,TRUE,901,0.901
57,4,latin_nonword_flower.png,latin,nonword,flower,28,balanced,nonword,nonword,TRUE,967,0.967
57,5,chinese_realword_praise.png,chinese,word,praise,28,balanced,word,word,TRUE,1051,1.051
57,6,latin_realword_paper.png,latin,word,paper,28,balanced,word,word,TRUE,850,0.85
57,7,chinese_realword_peach.png,chinese,word,peach,28,balanced,word,word,TRUE,766,0.766
57,8,latin_realword_pickaxe.png,latin,word,pickaxe,28,balanced,word,word,TRUE,684,0.684
57,9,latin_realword_feed.png,latin,word,feed,28,balanced,word,word,TRUE,634,0.634
57,10,chinese_nonword_morning.png,chinese,nonword,morning,28,balanced,nonword,nonword,TRUE,1334,1.334
57,11,latin_nonword_wine.png,latin,nonword,wine,28,balanced,nonword,nonword,TRUE,1000,1
57,12,chinese_nonword_prawn.png,chinese,nonword,prawn,28,balanced,nonword,nonword,TRUE,1184,1.184
57,13,chinese_realword_change.png,chinese,word,change,28,balanced,word,word,TRUE,667,0.667
57,14,chinese_nonword_blink.png,chinese,nonword,blink,28,balanced,nonword,nonword,TRUE,1301,1.301
57,15,chinese_nonword_pearl.png,chinese,nonword,pearl,28,balanced,nonword,nonword,TRUE,1649,1.649
57,16,chinese_nonword_eat.png,chinese,nonword,eat,28,balanced,nonword,nonword,TRUE,801,0.801
57,17,chinese_nonword_wealth.png,chinese,nonword,wealth,28,balanced,nonword,nonword,TRUE,799,0.799
57,18,latin_realword_sisterinlaw.png,latin,word,sisterinlaw,28,balanced,word,word,TRUE,784,0.784
57,19,latin_nonword_cat.png,latin,nonword,cat,28,balanced,nonword,nonword,TRUE,834,0.834
57,20,latin_nonword_put.png,latin,nonword,put,28,balanced,nonword,nonword,TRUE,1084,1.084
57,21,chinese_realword_milk.png,chinese,word,milk,28,balanced,word,word,TRUE,751,0.751
57,22,latin_nonword_medicine.png,latin,nonword,medicine,28,balanced,nonword,nonword,TRUE,817,0.817
57,23,chinese_realword_bag.png,chinese,word,bag,28,balanced,word,word,TRUE,1634,1.634
57,24,chinese_nonword_sand.png,chinese,nonword,sand,28,balanced,nonword,nonword,TRUE,867,0.867
57,25,latin_realword_brain.png,latin,word,brain,28,balanced,word,nonword,FALSE,851,0.851
57,26,latin_nonword_invite.png,latin,nonword,invite,28,balanced,nonword,nonword,TRUE,767,0.767
57,27,latin_realword_lean.png,latin,word,lean,28,balanced,word,word,TRUE,682,0.682
57,28,latin_nonword_sea.png,latin,nonword,sea,28,balanced,nonword,nonword,TRUE,718,0.718
57,29,latin_nonword_tea.png,latin,nonword,tea,28,balanced,nonword,nonword,TRUE,667,0.667
57,30,latin_realword_wet.png,latin,word,wet,28,balanced,word,word,TRUE,749,0.749
57,31,latin_realword_pull.png,latin,word,pull,28,balanced,word,word,TRUE,634,0.634
57,32,chinese_realword_good.png,chinese,word,good,28,balanced,word,word,TRUE,834,0.834
57,33,latin_nonword_pat.png,latin,nonword,pat,28,balanced,nonword,nonword,TRUE,1017,1.017
57,34,chinese_nonword_keen.png,chinese,nonword,keen,28,balanced,nonword,nonword,TRUE,717,0.717
57,35,chinese_nonword_grass.png,chinese,nonword,grass,28,balanced,nonword,nonword,TRUE,1234,1.234
57,36,chinese_realword_shave.png,chinese,word,shave,28,balanced,word,word,TRUE,648,0.648
57,37,chinese_realword_island.png,chinese,word,island,28,balanced,word,word,TRUE,766,0.766
57,38,chinese_nonword_sister.png,chinese,nonword,sister,28,balanced,nonword,nonword,TRUE,1001,1.001
57,39,chinese_realword_tree.png,chinese,word,tree,28,balanced,word,word,TRUE,699,0.699
57,40,latin_realword_scoop.png,latin,word,scoop,28,balanced,word,word,TRUE,951,0.951
58,1,latin_nonword_scoop.png,latin,nonword,scoop,29,balanced,nonword,nonword,TRUE,1132,1.132
58,2,chinese_nonword_shave.png,chinese,nonword,shave,29,balanced,nonword,nonword,TRUE,1451,1.451
58,3,latin_realword_prawn.png,latin,word,prawn,29,balanced,word,word,TRUE,1282,1.282
58,4,latin_nonword_pickaxe.png,latin,nonword,pickaxe,29,balanced,nonword,nonword,TRUE,834,0.834
58,5,latin_nonword_home.png,latin,nonword,home,29,balanced,nonword,nonword,TRUE,1751,1.751
58,6,latin_realword_sand.png,latin,word,sand,29,balanced,word,word,TRUE,867,0.867
58,7,chinese_nonword_island.png,chinese,nonword,island,29,balanced,nonword,nonword,TRUE,717,0.717
58,8,chinese_realword_cat.png,chinese,word,cat,29,balanced,word,word,TRUE,701,0.701
58,9,latin_realword_grass.png,latin,word,grass,29,balanced,word,word,TRUE,1017,1.017
58,10,latin_nonword_pull.png,latin,nonword,pull,29,balanced,nonword,nonword,TRUE,633,0.633
58,11,chinese_nonword_change.png,chinese,nonword,change,29,balanced,nonword,nonword,TRUE,734,0.734
58,12,latin_realword_blink.png,latin,word,blink,29,balanced,word,word,TRUE,617,0.617
58,13,latin_realword_sister.png,latin,word,sister,29,balanced,word,word,TRUE,1001,1.001
58,14,latin_realword_pearl.png,latin,word,pearl,29,balanced,word,word,TRUE,632,0.632
58,15,chinese_nonword_milk.png,chinese,nonword,milk,29,balanced,nonword,nonword,TRUE,699,0.699
58,16,chinese_realword_put.png,chinese,word,put,29,balanced,word,word,TRUE,666,0.666
58,17,latin_realword_eat.png,latin,word,eat,29,balanced,word,word,TRUE,834,0.834
58,18,latin_nonword_feed.png,latin,nonword,feed,29,balanced,nonword,nonword,TRUE,1050,1.05
58,19,chinese_realword_tea.png,chinese,word,tea,29,balanced,word,word,TRUE,882,0.882
58,20,chinese_nonword_tree.png,chinese,nonword,tree,29,balanced,nonword,nonword,TRUE,951,0.951
58,21,chinese_nonword_peach.png,chinese,nonword,peach,29,balanced,nonword,nonword,TRUE,866,0.866
58,22,latin_nonword_sisterinlaw.png,latin,nonword,sisterinlaw,29,balanced,nonword,nonword,TRUE,1549,1.549
58,23,latin_nonword_lean.png,latin,nonword,lean,29,balanced,nonword,nonword,TRUE,2051,2.051
58,24,latin_nonword_brain.png,latin,nonword,brain,29,balanced,nonword,nonword,TRUE,1950,1.95
58,25,latin_realword_morning.png,latin,word,morning,29,balanced,word,word,TRUE,967,0.967
58,26,chinese_realword_pat.png,chinese,word,pat,29,balanced,word,word,TRUE,717,0.717
58,27,chinese_nonword_praise.png,chinese,nonword,praise,29,balanced,nonword,nonword,TRUE,718,0.718
58,28,latin_realword_wealth.png,latin,word,wealth,29,balanced,word,word,TRUE,801,0.801
58,29,chinese_realword_wine.png,chinese,word,wine,29,balanced,word,word,TRUE,783,0.783
58,30,chinese_realword_flower.png,chinese,word,flower,29,balanced,word,word,TRUE,634,0.634
58,31,chinese_nonword_bag.png,chinese,nonword,bag,29,balanced,nonword,nonword,TRUE,918,0.918
58,32,chinese_realword_invite.png,chinese,word,invite,29,balanced,word,word,TRUE,716,0.716
58,33,chinese_realword_medicine.png,chinese,word,medicine,29,balanced,word,word,TRUE,684,0.684
58,34,latin_nonword_paper.png,latin,nonword,paper,29,balanced,nonword,nonword,TRUE,867,0.867
58,35,latin_realword_keen.png,latin,word,keen,29,balanced,word,word,TRUE,867,0.867
58,36,chinese_realword_sea.png,chinese,word,sea,29,balanced,word,word,TRUE,716,0.716
58,37,latin_nonword_wet.png,latin,nonword,wet,29,balanced,nonword,nonword,TRUE,684,0.684
58,38,chinese_nonword_robe.png,chinese,nonword,robe,29,balanced,nonword,nonword,TRUE,749,0.749
58,39,chinese_realword_pinch.png,chinese,word,pinch,29,balanced,word,word,TRUE,684,0.684
58,40,chinese_nonword_good.png,chinese,nonword,good,29,balanced,nonword,nonword,TRUE,916,0.916
59,1,latin_nonword_good.png,latin,nonword,good,28,English-dominant,nonword,nonword,TRUE,1738,1.738
59,2,chinese_realword_blink.png,chinese,word,blink,28,English-dominant,word,word,TRUE,903,0.903
59,3,chinese_realword_wealth.png,chinese,word,wealth,28,English-dominant,word,word,TRUE,634,0.634
59,4,latin_nonword_praise.png,latin,nonword,praise,28,English-dominant,nonword,nonword,TRUE,1085,1.085
59,5,latin_realword_invite.png,latin,word,invite,28,English-dominant,word,word,TRUE,2224,2.224
59,6,chinese_nonword_pickaxe.png,chinese,nonword,pickaxe,28,English-dominant,nonword,nonword,TRUE,2740,2.74
59,7,latin_realword_put.png,latin,word,put,28,English-dominant,word,word,TRUE,1754,1.754
59,8,chinese_nonword_brain.png,chinese,nonword,brain,28,English-dominant,nonword,nonword,TRUE,1186,1.186
59,9,chinese_nonword_feed.png,chinese,nonword,feed,28,English-dominant,nonword,nonword,TRUE,1020,1.02
59,10,latin_realword_sea.png,latin,word,sea,28,English-dominant,word,word,TRUE,886,0.886
59,11,latin_nonword_robe.png,latin,nonword,robe,28,English-dominant,nonword,nonword,TRUE,1669,1.669
59,12,chinese_nonword_scoop.png,chinese,nonword,scoop,28,English-dominant,nonword,word,FALSE,1034,1.034
59,13,latin_nonword_change.png,latin,nonword,change,28,English-dominant,nonword,nonword,TRUE,1051,1.051
59,14,chinese_nonword_paper.png,chinese,nonword,paper,28,English-dominant,nonword,nonword,TRUE,870,0.87
59,15,latin_nonword_milk.png,latin,nonword,milk,28,English-dominant,nonword,nonword,TRUE,1220,1.22
59,16,latin_realword_pinch.png,latin,word,pinch,28,English-dominant,word,nonword,FALSE,1071,1.071
59,17,chinese_realword_pearl.png,chinese,word,pearl,28,English-dominant,word,word,TRUE,786,0.786
59,18,latin_realword_medicine.png,latin,word,medicine,28,English-dominant,word,nonword,FALSE,886,0.886
59,19,latin_nonword_peach.png,latin,nonword,peach,28,English-dominant,nonword,nonword,TRUE,885,0.885
59,20,latin_realword_wine.png,latin,word,wine,28,English-dominant,word,word,TRUE,1083,1.083
59,21,chinese_realword_sand.png,chinese,word,sand,28,English-dominant,word,word,TRUE,770,0.77
59,22,latin_nonword_shave.png,latin,nonword,shave,28,English-dominant,nonword,nonword,TRUE,1286,1.286
59,23,chinese_nonword_home.png,chinese,nonword,home,28,English-dominant,nonword,nonword,TRUE,920,0.92
59,24,latin_realword_flower.png,latin,word,flower,28,English-dominant,word,word,TRUE,1052,1.052
59,25,latin_nonword_tree.png,latin,nonword,tree,28,English-dominant,nonword,nonword,TRUE,902,0.902
59,26,latin_nonword_island.png,latin,nonword,island,28,English-dominant,nonword,nonword,TRUE,903,0.903
59,27,chinese_nonword_wet.png,chinese,nonword,wet,28,English-dominant,nonword,nonword,TRUE,1806,1.806
59,28,chinese_realword_keen.png,chinese,word,keen,28,English-dominant,word,word,TRUE,852,0.852
59,29,chinese_realword_eat.png,chinese,word,eat,28,English-dominant,word,word,TRUE,736,0.736
59,30,latin_nonword_bag.png,latin,nonword,bag,28,English-dominant,nonword,nonword,TRUE,1403,1.403
59,31,chinese_nonword_lean.png,chinese,nonword,lean,28,English-dominant,nonword,nonword,TRUE,834,0.834
59,32,chinese_realword_prawn.png,chinese,word,prawn,28,English-dominant,word,word,TRUE,1187,1.187
59,33,chinese_realword_sister.png,chinese,word,sister,28,English-dominant,word,word,TRUE,735,0.735
59,34,latin_realword_tea.png,latin,word,tea,28,English-dominant,word,word,TRUE,1338,1.338
59,35,latin_realword_cat.png,latin,word,cat,28,English-dominant,word,word,TRUE,734,0.734
59,36,chinese_nonword_sisterinlaw.png,chinese,nonword,sisterinlaw,28,English-dominant,nonword,nonword,TRUE,1617,1.617
59,37,chinese_realword_grass.png,chinese,word,grass,28,English-dominant,word,word,TRUE,920,0.92
59,38,latin_realword_pat.png,latin,word,pat,28,English-dominant,word,word,TRUE,1186,1.186
59,39,chinese_realword_morning.png,chinese,word,morning,28,English-dominant,word,word,TRUE,684,0.684
59,40,chinese_nonword_pull.png,chinese,nonword,pull,28,English-dominant,nonword,nonword,TRUE,1085,1.085
60,1,latin_nonword_pearl.png,latin,nonword,pearl,30,English-dominant,nonword,nonword,TRUE,884,0.884
60,2,chinese_nonword_invite.png,chinese,nonword,invite,30,English-dominant,nonword,nonword,TRUE,750,0.75
60,3,latin_realword_bag.png,latin,word,bag,30,English-dominant,word,word,TRUE,934,0.934
60,4,latin_nonword_sister.png,latin,nonword,sister,30,English-dominant,nonword,nonword,TRUE,1084,1.084
60,5,latin_nonword_grass.png,latin,nonword,grass,30,English-dominant,nonword,nonword,TRUE,917,0.917
60,6,chinese_nonword_medicine.png,chinese,nonword,medicine,30,English-dominant,nonword,nonword,TRUE,700,0.7
60,7,chinese_realword_paper.png,chinese,word,paper,30,English-dominant,word,word,TRUE,717,0.717
60,8,chinese_realword_sisterinlaw.png,chinese,word,sisterinlaw,30,English-dominant,word,word,TRUE,700,0.7
60,9,latin_realword_shave.png,latin,word,shave,30,English-dominant,word,word,TRUE,1467,1.467
60,10,latin_realword_tree.png,latin,word,tree,30,English-dominant,word,word,TRUE,682,0.682
60,11,latin_realword_robe.png,latin,word,robe,30,English-dominant,word,word,TRUE,666,0.666
60,12,latin_realword_good.png,latin,word,good,30,English-dominant,word,word,TRUE,617,0.617
60,13,latin_realword_island.png,latin,word,island,30,English-dominant,word,word,TRUE,534,0.534
60,14,latin_nonword_prawn.png,latin,nonword,prawn,30,English-dominant,nonword,nonword,TRUE,1416,1.416
60,15,chinese_realword_wet.png,chinese,word,wet,30,English-dominant,word,word,TRUE,601,0.601
60,16,chinese_realword_home.png,chinese,word,home,30,English-dominant,word,word,TRUE,601,0.601
60,17,latin_realword_change.png,latin,word,change,30,English-dominant,word,word,TRUE,682,0.682
60,18,latin_realword_praise.png,latin,word,praise,30,English-dominant,word,word,TRUE,951,0.951
60,19,latin_nonword_keen.png,latin,nonword,keen,30,English-dominant,nonword,nonword,TRUE,834,0.834
60,20,latin_nonword_wealth.png,latin,nonword,wealth,30,English-dominant,nonword,nonword,TRUE,2484,2.484
60,21,chinese_realword_pickaxe.png,chinese,word,pickaxe,30,English-dominant,word,word,TRUE,1818,1.818
60,22,chinese_nonword_pat.png,chinese,nonword,pat,30,English-dominant,nonword,nonword,TRUE,651,0.651
60,23,chinese_nonword_pinch.png,chinese,nonword,pinch,30,English-dominant,nonword,nonword,TRUE,600,0.6
60,24,chinese_realword_feed.png,chinese,word,feed,30,English-dominant,word,nonword,FALSE,1017,1.017
60,25,latin_nonword_sand.png,latin,nonword,sand,30,English-dominant,nonword,nonword,TRUE,800,0.8
60,26,chinese_nonword_tea.png,chinese,nonword,tea,30,English-dominant,nonword,nonword,TRUE,667,0.667
60,27,chinese_realword_scoop.png,chinese,word,scoop,30,English-dominant,word,word,TRUE,700,0.7
60,28,latin_realword_milk.png,latin,word,milk,30,English-dominant,word,word,TRUE,1449,1.449
60,29,chinese_nonword_put.png,chinese,nonword,put,30,English-dominant,nonword,nonword,TRUE,599,0.599
60,30,chinese_nonword_cat.png,chinese,nonword,cat,30,English-dominant,nonword,nonword,TRUE,634,0.634
60,31,latin_nonword_morning.png,latin,nonword,morning,30,English-dominant,nonword,nonword,TRUE,984,0.984
60,32,chinese_realword_brain.png,chinese,word,brain,30,English-dominant,word,word,TRUE,3149,3.149
60,33,latin_nonword_blink.png,latin,nonword,blink,30,English-dominant,nonword,nonword,TRUE,683,0.683
60,34,chinese_nonword_sea.png,chinese,nonword,sea,30,English-dominant,nonword,nonword,TRUE,684,0.684
60,35,chinese_nonword_wine.png,chinese,nonword,wine,30,English-dominant,nonword,nonword,TRUE,684,0.684
60,36,chinese_realword_lean.png,chinese,word,lean,30,English-dominant,word,word,TRUE,899,0.899
60,37,latin_realword_peach.png,latin,word,peach,30,English-dominant,word,word,TRUE,901,0.901
60,38,latin_nonword_eat.png,latin,nonword,eat,30,English-dominant,nonword,nonword,TRUE,668,0.668
60,39,chinese_realword_pull.png,chinese,word,pull,30,English-dominant,word,word,TRUE,634,0.634
60,40,chinese_nonword_flower.png,chinese,nonword,flower,30,English-dominant,nonword,nonword,TRUE,749,0.749
61,1,chinese_realword_milk.png,chinese,word,milk,25,Chinese-family-dominant,word,word,TRUE,717,0.717
61,2,latin_realword_scoop.png,latin,word,scoop,25,Chinese-family-dominant,word,word,TRUE,1085,1.085
61,3,latin_nonword_medicine.png,latin,nonword,medicine,25,Chinese-family-dominant,nonword,nonword,TRUE,1086,1.086
61,4,chinese_nonword_sister.png,chinese,nonword,sister,25,Chinese-family-dominant,nonword,nonword,TRUE,818,0.818
61,5,latin_realword_pull.png,latin,word,pull,25,Chinese-family-dominant,word,word,TRUE,952,0.952
61,6,latin_nonword_sea.png,latin,nonword,sea,25,Chinese-family-dominant,nonword,nonword,TRUE,951,0.951
61,7,latin_realword_brain.png,latin,word,brain,25,Chinese-family-dominant,word,word,TRUE,1336,1.336
61,8,latin_nonword_tea.png,latin,nonword,tea,25,Chinese-family-dominant,nonword,nonword,TRUE,752,0.752
61,9,chinese_nonword_sand.png,chinese,nonword,sand,25,Chinese-family-dominant,nonword,nonword,TRUE,683,0.683
61,10,chinese_realword_shave.png,chinese,word,shave,25,Chinese-family-dominant,word,word,TRUE,750,0.75
61,11,chinese_realword_bag.png,chinese,word,bag,25,Chinese-family-dominant,word,word,TRUE,601,0.601
61,12,chinese_realword_island.png,chinese,word,island,25,Chinese-family-dominant,word,word,TRUE,2319,2.319
61,13,chinese_realword_good.png,chinese,word,good,25,Chinese-family-dominant,word,word,TRUE,800,0.8
61,14,latin_realword_wet.png,latin,word,wet,25,Chinese-family-dominant,word,word,TRUE,901,0.901
61,15,chinese_realword_tree.png,chinese,word,tree,25,Chinese-family-dominant,word,word,TRUE,685,0.685
61,16,latin_nonword_pat.png,latin,nonword,pat,25,Chinese-family-dominant,nonword,word,FALSE,568,0.568
61,17,chinese_nonword_grass.png,chinese,nonword,grass,25,Chinese-family-dominant,nonword,nonword,TRUE,884,0.884
61,18,chinese_nonword_keen.png,chinese,nonword,keen,25,Chinese-family-dominant,nonword,nonword,TRUE,802,0.802
61,19,latin_realword_lean.png,latin,word,lean,25,Chinese-family-dominant,word,word,TRUE,1153,1.153
61,20,latin_nonword_invite.png,latin,nonword,invite,25,Chinese-family-dominant,nonword,nonword,TRUE,934,0.934
61,21,latin_realword_paper.png,latin,word,paper,25,Chinese-family-dominant,word,word,TRUE,785,0.785
61,22,latin_nonword_put.png,latin,nonword,put,25,Chinese-family-dominant,nonword,nonword,TRUE,750,0.75
61,23,latin_nonword_cat.png,latin,nonword,cat,25,Chinese-family-dominant,nonword,nonword,TRUE,902,0.902
61,24,chinese_nonword_prawn.png,chinese,nonword,prawn,25,Chinese-family-dominant,nonword,nonword,TRUE,785,0.785
61,25,chinese_nonword_eat.png,chinese,nonword,eat,25,Chinese-family-dominant,nonword,nonword,TRUE,802,0.802
61,26,chinese_realword_praise.png,chinese,word,praise,25,Chinese-family-dominant,word,word,TRUE,718,0.718
61,27,latin_realword_feed.png,latin,word,feed,25,Chinese-family-dominant,word,word,TRUE,1135,1.135
61,28,latin_nonword_wine.png,latin,nonword,wine,25,Chinese-family-dominant,nonword,nonword,TRUE,3189,3.189
61,29,latin_realword_pickaxe.png,latin,word,pickaxe,25,Chinese-family-dominant,word,word,TRUE,785,0.785
61,30,chinese_realword_change.png,chinese,word,change,25,Chinese-family-dominant,word,word,TRUE,585,0.585
61,31,latin_realword_sisterinlaw.png,latin,word,sisterinlaw,25,Chinese-family-dominant,word,word,TRUE,852,0.852
61,32,latin_realword_home.png,latin,word,home,25,Chinese-family-dominant,word,word,TRUE,917,0.917
61,33,chinese_nonword_wealth.png,chinese,nonword,wealth,25,Chinese-family-dominant,nonword,nonword,TRUE,733,0.733
61,34,latin_nonword_pinch.png,latin,nonword,pinch,25,Chinese-family-dominant,nonword,nonword,TRUE,1553,1.553
61,35,chinese_realword_robe.png,chinese,word,robe,25,Chinese-family-dominant,word,word,TRUE,868,0.868
61,36,chinese_nonword_morning.png,chinese,nonword,morning,25,Chinese-family-dominant,nonword,nonword,TRUE,2487,2.487
61,37,chinese_realword_peach.png,chinese,word,peach,25,Chinese-family-dominant,word,word,TRUE,668,0.668
61,38,latin_nonword_flower.png,latin,nonword,flower,25,Chinese-family-dominant,nonword,nonword,TRUE,833,0.833
61,39,chinese_nonword_pearl.png,chinese,nonword,pearl,25,Chinese-family-dominant,nonword,nonword,TRUE,835,0.835
61,40,chinese_nonword_blink.png,chinese,nonword,blink,25,Chinese-family-dominant,nonword,nonword,TRUE,701,0.701
62,1,chinese_realword_change.png,chinese,word,change,28,English-dominant,word,word,TRUE,708.7999999880794,0.7087999999880794
62,2,latin_nonword_put.png,latin,nonword,put,28,English-dominant,nonword,word,FALSE,1206.9000000000017,1.2069000000000016
62,3,chinese_nonword_morning.png,chinese,nonword,morning,28,English-dominant,nonword,nonword,TRUE,807.9000000238411,0.8079000000238411
62,4,chinese_nonword_prawn.png,chinese,nonword,prawn,28,English-dominant,nonword,nonword,TRUE,847.2999999999993,0.8472999999999993
62,5,latin_nonword_flower.png,latin,nonword,flower,28,English-dominant,nonword,nonword,TRUE,693.7999999999993,0.6937999999999993
62,6,chinese_nonword_wealth.png,chinese,nonword,wealth,28,English-dominant,nonword,nonword,TRUE,714.3999999999978,0.7143999999999978
62,7,latin_realword_pickaxe.png,latin,word,pickaxe,28,English-dominant,word,word,TRUE,792.9999999761567,0.7929999999761567
62,8,latin_nonword_cat.png,latin,nonword,cat,28,English-dominant,nonword,nonword,TRUE,673.9000000238448,0.6739000000238448
62,9,chinese_nonword_eat.png,chinese,nonword,eat,28,English-dominant,nonword,nonword,TRUE,724.6000000119238,0.7246000000119238
62,10,chinese_nonword_pearl.png,chinese,nonword,pearl,28,English-dominant,nonword,nonword,TRUE,622.7999999880776,0.6227999999880777
62,11,chinese_nonword_blink.png,chinese,nonword,blink,28,English-dominant,nonword,nonword,TRUE,729.6000000238419,0.7296000000238418
62,12,chinese_realword_peach.png,chinese,word,peach,28,English-dominant,word,word,TRUE,725.3999999880762,0.7253999999880761
62,13,chinese_realword_praise.png,chinese,word,praise,28,English-dominant,word,word,TRUE,593.2999999761596,0.5932999999761596
62,14,latin_nonword_wine.png,latin,nonword,wine,28,English-dominant,nonword,nonword,TRUE,1268.9000000000017,1.2689000000000017
62,15,latin_nonword_pinch.png,latin,nonword,pinch,28,English-dominant,nonword,nonword,TRUE,826.499999988082,0.826499999988082
62,16,latin_realword_paper.png,latin,word,paper,28,English-dominant,word,word,TRUE,714.4000000000087,0.7144000000000087
62,17,latin_realword_home.png,latin,word,home,28,English-dominant,word,word,TRUE,878.1999999999971,0.8781999999999971
62,18,chinese_realword_robe.png,chinese,word,robe,28,English-dominant,word,word,TRUE,797.3999999999942,0.7973999999999942
62,19,latin_realword_feed.png,latin,word,feed,28,English-dominant,word,word,TRUE,679.6000000238419,0.6796000000238419
62,20,latin_realword_sisterinlaw.png,latin,word,sisterinlaw,28,English-dominant,word,word,TRUE,724.499999988082,0.724499999988082
62,21,latin_nonword_medicine.png,latin,nonword,medicine,28,English-dominant,nonword,nonword,TRUE,747.3999999999942,0.7473999999999942
62,22,latin_realword_lean.png,latin,word,lean,28,English-dominant,word,word,TRUE,620.7000000119151,0.620700000011915
62,23,chinese_realword_shave.png,chinese,word,shave,28,English-dominant,word,word,TRUE,605.7999999880849,0.6057999999880849
62,24,chinese_realword_good.png,chinese,word,good,28,English-dominant,word,word,TRUE,580.3999999761581,0.5803999999761581
62,25,chinese_realword_bag.png,chinese,word,bag,28,English-dominant,word,word,TRUE,570.1000000000058,0.5701000000000058
62,26,chinese_nonword_keen.png,chinese,nonword,keen,28,English-dominant,nonword,nonword,TRUE,662.3999999999942,0.6623999999999942
62,27,chinese_nonword_grass.png,chinese,nonword,grass,28,English-dominant,nonword,nonword,TRUE,690.1999999880791,0.690199999988079
62,28,chinese_nonword_sister.png,chinese,nonword,sister,28,English-dominant,nonword,nonword,TRUE,631.3999999999796,0.6313999999999796
62,29,latin_nonword_pat.png,latin,nonword,pat,28,English-dominant,nonword,nonword,TRUE,1118.299999988085,1.118299999988085
62,30,latin_realword_wet.png,latin,word,wet,28,English-dominant,word,word,TRUE,713.999999976164,0.7139999999761639
62,31,chinese_realword_tree.png,chinese,word,tree,28,English-dominant,word,word,TRUE,614.5,0.6145
62,32,latin_realword_pull.png,latin,word,pull,28,English-dominant,word,word,TRUE,760.1999999999971,0.7601999999999971
62,33,chinese_realword_milk.png,chinese,word,milk,28,English-dominant,word,word,TRUE,601.2999999880849,0.6012999999880849
62,34,latin_nonword_invite.png,latin,nonword,invite,28,English-dominant,nonword,nonword,TRUE,735,0.735
62,35,latin_realword_scoop.png,latin,word,scoop,28,English-dominant,word,word,TRUE,553.8999999761581,0.5538999999761581
62,36,chinese_realword_island.png,chinese,word,island,28,English-dominant,word,word,TRUE,690.800000023839,0.6908000000238389
62,37,latin_nonword_sea.png,latin,nonword,sea,28,English-dominant,nonword,nonword,TRUE,821.9000000119267,0.8219000000119268
62,38,chinese_nonword_sand.png,chinese,nonword,sand,28,English-dominant,nonword,nonword,TRUE,677.300000023839,0.6773000000238389
62,39,latin_nonword_tea.png,latin,nonword,tea,28,English-dominant,nonword,nonword,TRUE,672.6999999999971,0.6726999999999971
62,40,latin_realword_brain.png,latin,word,brain,28,English-dominant,word,word,TRUE,576.3999999880762,0.5763999999880761
63,1,chinese_nonword_change.png,chinese,nonword,change,29,balanced,nonword,nonword,TRUE,1001,1.001
63,2,latin_realword_eat.png,latin,word,eat,29,balanced,word,word,TRUE,1051,1.051
63,3,chinese_realword_put.png,chinese,word,put,29,balanced,word,word,TRUE,900,0.9
63,4,latin_realword_prawn.png,latin,word,prawn,29,balanced,word,word,TRUE,949,0.949
63,5,latin_nonword_feed.png,latin,nonword,feed,29,balanced,nonword,nonword,TRUE,916,0.916
63,6,chinese_realword_tea.png,chinese,word,tea,29,balanced,word,word,TRUE,2449,2.449
63,7,chinese_nonword_island.png,chinese,nonword,island,29,balanced,nonword,nonword,TRUE,901,0.901
63,8,latin_realword_sand.png,latin,word,sand,29,balanced,word,word,TRUE,1017,1.017
63,9,chinese_nonword_shave.png,chinese,nonword,shave,29,balanced,nonword,nonword,TRUE,2050,2.05
63,10,latin_realword_sister.png,latin,word,sister,29,balanced,word,word,TRUE,1099,1.099
63,11,latin_realword_pearl.png,latin,word,pearl,29,balanced,word,word,TRUE,816,0.816
63,12,latin_realword_blink.png,latin,word,blink,29,balanced,word,word,TRUE,899,0.899
63,13,chinese_nonword_tree.png,chinese,nonword,tree,29,balanced,nonword,nonword,TRUE,2384,2.384
63,14,chinese_realword_cat.png,chinese,word,cat,29,balanced,word,word,TRUE,884,0.884
63,15,latin_nonword_home.png,latin,nonword,home,29,balanced,nonword,nonword,TRUE,1484,1.484
63,16,latin_nonword_pull.png,latin,nonword,pull,29,balanced,nonword,nonword,TRUE,1049,1.049
63,17,latin_realword_grass.png,latin,word,grass,29,balanced,word,word,TRUE,870,0.87
63,18,latin_nonword_pickaxe.png,latin,nonword,pickaxe,29,balanced,nonword,nonword,TRUE,967,0.967
63,19,latin_nonword_scoop.png,latin,nonword,scoop,29,balanced,nonword,nonword,TRUE,2201,2.201
63,20,chinese_nonword_milk.png,chinese,nonword,milk,29,balanced,nonword,nonword,TRUE,832,0.832
63,21,chinese_nonword_robe.png,chinese,nonword,robe,29,balanced,nonword,nonword,TRUE,783,0.783
63,22,chinese_realword_wine.png,chinese,word,wine,29,balanced,word,word,TRUE,849,0.849
63,23,latin_nonword_brain.png,latin,nonword,brain,29,balanced,nonword,nonword,TRUE,883,0.883
63,24,chinese_realword_invite.png,chinese,word,invite,29,balanced,word,word,TRUE,917,0.917
63,25,latin_nonword_sisterinlaw.png,latin,nonword,sisterinlaw,29,balanced,nonword,nonword,TRUE,732,0.732
63,26,latin_nonword_wet.png,latin,nonword,wet,29,balanced,nonword,nonword,TRUE,667,0.667
63,27,chinese_realword_pat.png,chinese,word,pat,29,balanced,word,word,TRUE,965,0.965
63,28,chinese_nonword_bag.png,chinese,nonword,bag,29,balanced,nonword,nonword,TRUE,1467,1.467
63,29,chinese_nonword_peach.png,chinese,nonword,peach,29,balanced,nonword,nonword,TRUE,932,0.932
63,30,chinese_nonword_praise.png,chinese,nonword,praise,29,balanced,nonword,nonword,TRUE,1434,1.434
63,31,chinese_nonword_good.png,chinese,nonword,good,29,balanced,nonword,nonword,TRUE,1234,1.234
63,32,latin_realword_wealth.png,latin,word,wealth,29,balanced,word,word,TRUE,1018,1.018
63,33,latin_nonword_lean.png,latin,nonword,lean,29,balanced,nonword,nonword,TRUE,736,0.736
63,34,chinese_realword_pinch.png,chinese,word,pinch,29,balanced,word,word,TRUE,917,0.917
63,35,chinese_realword_flower.png,chinese,word,flower,29,balanced,word,word,TRUE,667,0.667
63,36,chinese_realword_medicine.png,chinese,word,medicine,29,balanced,word,word,TRUE,784,0.784
63,37,latin_realword_morning.png,latin,word,morning,29,balanced,word,word,TRUE,884,0.884
63,38,latin_realword_keen.png,latin,word,keen,29,balanced,word,word,TRUE,1082,1.082
63,39,chinese_realword_sea.png,chinese,word,sea,29,balanced,word,word,TRUE,784,0.784
63,40,latin_nonword_paper.png,latin,nonword,paper,29,balanced,nonword,nonword,TRUE,884,0.884
64,1,chinese_nonword_pinch.png,chinese,nonword,pinch,24,Chinese-family-dominant,nonword,nonword,TRUE,1531,1.531
64,2,chinese_nonword_sea.png,chinese,nonword,sea,24,Chinese-family-dominant,nonword,nonword,TRUE,1098,1.098
64,3,latin_nonword_eat.png,latin,nonword,eat,24,Chinese-family-dominant,nonword,nonword,TRUE,1632,1.632
64,4,chinese_nonword_cat.png,chinese,nonword,cat,24,Chinese-family-dominant,nonword,nonword,TRUE,1015,1.015
64,5,chinese_realword_pickaxe.png,chinese,word,pickaxe,24,Chinese-family-dominant,word,word,TRUE,1847,1.847
64,6,chinese_nonword_wine.png,chinese,nonword,wine,24,Chinese-family-dominant,nonword,nonword,TRUE,998,0.998
64,7,chinese_realword_scoop.png,chinese,word,scoop,24,Chinese-family-dominant,word,word,TRUE,933,0.933
64,8,chinese_nonword_pat.png,chinese,nonword,pat,24,Chinese-family-dominant,nonword,nonword,TRUE,966,0.966
64,9,chinese_nonword_put.png,chinese,nonword,put,24,Chinese-family-dominant,nonword,nonword,TRUE,1516,1.516
64,10,chinese_realword_feed.png,chinese,word,feed,24,Chinese-family-dominant,word,word,TRUE,1066,1.066
64,11,chinese_realword_pull.png,chinese,word,pull,24,Chinese-family-dominant,word,word,TRUE,1150,1.15
64,12,chinese_realword_lean.png,chinese,word,lean,24,Chinese-family-dominant,word,word,TRUE,1131,1.131
64,13,latin_nonword_sand.png,latin,nonword,sand,24,Chinese-family-dominant,nonword,nonword,TRUE,2548,2.548
64,14,latin_realword_milk.png,latin,word,milk,24,Chinese-family-dominant,word,word,TRUE,2481,2.481
64,15,chinese_nonword_flower.png,chinese,nonword,flower,24,Chinese-family-dominant,nonword,nonword,TRUE,3647,3.647
64,16,latin_realword_peach.png,latin,word,peach,24,Chinese-family-dominant,word,word,TRUE,1349,1.349
64,17,latin_nonword_blink.png,latin,nonword,blink,24,Chinese-family-dominant,nonword,nonword,TRUE,1198,1.198
64,18,chinese_realword_brain.png,chinese,word,brain,24,Chinese-family-dominant,word,word,TRUE,948,0.948
64,19,chinese_nonword_tea.png,chinese,nonword,tea,24,Chinese-family-dominant,nonword,nonword,TRUE,2831,2.831
64,20,latin_nonword_morning.png,latin,nonword,morning,24,Chinese-family-dominant,nonword,nonword,TRUE,1531,1.531
64,21,latin_nonword_sister.png,latin,nonword,sister,24,Chinese-family-dominant,nonword,nonword,TRUE,1499,1.499
64,22,chinese_nonword_medicine.png,chinese,nonword,medicine,24,Chinese-family-dominant,nonword,nonword,TRUE,1332,1.332
64,23,latin_nonword_prawn.png,latin,nonword,prawn,24,Chinese-family-dominant,nonword,nonword,TRUE,2030,2.03
64,24,latin_realword_change.png,latin,word,change,24,Chinese-family-dominant,word,word,TRUE,1449,1.449
64,25,latin_realword_praise.png,latin,word,praise,24,Chinese-family-dominant,word,word,TRUE,3294,3.294
64,26,latin_realword_tree.png,latin,word,tree,24,Chinese-family-dominant,word,word,TRUE,1081,1.081
64,27,latin_nonword_wealth.png,latin,nonword,wealth,24,Chinese-family-dominant,nonword,nonword,TRUE,1499,1.499
64,28,chinese_realword_paper.png,chinese,word,paper,24,Chinese-family-dominant,word,word,TRUE,1115,1.115
64,29,latin_nonword_keen.png,latin,nonword,keen,24,Chinese-family-dominant,nonword,nonword,TRUE,1998,1.998
64,30,latin_realword_good.png,latin,word,good,24,Chinese-family-dominant,word,word,TRUE,1665,1.665
64,31,latin_realword_bag.png,latin,word,bag,24,Chinese-family-dominant,word,word,TRUE,1150,1.15
64,32,chinese_realword_sisterinlaw.png,chinese,word,sisterinlaw,24,Chinese-family-dominant,word,word,TRUE,5011,5.011
64,33,latin_realword_island.png,latin,word,island,24,Chinese-family-dominant,word,word,TRUE,1848,1.848
64,34,chinese_realword_home.png,chinese,word,home,24,Chinese-family-dominant,word,word,TRUE,849,0.849
64,35,latin_realword_robe.png,latin,word,robe,24,Chinese-family-dominant,word,word,TRUE,2479,2.479
64,36,chinese_nonword_invite.png,chinese,nonword,invite,24,Chinese-family-dominant,nonword,nonword,TRUE,1316,1.316
64,37,latin_nonword_pearl.png,latin,nonword,pearl,24,Chinese-family-dominant,nonword,nonword,TRUE,1381,1.381
64,38,latin_realword_shave.png,latin,word,shave,24,Chinese-family-dominant,word,word,TRUE,1915,1.915
64,39,chinese_realword_wet.png,chinese,word,wet,24,Chinese-family-dominant,word,word,TRUE,916,0.916
64,40,latin_nonword_grass.png,latin,nonword,grass,24,Chinese-family-dominant,nonword,nonword,TRUE,1516,1.516
65,1,latin_nonword_good.png,latin,nonword,good,28,Chinese-family-dominant,nonword,nonword,TRUE,1699,1.699
65,2,chinese_realword_pearl.png,chinese,word,pearl,28,Chinese-family-dominant,word,word,TRUE,1066,1.066
65,3,chinese_nonword_brain.png,chinese,nonword,brain,28,Chinese-family-dominant,nonword,nonword,TRUE,1166,1.166
65,4,latin_realword_sea.png,latin,word,sea,28,Chinese-family-dominant,word,word,TRUE,1134,1.134
65,5,chinese_nonword_pickaxe.png,chinese,nonword,pickaxe,28,Chinese-family-dominant,nonword,nonword,TRUE,928,0.928
65,6,latin_realword_medicine.png,latin,word,medicine,28,Chinese-family-dominant,word,word,TRUE,1233,1.233
65,7,latin_nonword_milk.png,latin,nonword,milk,28,Chinese-family-dominant,nonword,nonword,TRUE,894,0.894
65,8,latin_nonword_praise.png,latin,nonword,praise,28,Chinese-family-dominant,nonword,nonword,TRUE,762,0.762
65,9,chinese_realword_blink.png,chinese,word,blink,28,Chinese-family-dominant,word,word,TRUE,761,0.761
65,10,latin_nonword_robe.png,latin,nonword,robe,28,Chinese-family-dominant,nonword,nonword,TRUE,961.0000000000072,0.9610000000000072
65,11,latin_realword_invite.png,latin,word,invite,28,Chinese-family-dominant,word,word,TRUE,965,0.965
65,12,latin_realword_wine.png,latin,word,wine,28,Chinese-family-dominant,word,word,TRUE,828,0.828
65,13,chinese_nonword_scoop.png,chinese,nonword,scoop,28,Chinese-family-dominant,nonword,nonword,TRUE,899,0.899
65,14,latin_realword_put.png,latin,word,put,28,Chinese-family-dominant,word,word,TRUE,929,0.929
65,15,chinese_nonword_feed.png,chinese,nonword,feed,28,Chinese-family-dominant,nonword,nonword,TRUE,755,0.755
65,16,latin_realword_pinch.png,latin,word,pinch,28,Chinese-family-dominant,word,word,TRUE,1628,1.628
65,17,latin_nonword_change.png,latin,nonword,change,28,Chinese-family-dominant,nonword,nonword,TRUE,1134,1.134
65,18,latin_nonword_peach.png,latin,nonword,peach,28,Chinese-family-dominant,nonword,nonword,TRUE,1125.0000000000073,1.125000000000007
65,19,chinese_nonword_paper.png,chinese,nonword,paper,28,Chinese-family-dominant,nonword,nonword,TRUE,768,0.768
65,20,chinese_realword_wealth.png,chinese,word,wealth,28,Chinese-family-dominant,word,word,TRUE,1865,1.865
65,21,chinese_realword_sand.png,chinese,word,sand,28,Chinese-family-dominant,word,word,TRUE,728,0.728
65,22,chinese_realword_sister.png,chinese,word,sister,28,Chinese-family-dominant,word,word,TRUE,834,0.834
65,23,chinese_nonword_pull.png,chinese,nonword,pull,28,Chinese-family-dominant,nonword,nonword,TRUE,1420,1.42
65,24,chinese_nonword_home.png,chinese,nonword,home,28,Chinese-family-dominant,nonword,nonword,TRUE,599,0.599
65,25,latin_nonword_bag.png,latin,nonword,bag,28,Chinese-family-dominant,nonword,nonword,TRUE,799,0.799
65,26,chinese_realword_eat.png,chinese,word,eat,28,Chinese-family-dominant,word,word,TRUE,793,0.793
65,27,latin_realword_cat.png,latin,word,cat,28,Chinese-family-dominant,word,word,TRUE,695,0.695
65,28,chinese_nonword_lean.png,chinese,nonword,lean,28,Chinese-family-dominant,nonword,nonword,TRUE,599,0.599
65,29,chinese_realword_keen.png,chinese,word,keen,28,Chinese-family-dominant,word,word,TRUE,603,0.603
65,30,latin_nonword_shave.png,latin,nonword,shave,28,Chinese-family-dominant,nonword,nonword,TRUE,729,0.729
65,31,chinese_nonword_sisterinlaw.png,chinese,nonword,sisterinlaw,28,Chinese-family-dominant,nonword,nonword,TRUE,795,0.795
65,32,latin_realword_pat.png,latin,word,pat,28,Chinese-family-dominant,word,word,TRUE,733,0.733
65,33,chinese_realword_prawn.png,chinese,word,prawn,28,Chinese-family-dominant,word,word,TRUE,625,0.625
65,34,latin_realword_tea.png,latin,word,tea,28,Chinese-family-dominant,word,word,TRUE,730,0.73
65,35,latin_realword_flower.png,latin,word,flower,28,Chinese-family-dominant,word,word,TRUE,566,0.566
65,36,latin_nonword_tree.png,latin,nonword,tree,28,Chinese-family-dominant,nonword,nonword,TRUE,734,0.734
65,37,chinese_realword_grass.png,chinese,word,grass,28,Chinese-family-dominant,word,word,TRUE,663,0.663
65,38,chinese_nonword_wet.png,chinese,nonword,wet,28,Chinese-family-dominant,nonword,nonword,TRUE,557,0.557
65,39,chinese_realword_morning.png,chinese,word,morning,28,Chinese-family-dominant,word,word,TRUE,700,0.7
65,40,latin_nonword_island.png,latin,nonword,island,28,Chinese-family-dominant,nonword,nonword,TRUE,761,0.761
66,1,latin_realword_sea.png,latin,word,sea,27,Chinese-family-dominant,word,word,TRUE,1952,1.952
66,2,chinese_nonword_feed.png,chinese,nonword,feed,27,Chinese-family-dominant,nonword,nonword,TRUE,768,0.768
66,3,chinese_nonword_pickaxe.png,chinese,nonword,pickaxe,27,Chinese-family-dominant,nonword,nonword,TRUE,768,0.768
66,4,latin_realword_pinch.png,latin,word,pinch,27,Chinese-family-dominant,word,word,TRUE,2851,2.851
66,5,latin_realword_wine.png,latin,word,wine,27,Chinese-family-dominant,word,word,TRUE,920,0.92
66,6,latin_nonword_milk.png,latin,nonword,milk,27,Chinese-family-dominant,nonword,nonword,TRUE,1485,1.485
66,7,chinese_realword_blink.png,chinese,word,blink,27,Chinese-family-dominant,word,word,TRUE,951,0.951
66,8,latin_nonword_good.png,latin,nonword,good,27,Chinese-family-dominant,nonword,nonword,TRUE,1168,1.168
66,9,latin_nonword_peach.png,latin,nonword,peach,27,Chinese-family-dominant,nonword,nonword,TRUE,718,0.718
66,10,latin_realword_put.png,latin,word,put,27,Chinese-family-dominant,word,word,TRUE,2251,2.251
66,11,latin_nonword_change.png,latin,nonword,change,27,Chinese-family-dominant,nonword,nonword,TRUE,952,0.952
66,12,chinese_realword_pearl.png,chinese,word,pearl,27,Chinese-family-dominant,word,word,TRUE,684,0.684
66,13,latin_nonword_praise.png,latin,nonword,praise,27,Chinese-family-dominant,nonword,nonword,TRUE,768,0.768
66,14,chinese_nonword_scoop.png,chinese,nonword,scoop,27,Chinese-family-dominant,nonword,nonword,TRUE,684,0.684
66,15,latin_realword_invite.png,latin,word,invite,27,Chinese-family-dominant,word,word,TRUE,2903,2.903
66,16,chinese_nonword_brain.png,chinese,nonword,brain,27,Chinese-family-dominant,nonword,nonword,TRUE,1352,1.352
66,17,chinese_nonword_paper.png,chinese,nonword,paper,27,Chinese-family-dominant,nonword,nonword,TRUE,868,0.868
66,18,latin_nonword_robe.png,latin,nonword,robe,27,Chinese-family-dominant,nonword,nonword,TRUE,1135,1.135
66,19,chinese_realword_wealth.png,chinese,word,wealth,27,Chinese-family-dominant,word,word,TRUE,968,0.968
66,20,latin_realword_medicine.png,latin,word,medicine,27,Chinese-family-dominant,word,word,TRUE,1318,1.318
66,21,chinese_nonword_lean.png,chinese,nonword,lean,27,Chinese-family-dominant,nonword,nonword,TRUE,717,0.717
66,22,latin_nonword_island.png,latin,nonword,island,27,Chinese-family-dominant,nonword,nonword,TRUE,800,0.8
66,23,latin_nonword_shave.png,latin,nonword,shave,27,Chinese-family-dominant,nonword,nonword,TRUE,817,0.817
66,24,chinese_realword_grass.png,chinese,word,grass,27,Chinese-family-dominant,word,word,TRUE,1252,1.252
66,25,latin_realword_pat.png,latin,word,pat,27,Chinese-family-dominant,word,word,TRUE,1935,1.935
66,26,chinese_realword_keen.png,chinese,word,keen,27,Chinese-family-dominant,word,word,TRUE,868,0.868
66,27,chinese_nonword_sisterinlaw.png,chinese,nonword,sisterinlaw,27,Chinese-family-dominant,nonword,nonword,TRUE,750,0.75
66,28,chinese_realword_prawn.png,chinese,word,prawn,27,Chinese-family-dominant,word,word,TRUE,934,0.934
66,29,chinese_realword_sister.png,chinese,word,sister,27,Chinese-family-dominant,word,word,TRUE,1417,1.417
66,30,chinese_nonword_wet.png,chinese,nonword,wet,27,Chinese-family-dominant,nonword,nonword,TRUE,901,0.901
66,31,latin_realword_tea.png,latin,word,tea,27,Chinese-family-dominant,word,word,TRUE,851,0.851
66,32,latin_realword_cat.png,latin,word,cat,27,Chinese-family-dominant,word,word,TRUE,701,0.701
66,33,latin_realword_flower.png,latin,word,flower,27,Chinese-family-dominant,word,word,TRUE,551,0.551
66,34,latin_nonword_bag.png,latin,nonword,bag,27,Chinese-family-dominant,nonword,nonword,TRUE,985,0.985
66,35,chinese_realword_sand.png,chinese,word,sand,27,Chinese-family-dominant,word,word,TRUE,751,0.751
66,36,chinese_realword_eat.png,chinese,word,eat,27,Chinese-family-dominant,word,word,TRUE,534,0.534
66,37,latin_nonword_tree.png,latin,nonword,tree,27,Chinese-family-dominant,nonword,nonword,TRUE,700,0.7
66,38,chinese_nonword_home.png,chinese,nonword,home,27,Chinese-family-dominant,nonword,nonword,TRUE,784,0.784
66,39,chinese_realword_morning.png,chinese,word,morning,27,Chinese-family-dominant,word,word,TRUE,651,0.651
66,40,chinese_nonword_pull.png,chinese,nonword,pull,27,Chinese-family-dominant,nonword,nonword,TRUE,583,0.583
67,1,chinese_realword_change.png,chinese,word,change,30,English-dominant,word,word,TRUE,1308.3999999999996,1.3083999999999996
67,2,latin_nonword_wine.png,latin,nonword,wine,30,English-dominant,nonword,nonword,TRUE,929.1000000059612,0.9291000000059612
67,3,latin_realword_sisterinlaw.png,latin,word,sisterinlaw,30,English-dominant,word,word,TRUE,1232.9000000000017,1.2329000000000017
67,4,latin_nonword_put.png,latin,nonword,put,30,English-dominant,nonword,nonword,TRUE,1212.6000000000004,1.2126000000000003
67,5,chinese_nonword_pearl.png,chinese,nonword,pearl,30,English-dominant,nonword,nonword,TRUE,1383.5,1.3835
67,6,chinese_realword_praise.png,chinese,word,praise,30,English-dominant,word,word,TRUE,830.5999999999985,0.8305999999999986
67,7,chinese_realword_robe.png,chinese,word,robe,30,English-dominant,word,word,TRUE,1391.7999999999993,1.3917999999999993
67,8,latin_nonword_flower.png,latin,nonword,flower,30,English-dominant,nonword,nonword,TRUE,1922.8999999940388,1.9228999999940388
67,9,chinese_nonword_blink.png,chinese,nonword,blink,30,English-dominant,nonword,nonword,TRUE,1109.6000000059612,1.1096000000059612
67,10,chinese_realword_peach.png,chinese,word,peach,30,English-dominant,word,word,TRUE,979.1000000059576,0.9791000000059576
67,11,latin_nonword_cat.png,latin,nonword,cat,30,English-dominant,nonword,nonword,TRUE,1211.5999999940395,1.2115999999940394
67,12,latin_realword_home.png,latin,word,home,30,English-dominant,word,word,TRUE,1182.1000000119238,1.182100000011924
67,13,chinese_nonword_morning.png,chinese,nonword,morning,30,English-dominant,nonword,nonword,TRUE,1124.3999999940424,1.1243999999940424
67,14,chinese_nonword_prawn.png,chinese,nonword,prawn,30,English-dominant,nonword,nonword,TRUE,1328.1000000059576,1.3281000000059575
67,15,latin_realword_paper.png,latin,word,paper,30,English-dominant,word,word,TRUE,849.9000000119195,0.8499000000119195
67,16,chinese_nonword_eat.png,chinese,nonword,eat,30,English-dominant,nonword,nonword,TRUE,900.2000000000116,0.9002000000000117
67,17,latin_nonword_pinch.png,latin,nonword,pinch,30,English-dominant,nonword,nonword,TRUE,925.1999999880792,0.9251999999880792
67,18,latin_realword_pickaxe.png,latin,word,pickaxe,30,English-dominant,word,word,TRUE,830.0999999999985,0.8300999999999985
67,19,latin_realword_feed.png,latin,word,feed,30,English-dominant,word,word,TRUE,916.7000000000044,0.9167000000000044
67,20,chinese_nonword_wealth.png,chinese,nonword,wealth,30,English-dominant,nonword,nonword,TRUE,916.7999999999956,0.9167999999999956
67,21,chinese_realword_shave.png,chinese,word,shave,30,English-dominant,word,word,TRUE,877.5999999880733,0.8775999999880733
67,22,chinese_nonword_grass.png,chinese,nonword,grass,30,English-dominant,nonword,nonword,TRUE,775.5999999940395,0.7755999999940395
67,23,latin_nonword_invite.png,latin,nonword,invite,30,English-dominant,nonword,nonword,TRUE,799.9000000000087,0.7999000000000087
67,24,latin_nonword_medicine.png,latin,nonword,medicine,30,English-dominant,nonword,nonword,TRUE,833.2999999999884,0.8332999999999884
67,25,latin_realword_brain.png,latin,word,brain,30,English-dominant,word,word,TRUE,698.6999999999971,0.6986999999999971
67,26,chinese_realword_good.png,chinese,word,good,30,English-dominant,word,word,TRUE,1446.3999999880762,1.446399999988076
67,27,latin_nonword_tea.png,latin,nonword,tea,30,English-dominant,nonword,nonword,TRUE,933.1999999999824,0.9331999999999824
67,28,chinese_nonword_sand.png,chinese,nonword,sand,30,English-dominant,nonword,nonword,TRUE,870.3000000119209,0.870300000011921
67,29,chinese_realword_milk.png,chinese,word,milk,30,English-dominant,word,word,TRUE,645.3999999940424,0.6453999999940424
67,30,latin_nonword_sea.png,latin,nonword,sea,30,English-dominant,nonword,nonword,TRUE,795.9000000059605,0.7959000000059605
67,31,latin_realword_pull.png,latin,word,pull,30,English-dominant,word,word,TRUE,833.1000000000058,0.8331000000000058
67,32,chinese_nonword_keen.png,chinese,nonword,keen,30,English-dominant,nonword,nonword,TRUE,816.4999999999854,0.8164999999999855
67,33,chinese_nonword_sister.png,chinese,nonword,sister,30,English-dominant,nonword,nonword,TRUE,681.2999999940366,0.6812999999940367
67,34,latin_realword_scoop.png,latin,word,scoop,30,English-dominant,word,word,TRUE,643.3000000119209,0.6433000000119209
67,35,latin_realword_wet.png,latin,word,wet,30,English-dominant,word,word,TRUE,618.6999999999971,0.6186999999999971
67,36,latin_realword_lean.png,latin,word,lean,30,English-dominant,word,word,TRUE,715.8999999999942,0.7158999999999942
67,37,chinese_realword_bag.png,chinese,word,bag,30,English-dominant,word,word,TRUE,616.6999999999825,0.6166999999999825
67,38,chinese_realword_island.png,chinese,word,island,30,English-dominant,word,nonword,FALSE,1315.1999999940454,1.3151999999940454
67,39,chinese_realword_tree.png,chinese,word,tree,30,English-dominant,word,word,TRUE,2886.199999988079,2.886199999988079
67,40,latin_nonword_pat.png,latin,nonword,pat,30,English-dominant,nonword,nonword,TRUE,1324.300000000003,1.324300000000003
68,1,latin_realword_good.png,latin,word,good,23,Chinese-family-dominant,word,word,TRUE,617,0.617
68,2,latin_nonword_sister.png,latin,nonword,sister,23,Chinese-family-dominant,nonword,nonword,TRUE,768,0.768
68,3,chinese_nonword_medicine.png,chinese,nonword,medicine,23,Chinese-family-dominant,nonword,nonword,TRUE,634,0.634
68,4,latin_realword_island.png,latin,word,island,23,Chinese-family-dominant,word,word,TRUE,517,0.517
68,5,chinese_realword_paper.png,chinese,word,paper,23,Chinese-family-dominant,word,word,TRUE,567,0.567
68,6,latin_nonword_pearl.png,latin,nonword,pearl,23,Chinese-family-dominant,nonword,nonword,TRUE,649,0.649
68,7,chinese_realword_wet.png,chinese,word,wet,23,Chinese-family-dominant,word,word,TRUE,517,0.517
68,8,latin_realword_praise.png,latin,word,praise,23,Chinese-family-dominant,word,nonword,FALSE,634,0.634
68,9,latin_realword_change.png,latin,word,change,23,Chinese-family-dominant,word,word,TRUE,683,0.683
68,10,latin_realword_robe.png,latin,word,robe,23,Chinese-family-dominant,word,word,TRUE,799,0.799
68,11,chinese_nonword_invite.png,chinese,nonword,invite,23,Chinese-family-dominant,nonword,nonword,TRUE,884,0.884
68,12,latin_realword_tree.png,latin,word,tree,23,Chinese-family-dominant,word,word,TRUE,867,0.867
68,13,latin_realword_shave.png,latin,word,shave,23,Chinese-family-dominant,word,word,TRUE,849,0.849
68,14,latin_nonword_wealth.png,latin,nonword,wealth,23,Chinese-family-dominant,nonword,nonword,TRUE,4884,4.884
68,15,latin_nonword_prawn.png,latin,nonword,prawn,23,Chinese-family-dominant,nonword,nonword,TRUE,4518,4.518
68,16,chinese_realword_home.png,chinese,word,home,23,Chinese-family-dominant,word,word,TRUE,1701,1.701
68,17,latin_nonword_keen.png,latin,nonword,keen,23,Chinese-family-dominant,nonword,word,FALSE,9184,9.184
68,18,latin_realword_bag.png,latin,word,bag,23,Chinese-family-dominant,word,word,TRUE,1399,1.399
68,19,latin_nonword_grass.png,latin,nonword,grass,23,Chinese-family-dominant,nonword,nonword,TRUE,1134,1.134
68,20,chinese_realword_sisterinlaw.png,chinese,word,sisterinlaw,23,Chinese-family-dominant,word,nonword,FALSE,5184,5.184
68,21,chinese_nonword_put.png,chinese,nonword,put,23,Chinese-family-dominant,nonword,nonword,TRUE,1234,1.234
68,22,chinese_nonword_pat.png,chinese,nonword,pat,23,Chinese-family-dominant,nonword,nonword,TRUE,1384,1.384
68,23,chinese_nonword_cat.png,chinese,nonword,cat,23,Chinese-family-dominant,nonword,nonword,TRUE,1366,1.366
68,24,chinese_nonword_pinch.png,chinese,nonword,pinch,23,Chinese-family-dominant,nonword,nonword,TRUE,1084,1.084
68,25,latin_nonword_morning.png,latin,nonword,morning,23,Chinese-family-dominant,nonword,nonword,TRUE,1199,1.199
68,26,chinese_realword_feed.png,chinese,word,feed,23,Chinese-family-dominant,word,nonword,FALSE,4533,4.533
68,27,chinese_nonword_wine.png,chinese,nonword,wine,23,Chinese-family-dominant,nonword,nonword,TRUE,1184,1.184
68,28,chinese_realword_brain.png,chinese,word,brain,23,Chinese-family-dominant,word,word,TRUE,3451,3.451
68,29,chinese_nonword_tea.png,chinese,nonword,tea,23,Chinese-family-dominant,nonword,nonword,TRUE,1351,1.351
68,30,latin_nonword_sand.png,latin,nonword,sand,23,Chinese-family-dominant,nonword,nonword,TRUE,967,0.967
68,31,latin_nonword_eat.png,latin,nonword,eat,23,Chinese-family-dominant,nonword,nonword,TRUE,918,0.918
68,32,chinese_realword_pull.png,chinese,word,pull,23,Chinese-family-dominant,word,word,TRUE,1051,1.051
68,33,chinese_realword_lean.png,chinese,word,lean,23,Chinese-family-dominant,word,word,TRUE,2417,2.417
68,34,chinese_nonword_flower.png,chinese,nonword,flower,23,Chinese-family-dominant,nonword,nonword,TRUE,2231,2.231
68,35,chinese_realword_scoop.png,chinese,word,scoop,23,Chinese-family-dominant,word,word,TRUE,1432,1.432
68,36,latin_realword_milk.png,latin,word,milk,23,Chinese-family-dominant,word,word,TRUE,866,0.866
68,37,latin_realword_peach.png,latin,word,peach,23,Chinese-family-dominant,word,word,TRUE,749,0.749
68,38,chinese_realword_pickaxe.png,chinese,word,pickaxe,23,Chinese-family-dominant,word,word,TRUE,2833,2.833
68,39,chinese_nonword_sea.png,chinese,nonword,sea,23,Chinese-family-dominant,nonword,nonword,TRUE,1066,1.066
68,40,latin_nonword_blink.png,latin,nonword,blink,23,Chinese-family-dominant,nonword,nonword,TRUE,884,0.884
69,1,latin_nonword_wet.png,latin,nonword,wet,28,English-dominant,nonword,nonword,TRUE,967,0.967
69,2,latin_nonword_brain.png,latin,nonword,brain,28,English-dominant,nonword,nonword,TRUE,717,0.717
69,3,latin_nonword_paper.png,latin,nonword,paper,28,English-dominant,nonword,nonword,TRUE,601,0.601
69,4,chinese_realword_invite.png,chinese,word,invite,28,English-dominant,word,word,TRUE,750,0.75
69,5,latin_nonword_lean.png,latin,nonword,lean,28,English-dominant,nonword,nonword,TRUE,768,0.768
69,6,chinese_realword_medicine.png,chinese,word,medicine,28,English-dominant,word,word,TRUE,633,0.633
69,7,chinese_realword_wine.png,chinese,word,wine,28,English-dominant,word,word,TRUE,767,0.767
69,8,chinese_realword_pat.png,chinese,word,pat,28,English-dominant,word,word,TRUE,785,0.785
69,9,chinese_nonword_praise.png,chinese,nonword,praise,28,English-dominant,nonword,nonword,TRUE,734,0.734
69,10,chinese_nonword_robe.png,chinese,nonword,robe,28,English-dominant,nonword,nonword,TRUE,618,0.618
69,11,chinese_nonword_good.png,chinese,nonword,good,28,English-dominant,nonword,nonword,TRUE,684,0.684
69,12,chinese_realword_pinch.png,chinese,word,pinch,28,English-dominant,word,word,TRUE,785,0.785
69,13,chinese_realword_flower.png,chinese,word,flower,28,English-dominant,word,word,TRUE,634,0.634
69,14,chinese_nonword_bag.png,chinese,nonword,bag,28,English-dominant,nonword,nonword,TRUE,751,0.751
69,15,latin_realword_keen.png,latin,word,keen,28,English-dominant,word,nonword,FALSE,1485,1.485
69,16,latin_nonword_sisterinlaw.png,latin,nonword,sisterinlaw,28,English-dominant,nonword,nonword,TRUE,718,0.718
69,17,latin_realword_wealth.png,latin,word,wealth,28,English-dominant,word,word,TRUE,801,0.801
69,18,latin_realword_morning.png,latin,word,morning,28,English-dominant,word,word,TRUE,601,0.601
69,19,chinese_realword_sea.png,chinese,word,sea,28,English-dominant,word,word,TRUE,633,0.633
69,20,chinese_nonword_peach.png,chinese,nonword,peach,28,English-dominant,nonword,nonword,TRUE,717,0.717
69,21,latin_realword_sand.png,latin,word,sand,28,English-dominant,word,word,TRUE,735,0.735
69,22,latin_realword_pearl.png,latin,word,pearl,28,English-dominant,word,word,TRUE,818,0.818
69,23,latin_nonword_feed.png,latin,nonword,feed,28,English-dominant,nonword,nonword,TRUE,784,0.784
69,24,chinese_nonword_tree.png,chinese,nonword,tree,28,English-dominant,nonword,nonword,TRUE,833,0.833
69,25,chinese_nonword_island.png,chinese,nonword,island,28,English-dominant,nonword,nonword,TRUE,766,0.766
69,26,chinese_realword_tea.png,chinese,word,tea,28,English-dominant,word,nonword,FALSE,1066,1.066
69,27,chinese_nonword_shave.png,chinese,nonword,shave,28,English-dominant,nonword,word,FALSE,634,0.634
69,28,latin_realword_blink.png,latin,word,blink,28,English-dominant,word,word,TRUE,584,0.584
69,29,latin_nonword_home.png,latin,nonword,home,28,English-dominant,nonword,nonword,TRUE,1068,1.068
69,30,latin_realword_eat.png,latin,word,eat,28,English-dominant,word,word,TRUE,683,0.683
69,31,latin_realword_prawn.png,latin,word,prawn,28,English-dominant,word,word,TRUE,649,0.649
69,32,latin_nonword_pull.png,latin,nonword,pull,28,English-dominant,nonword,nonword,TRUE,717,0.717
69,33,chinese_nonword_milk.png,chinese,nonword,milk,28,English-dominant,nonword,nonword,TRUE,650,0.65
69,34,chinese_realword_cat.png,chinese,word,cat,28,English-dominant,word,word,TRUE,618,0.618
69,35,latin_realword_sister.png,latin,word,sister,28,English-dominant,word,word,TRUE,968,0.968
69,36,latin_nonword_pickaxe.png,latin,nonword,pickaxe,28,English-dominant,nonword,nonword,TRUE,833,0.833
69,37,latin_realword_grass.png,latin,word,grass,28,English-dominant,word,word,TRUE,584,0.584
69,38,chinese_realword_put.png,chinese,word,put,28,English-dominant,word,word,TRUE,616,0.616
69,39,chinese_nonword_change.png,chinese,nonword,change,28,English-dominant,nonword,nonword,TRUE,684,0.684
69,40,latin_nonword_scoop.png,latin,nonword,scoop,28,English-dominant,nonword,nonword,TRUE,651,0.651
70,1,latin_realword_grass.png,latin,word,grass,25,balanced,word,word,TRUE,951,0.951
70,2,chinese_nonword_tree.png,chinese,nonword,tree,25,balanced,nonword,nonword,TRUE,1117,1.117
70,3,latin_nonword_pickaxe.png,latin,nonword,pickaxe,25,balanced,nonword,nonword,TRUE,717,0.717
70,4,latin_realword_blink.png,latin,word,blink,25,balanced,word,word,TRUE,551,0.551
70,5,chinese_realword_tea.png,chinese,word,tea,25,balanced,word,word,TRUE,632,0.632
70,6,latin_nonword_home.png,latin,nonword,home,25,balanced,nonword,nonword,TRUE,667,0.667
70,7,latin_realword_sister.png,latin,word,sister,25,balanced,word,word,TRUE,684,0.684
70,8,chinese_realword_put.png,chinese,word,put,25,balanced,word,word,TRUE,533,0.533
70,9,latin_realword_pearl.png,latin,word,pearl,25,balanced,word,word,TRUE,484,0.484
70,10,chinese_nonword_milk.png,chinese,nonword,milk,25,balanced,nonword,nonword,TRUE,617,0.617
70,11,latin_realword_sand.png,latin,word,sand,25,balanced,word,word,TRUE,566,0.566
70,12,chinese_nonword_change.png,chinese,nonword,change,25,balanced,nonword,nonword,TRUE,666,0.666
70,13,latin_realword_eat.png,latin,word,eat,25,balanced,word,word,TRUE,901,0.901
70,14,chinese_realword_cat.png,chinese,word,cat,25,balanced,word,word,TRUE,616,0.616
70,15,chinese_nonword_island.png,chinese,nonword,island,25,balanced,nonword,nonword,TRUE,834,0.834
70,16,latin_nonword_pull.png,latin,nonword,pull,25,balanced,nonword,nonword,TRUE,782,0.782
70,17,latin_realword_prawn.png,latin,word,prawn,25,balanced,word,word,TRUE,601,0.601
70,18,latin_nonword_feed.png,latin,nonword,feed,25,balanced,nonword,nonword,TRUE,701,0.701
70,19,latin_nonword_scoop.png,latin,nonword,scoop,25,balanced,nonword,nonword,TRUE,600,0.6
70,20,chinese_nonword_shave.png,chinese,nonword,shave,25,balanced,nonword,nonword,TRUE,1099,1.099
70,21,latin_nonword_lean.png,latin,nonword,lean,25,balanced,nonword,nonword,TRUE,666,0.666
70,22,chinese_nonword_good.png,chinese,nonword,good,25,balanced,nonword,nonword,TRUE,917,0.917
70,23,chinese_realword_flower.png,chinese,word,flower,25,balanced,word,word,TRUE,549,0.549
70,24,latin_nonword_wet.png,latin,nonword,wet,25,balanced,nonword,nonword,TRUE,634,0.634
70,25,chinese_nonword_robe.png,chinese,nonword,robe,25,balanced,nonword,nonword,TRUE,782,0.782
70,26,chinese_realword_medicine.png,chinese,word,medicine,25,balanced,word,word,TRUE,551,0.551
70,27,chinese_nonword_praise.png,chinese,nonword,praise,25,balanced,nonword,nonword,TRUE,1266,1.266
70,28,chinese_realword_pinch.png,chinese,word,pinch,25,balanced,word,word,TRUE,616,0.616
70,29,chinese_realword_sea.png,chinese,word,sea,25,balanced,word,word,TRUE,549,0.549
70,30,latin_nonword_paper.png,latin,nonword,paper,25,balanced,nonword,nonword,TRUE,784,0.784
70,31,chinese_realword_wine.png,chinese,word,wine,25,balanced,word,word,TRUE,584,0.584
70,32,latin_nonword_brain.png,latin,nonword,brain,25,balanced,nonword,nonword,TRUE,601,0.601
70,33,latin_realword_keen.png,latin,word,keen,25,balanced,word,word,TRUE,682,0.682
70,34,latin_realword_wealth.png,latin,word,wealth,25,balanced,word,word,TRUE,984,0.984
70,35,chinese_nonword_bag.png,chinese,nonword,bag,25,balanced,nonword,nonword,TRUE,1017,1.017
70,36,chinese_realword_invite.png,chinese,word,invite,25,balanced,word,word,TRUE,632,0.632
70,37,chinese_nonword_peach.png,chinese,nonword,peach,25,balanced,nonword,nonword,TRUE,816,0.816
70,38,chinese_realword_pat.png,chinese,word,pat,25,balanced,word,word,TRUE,617,0.617
70,39,latin_nonword_sisterinlaw.png,latin,nonword,sisterinlaw,25,balanced,nonword,nonword,TRUE,649,0.649
70,40,latin_realword_morning.png,latin,word,morning,25,balanced,word,word,TRUE,617,0.617
71,1,chinese_nonword_brain.png,chinese,nonword,brain,25,Chinese-family-dominant,nonword,nonword,TRUE,1017,1.017
71,2,chinese_realword_wealth.png,chinese,word,wealth,25,Chinese-family-dominant,word,word,TRUE,767,0.767
71,3,latin_nonword_milk.png,latin,nonword,milk,25,Chinese-family-dominant,nonword,nonword,TRUE,999,0.999
71,4,latin_realword_put.png,latin,word,put,25,Chinese-family-dominant,word,word,TRUE,1349,1.349
71,5,latin_nonword_change.png,latin,nonword,change,25,Chinese-family-dominant,nonword,nonword,TRUE,884,0.884
71,6,latin_nonword_good.png,latin,nonword,good,25,Chinese-family-dominant,nonword,nonword,TRUE,1067,1.067
71,7,latin_realword_medicine.png,latin,word,medicine,25,Chinese-family-dominant,word,word,TRUE,1367,1.367
71,8,chinese_nonword_paper.png,chinese,nonword,paper,25,Chinese-family-dominant,nonword,nonword,TRUE,1067,1.067
71,9,chinese_nonword_pickaxe.png,chinese,nonword,pickaxe,25,Chinese-family-dominant,nonword,nonword,TRUE,901,0.901
71,10,latin_nonword_praise.png,latin,nonword,praise,25,Chinese-family-dominant,nonword,nonword,TRUE,850,0.85
71,11,latin_realword_sea.png,latin,word,sea,25,Chinese-family-dominant,word,word,TRUE,767,0.767
71,12,chinese_realword_blink.png,chinese,word,blink,25,Chinese-family-dominant,word,nonword,FALSE,5216,5.216
71,13,latin_nonword_robe.png,latin,nonword,robe,25,Chinese-family-dominant,nonword,nonword,TRUE,1067,1.067
71,14,latin_nonword_peach.png,latin,nonword,peach,25,Chinese-family-dominant,nonword,nonword,TRUE,999,0.999
71,15,latin_realword_wine.png,latin,word,wine,25,Chinese-family-dominant,word,word,TRUE,3866,3.866
71,16,chinese_nonword_scoop.png,chinese,nonword,scoop,25,Chinese-family-dominant,nonword,nonword,TRUE,1351,1.351
71,17,chinese_nonword_feed.png,chinese,nonword,feed,25,Chinese-family-dominant,nonword,nonword,TRUE,903,0.903
71,18,latin_realword_pinch.png,latin,word,pinch,25,Chinese-family-dominant,word,word,TRUE,2499,2.499
71,19,latin_realword_invite.png,latin,word,invite,25,Chinese-family-dominant,word,word,TRUE,1849,1.849
71,20,chinese_realword_pearl.png,chinese,word,pearl,25,Chinese-family-dominant,word,word,TRUE,884,0.884
71,21,latin_nonword_tree.png,latin,nonword,tree,25,Chinese-family-dominant,nonword,nonword,TRUE,783,0.783
71,22,latin_realword_pat.png,latin,word,pat,25,Chinese-family-dominant,word,word,TRUE,1434,1.434
71,23,latin_nonword_shave.png,latin,nonword,shave,25,Chinese-family-dominant,nonword,nonword,TRUE,882,0.882
71,24,chinese_nonword_lean.png,chinese,nonword,lean,25,Chinese-family-dominant,nonword,nonword,TRUE,13935,13.935
71,25,latin_realword_tea.png,latin,word,tea,25,Chinese-family-dominant,word,word,TRUE,2133,2.133
71,26,chinese_nonword_sisterinlaw.png,chinese,nonword,sisterinlaw,25,Chinese-family-dominant,nonword,nonword,TRUE,851,0.851
71,27,chinese_nonword_pull.png,chinese,nonword,pull,25,Chinese-family-dominant,nonword,nonword,TRUE,933,0.933
71,28,chinese_realword_sand.png,chinese,word,sand,25,Chinese-family-dominant,word,word,TRUE,4634,4.634
71,29,chinese_realword_sister.png,chinese,word,sister,25,Chinese-family-dominant,word,word,TRUE,917,0.917
71,30,chinese_nonword_home.png,chinese,nonword,home,25,Chinese-family-dominant,nonword,nonword,TRUE,1250,1.25
71,31,chinese_realword_keen.png,chinese,word,keen,25,Chinese-family-dominant,word,word,TRUE,699,0.699
71,32,chinese_nonword_wet.png,chinese,nonword,wet,25,Chinese-family-dominant,nonword,nonword,TRUE,1001,1.001
71,33,latin_realword_flower.png,latin,word,flower,25,Chinese-family-dominant,word,word,TRUE,1384,1.384
71,34,latin_realword_cat.png,latin,word,cat,25,Chinese-family-dominant,word,word,TRUE,1184,1.184
71,35,chinese_realword_grass.png,chinese,word,grass,25,Chinese-family-dominant,word,word,TRUE,950,0.95
71,36,latin_nonword_island.png,latin,nonword,island,25,Chinese-family-dominant,nonword,nonword,TRUE,1950,1.95
71,37,latin_nonword_bag.png,latin,nonword,bag,25,Chinese-family-dominant,nonword,nonword,TRUE,2734,2.734
71,38,chinese_realword_eat.png,chinese,word,eat,25,Chinese-family-dominant,word,word,TRUE,1382,1.382
71,39,chinese_realword_morning.png,chinese,word,morning,25,Chinese-family-dominant,word,word,TRUE,651,0.651
71,40,chinese_realword_prawn.png,chinese,word,prawn,25,Chinese-family-dominant,word,word,TRUE,2800,2.8
72,1,chinese_realword_sisterinlaw.png,chinese,word,sisterinlaw,25,English-dominant,word,word,TRUE,782,0.782
72,2,latin_nonword_grass.png,latin,nonword,grass,25,English-dominant,nonword,nonword,TRUE,715,0.715
72,3,latin_realword_island.png,latin,word,island,25,English-dominant,word,word,TRUE,866,0.866
72,4,chinese_realword_home.png,chinese,word,home,25,English-dominant,word,word,TRUE,781,0.781
72,5,chinese_realword_wet.png,chinese,word,wet,25,English-dominant,word,word,TRUE,567,0.567
72,6,latin_nonword_prawn.png,latin,nonword,prawn,25,English-dominant,nonword,nonword,TRUE,964,0.964
72,7,latin_realword_bag.png,latin,word,bag,25,English-dominant,word,word,TRUE,733,0.733
72,8,latin_nonword_wealth.png,latin,nonword,wealth,25,English-dominant,nonword,nonword,TRUE,1447,1.447
72,9,latin_nonword_pearl.png,latin,nonword,pearl,25,English-dominant,nonword,nonword,TRUE,732,0.732
72,10,chinese_nonword_invite.png,chinese,nonword,invite,25,English-dominant,nonword,nonword,TRUE,982,0.982
72,11,latin_realword_praise.png,latin,word,praise,25,English-dominant,word,word,TRUE,1465,1.465
72,12,latin_nonword_keen.png,latin,nonword,keen,25,English-dominant,nonword,nonword,TRUE,783,0.783
72,13,latin_realword_robe.png,latin,word,robe,25,English-dominant,word,word,TRUE,750,0.75
72,14,chinese_nonword_medicine.png,chinese,nonword,medicine,25,English-dominant,nonword,nonword,TRUE,949,0.949
72,15,latin_realword_shave.png,latin,word,shave,25,English-dominant,word,word,TRUE,932,0.932
72,16,latin_realword_good.png,latin,word,good,25,English-dominant,word,word,TRUE,650,0.65
72,17,chinese_realword_paper.png,chinese,word,paper,25,English-dominant,word,word,TRUE,632,0.632
72,18,latin_realword_change.png,latin,word,change,25,English-dominant,word,word,TRUE,998,0.998
72,19,latin_nonword_sister.png,latin,nonword,sister,25,English-dominant,nonword,nonword,TRUE,683,0.683
72,20,latin_realword_tree.png,latin,word,tree,25,English-dominant,word,word,TRUE,899,0.899
72,21,chinese_realword_brain.png,chinese,word,brain,25,English-dominant,word,word,TRUE,767,0.767
72,22,latin_nonword_sand.png,latin,nonword,sand,25,English-dominant,nonword,nonword,TRUE,750,0.75
72,23,latin_realword_milk.png,latin,word,milk,25,English-dominant,word,word,TRUE,648,0.648
72,24,chinese_realword_lean.png,chinese,word,lean,25,English-dominant,word,word,TRUE,615,0.615
72,25,chinese_realword_feed.png,chinese,word,feed,25,English-dominant,word,word,TRUE,582,0.582
72,26,latin_realword_peach.png,latin,word,peach,25,English-dominant,word,word,TRUE,633,0.633
72,27,chinese_realword_pull.png,chinese,word,pull,25,English-dominant,word,word,TRUE,616,0.616
72,28,chinese_nonword_wine.png,chinese,nonword,wine,25,English-dominant,nonword,nonword,TRUE,700,0.7
72,29,latin_nonword_eat.png,latin,nonword,eat,25,English-dominant,nonword,nonword,TRUE,799,0.799
72,30,chinese_realword_pickaxe.png,chinese,word,pickaxe,25,English-dominant,word,word,TRUE,848,0.848
72,31,chinese_nonword_pat.png,chinese,nonword,pat,25,English-dominant,nonword,nonword,TRUE,998,0.998
72,32,latin_nonword_morning.png,latin,nonword,morning,25,English-dominant,nonword,nonword,TRUE,966,0.966
72,33,chinese_nonword_flower.png,chinese,nonword,flower,25,English-dominant,nonword,nonword,TRUE,914,0.914
72,34,chinese_nonword_pinch.png,chinese,nonword,pinch,25,English-dominant,nonword,nonword,TRUE,733,0.733
72,35,latin_nonword_blink.png,latin,nonword,blink,25,English-dominant,nonword,nonword,TRUE,733,0.733
72,36,chinese_nonword_cat.png,chinese,nonword,cat,25,English-dominant,nonword,nonword,TRUE,617,0.617
72,37,chinese_nonword_sea.png,chinese,nonword,sea,25,English-dominant,nonword,nonword,TRUE,615,0.615
72,38,chinese_nonword_tea.png,chinese,nonword,tea,25,English-dominant,nonword,nonword,TRUE,914,0.914
72,39,chinese_nonword_put.png,chinese,nonword,put,25,English-dominant,nonword,nonword,TRUE,716,0.716
72,40,chinese_realword_scoop.png,chinese,word,scoop,25,English-dominant,word,word,TRUE,698,0.698
73,1,chinese_realword_shave.png,chinese,word,shave,21,Chinese-family-dominant,word,word,TRUE,534,0.534
73,2,latin_realword_wet.png,latin,word,wet,21,Chinese-family-dominant,word,word,TRUE,617,0.617
73,3,latin_realword_brain.png,latin,word,brain,21,Chinese-family-dominant,word,word,TRUE,616,0.616
73,4,chinese_nonword_sister.png,chinese,nonword,sister,21,Chinese-family-dominant,nonword,nonword,TRUE,615,0.615
73,5,latin_nonword_invite.png,latin,nonword,invite,21,Chinese-family-dominant,nonword,word,FALSE,750,0.75
73,6,latin_realword_pull.png,latin,word,pull,21,Chinese-family-dominant,word,word,TRUE,799,0.799
73,7,chinese_nonword_grass.png,chinese,nonword,grass,21,Chinese-family-dominant,nonword,nonword,TRUE,667,0.667
73,8,chinese_realword_bag.png,chinese,word,bag,21,Chinese-family-dominant,word,word,TRUE,584,0.584
73,9,latin_nonword_sea.png,latin,nonword,sea,21,Chinese-family-dominant,nonword,nonword,TRUE,1051,1.051
73,10,latin_nonword_pat.png,latin,nonword,pat,21,Chinese-family-dominant,nonword,word,FALSE,632,0.632
73,11,latin_realword_scoop.png,latin,word,scoop,21,Chinese-family-dominant,word,word,TRUE,667,0.667
73,12,latin_nonword_medicine.png,latin,nonword,medicine,21,Chinese-family-dominant,nonword,word,FALSE,482,0.482
73,13,chinese_realword_good.png,chinese,word,good,21,Chinese-family-dominant,word,word,TRUE,651,0.651
73,14,chinese_realword_island.png,chinese,word,island,21,Chinese-family-dominant,word,word,TRUE,518,0.518
73,15,latin_realword_lean.png,latin,word,lean,21,Chinese-family-dominant,word,word,TRUE,582,0.582
73,16,latin_nonword_tea.png,latin,nonword,tea,21,Chinese-family-dominant,nonword,nonword,TRUE,701,0.701
73,17,chinese_nonword_sand.png,chinese,nonword,sand,21,Chinese-family-dominant,nonword,nonword,TRUE,634,0.634
73,18,chinese_nonword_keen.png,chinese,nonword,keen,21,Chinese-family-dominant,nonword,nonword,TRUE,533,0.533
73,19,chinese_realword_tree.png,chinese,word,tree,21,Chinese-family-dominant,word,word,TRUE,551,0.551
73,20,chinese_realword_milk.png,chinese,word,milk,21,Chinese-family-dominant,word,word,TRUE,501,0.501
73,21,latin_realword_sisterinlaw.png,latin,word,sisterinlaw,21,Chinese-family-dominant,word,word,TRUE,583,0.583
73,22,latin_nonword_cat.png,latin,nonword,cat,21,Chinese-family-dominant,nonword,word,FALSE,567,0.567
73,23,chinese_realword_robe.png,chinese,word,robe,21,Chinese-family-dominant,word,word,TRUE,617,0.617
73,24,latin_realword_home.png,latin,word,home,21,Chinese-family-dominant,word,nonword,FALSE,615,0.615
73,25,latin_realword_feed.png,latin,word,feed,21,Chinese-family-dominant,word,word,TRUE,534,0.534
73,26,chinese_nonword_pearl.png,chinese,nonword,pearl,21,Chinese-family-dominant,nonword,nonword,TRUE,1017,1.017
73,27,latin_nonword_flower.png,latin,nonword,flower,21,Chinese-family-dominant,nonword,nonword,TRUE,950,0.95
73,28,chinese_nonword_morning.png,chinese,nonword,morning,21,Chinese-family-dominant,nonword,nonword,TRUE,967,0.967
73,29,latin_nonword_wine.png,latin,nonword,wine,21,Chinese-family-dominant,nonword,nonword,TRUE,1298,1.298
73,30,latin_nonword_put.png,latin,nonword,put,21,Chinese-family-dominant,nonword,word,FALSE,784,0.784
73,31,latin_realword_pickaxe.png,latin,word,pickaxe,21,Chinese-family-dominant,word,word,TRUE,683,0.683
73,32,chinese_nonword_wealth.png,chinese,nonword,wealth,21,Chinese-family-dominant,nonword,nonword,TRUE,834,0.834
73,33,chinese_realword_praise.png,chinese,word,praise,21,Chinese-family-dominant,word,word,TRUE,618,0.618
73,34,chinese_nonword_blink.png,chinese,nonword,blink,21,Chinese-family-dominant,nonword,nonword,TRUE,666,0.666
73,35,latin_nonword_pinch.png,latin,nonword,pinch,21,Chinese-family-dominant,nonword,nonword,TRUE,1017,1.017
73,36,chinese_nonword_eat.png,chinese,nonword,eat,21,Chinese-family-dominant,nonword,nonword,TRUE,600,0.6
73,37,latin_realword_paper.png,latin,word,paper,21,Chinese-family-dominant,word,word,TRUE,601,0.601
73,38,chinese_realword_peach.png,chinese,word,peach,21,Chinese-family-dominant,word,word,TRUE,616,0.616
73,39,chinese_nonword_prawn.png,chinese,nonword,prawn,21,Chinese-family-dominant,nonword,nonword,TRUE,684,0.684
73,40,chinese_realword_change.png,chinese,word,change,21,Chinese-family-dominant,word,word,TRUE,548,0.548
74,1,chinese_nonword_invite.png,chinese,nonword,invite,24,English-dominant,nonword,nonword,TRUE,699,0.699
74,2,chinese_nonword_medicine.png,chinese,nonword,medicine,24,English-dominant,nonword,nonword,TRUE,532,0.532
74,3,latin_realword_good.png,latin,word,good,24,English-dominant,word,nonword,FALSE,417,0.417
74,4,latin_realword_praise.png,latin,word,praise,24,English-dominant,word,nonword,FALSE,367,0.367
74,5,latin_nonword_grass.png,latin,nonword,grass,24,English-dominant,nonword,nonword,TRUE,284,0.284
74,6,latin_realword_island.png,latin,word,island,24,English-dominant,word,nonword,FALSE,284,0.284
74,7,latin_nonword_sister.png,latin,nonword,sister,24,English-dominant,nonword,nonword,TRUE,250,0.25
74,8,chinese_realword_wet.png,chinese,word,wet,24,English-dominant,word,nonword,FALSE,199,0.199
74,9,latin_realword_change.png,latin,word,change,24,English-dominant,word,word,TRUE,332,0.332
74,10,latin_nonword_prawn.png,latin,nonword,prawn,24,English-dominant,nonword,nonword,TRUE,333,0.333
74,11,latin_realword_robe.png,latin,word,robe,24,English-dominant,word,nonword,FALSE,401,0.401
74,12,latin_realword_tree.png,latin,word,tree,24,English-dominant,word,nonword,FALSE,417,0.417
74,13,latin_nonword_wealth.png,latin,nonword,wealth,24,English-dominant,nonword,nonword,TRUE,417,0.417
74,14,chinese_realword_home.png,chinese,word,home,24,English-dominant,word,word,TRUE,601,0.601
74,15,latin_nonword_pearl.png,latin,nonword,pearl,24,English-dominant,nonword,nonword,TRUE,467,0.467
74,16,latin_realword_shave.png,latin,word,shave,24,English-dominant,word,word,TRUE,417,0.417
74,17,chinese_realword_paper.png,chinese,word,paper,24,English-dominant,word,word,TRUE,584,0.584
74,18,latin_realword_bag.png,latin,word,bag,24,English-dominant,word,nonword,FALSE,434,0.434
74,19,chinese_realword_sisterinlaw.png,chinese,word,sisterinlaw,24,English-dominant,word,word,TRUE,617,0.617
74,20,latin_nonword_keen.png,latin,nonword,keen,24,English-dominant,nonword,nonword,TRUE,501,0.501
74,21,chinese_nonword_flower.png,chinese,nonword,flower,24,English-dominant,nonword,word,FALSE,650,0.65
74,22,chinese_realword_lean.png,chinese,word,lean,24,English-dominant,word,word,TRUE,784,0.784
74,23,chinese_realword_pull.png,chinese,word,pull,24,English-dominant,word,word,TRUE,701,0.701
74,24,chinese_realword_feed.png,chinese,word,feed,24,English-dominant,word,word,TRUE,534,0.534
74,25,latin_realword_peach.png,latin,word,peach,24,English-dominant,word,nonword,FALSE,549,0.549
74,26,chinese_nonword_pat.png,chinese,nonword,pat,24,English-dominant,nonword,word,FALSE,484,0.484
74,27,chinese_nonword_cat.png,chinese,nonword,cat,24,English-dominant,nonword,nonword,TRUE,816,0.816
74,28,chinese_nonword_tea.png,chinese,nonword,tea,24,English-dominant,nonword,nonword,TRUE,616,0.616
74,29,chinese_nonword_put.png,chinese,nonword,put,24,English-dominant,nonword,nonword,TRUE,632,0.632
74,30,latin_nonword_eat.png,latin,nonword,eat,24,English-dominant,nonword,nonword,TRUE,550,0.55
74,31,chinese_nonword_pinch.png,chinese,nonword,pinch,24,English-dominant,nonword,nonword,TRUE,466,0.466
74,32,chinese_realword_scoop.png,chinese,word,scoop,24,English-dominant,word,nonword,FALSE,501,0.501
74,33,chinese_realword_pickaxe.png,chinese,word,pickaxe,24,English-dominant,word,word,TRUE,767,0.767
74,34,chinese_nonword_sea.png,chinese,nonword,sea,24,English-dominant,nonword,nonword,TRUE,684,0.684
74,35,latin_nonword_blink.png,latin,nonword,blink,24,English-dominant,nonword,nonword,TRUE,584,0.584
74,36,chinese_realword_brain.png,chinese,word,brain,24,English-dominant,word,word,TRUE,634,0.634
74,37,chinese_nonword_wine.png,chinese,nonword,wine,24,English-dominant,nonword,nonword,TRUE,734,0.734
74,38,latin_nonword_morning.png,latin,nonword,morning,24,English-dominant,nonword,nonword,TRUE,684,0.684
74,39,latin_realword_milk.png,latin,word,milk,24,English-dominant,word,nonword,FALSE,534,0.534
74,40,latin_nonword_sand.png,latin,nonword,sand,24,English-dominant,nonword,nonword,TRUE,550,0.55
75,1,latin_nonword_praise.png,latin,nonword,praise,24,English-dominant,nonword,nonword,TRUE,1134,1.134
75,2,latin_realword_pinch.png,latin,word,pinch,24,English-dominant,word,word,TRUE,2651,2.651
75,3,chinese_realword_blink.png,chinese,word,blink,24,English-dominant,word,word,TRUE,849,0.849
75,4,latin_nonword_change.png,latin,nonword,change,24,English-dominant,nonword,nonword,TRUE,1868,1.868
75,5,latin_nonword_milk.png,latin,nonword,milk,24,English-dominant,nonword,nonword,TRUE,1282,1.282
75,6,latin_realword_invite.png,latin,word,invite,24,English-dominant,word,word,TRUE,1482,1.482
75,7,latin_realword_medicine.png,latin,word,medicine,24,English-dominant,word,word,TRUE,951,0.951
75,8,chinese_nonword_scoop.png,chinese,nonword,scoop,24,English-dominant,nonword,nonword,TRUE,1249,1.249
75,9,latin_nonword_peach.png,latin,nonword,peach,24,English-dominant,nonword,nonword,TRUE,1033,1.033
75,10,latin_nonword_good.png,latin,nonword,good,24,English-dominant,nonword,nonword,TRUE,1201,1.201
75,11,latin_realword_put.png,latin,word,put,24,English-dominant,word,word,TRUE,999,0.999
75,12,latin_realword_sea.png,latin,word,sea,24,English-dominant,word,word,TRUE,1518,1.518
75,13,chinese_nonword_paper.png,chinese,nonword,paper,24,English-dominant,nonword,nonword,TRUE,933,0.933
75,14,chinese_realword_wealth.png,chinese,word,wealth,24,English-dominant,word,word,TRUE,851,0.851
75,15,chinese_nonword_feed.png,chinese,nonword,feed,24,English-dominant,nonword,nonword,TRUE,767,0.767
75,16,chinese_nonword_pickaxe.png,chinese,nonword,pickaxe,24,English-dominant,nonword,nonword,TRUE,1566,1.566
75,17,chinese_realword_pearl.png,chinese,word,pearl,24,English-dominant,word,word,TRUE,784,0.784
75,18,latin_nonword_robe.png,latin,nonword,robe,24,English-dominant,nonword,nonword,TRUE,834,0.834
75,19,chinese_nonword_brain.png,chinese,nonword,brain,24,English-dominant,nonword,nonword,TRUE,817,0.817
75,20,latin_realword_wine.png,latin,word,wine,24,English-dominant,word,word,TRUE,1284,1.284
75,21,latin_nonword_bag.png,latin,nonword,bag,24,English-dominant,nonword,nonword,TRUE,999,0.999
75,22,chinese_realword_prawn.png,chinese,word,prawn,24,English-dominant,word,word,TRUE,817,0.817
75,23,chinese_nonword_lean.png,chinese,nonword,lean,24,English-dominant,nonword,nonword,TRUE,917,0.917
75,24,chinese_nonword_sisterinlaw.png,chinese,nonword,sisterinlaw,24,English-dominant,nonword,nonword,TRUE,734,0.734
75,25,chinese_nonword_pull.png,chinese,nonword,pull,24,English-dominant,nonword,nonword,TRUE,782,0.782
75,26,chinese_realword_sister.png,chinese,word,sister,24,English-dominant,word,word,TRUE,884,0.884
75,27,latin_realword_flower.png,latin,word,flower,24,English-dominant,word,word,TRUE,1334,1.334
75,28,latin_nonword_tree.png,latin,nonword,tree,24,English-dominant,nonword,nonword,TRUE,734,0.734
75,29,latin_nonword_island.png,latin,nonword,island,24,English-dominant,nonword,nonword,TRUE,767,0.767
75,30,chinese_realword_eat.png,chinese,word,eat,24,English-dominant,word,word,TRUE,784,0.784
75,31,latin_nonword_shave.png,latin,nonword,shave,24,English-dominant,nonword,nonword,TRUE,899,0.899
75,32,latin_realword_tea.png,latin,word,tea,24,English-dominant,word,word,TRUE,1234,1.234
75,33,chinese_nonword_home.png,chinese,nonword,home,24,English-dominant,nonword,nonword,TRUE,784,0.784
75,34,chinese_nonword_wet.png,chinese,nonword,wet,24,English-dominant,nonword,nonword,TRUE,749,0.749
75,35,chinese_realword_grass.png,chinese,word,grass,24,English-dominant,word,word,TRUE,901,0.901
75,36,chinese_realword_keen.png,chinese,word,keen,24,English-dominant,word,word,TRUE,917,0.917
75,37,latin_realword_cat.png,latin,word,cat,24,English-dominant,word,word,TRUE,1566,1.566
75,38,latin_realword_pat.png,latin,word,pat,24,English-dominant,word,word,TRUE,966,0.966
75,39,chinese_realword_morning.png,chinese,word,morning,24,English-dominant,word,word,TRUE,833,0.833
75,40,chinese_realword_sand.png,chinese,word,sand,24,English-dominant,word,word,TRUE,801,0.801
76,1,latin_nonword_medicine.png,latin,nonword,medicine,27,English-dominant,nonword,nonword,TRUE,2050.299999988079,2.050299999988079
76,2,latin_realword_scoop.png,latin,word,scoop,27,English-dominant,word,word,TRUE,1108.6000000000004,1.1086000000000005
76,3,latin_nonword_tea.png,latin,nonword,tea,27,English-dominant,nonword,nonword,TRUE,1076.5999999999983,1.0765999999999982
76,4,chinese_realword_milk.png,chinese,word,milk,27,English-dominant,word,word,TRUE,887.6999999999971,0.887699999999997
76,5,chinese_realword_tree.png,chinese,word,tree,27,English-dominant,word,word,TRUE,784.7999999999993,0.7847999999999993
76,6,latin_nonword_sea.png,latin,nonword,sea,27,English-dominant,nonword,nonword,TRUE,999.6000000119202,0.9996000000119202
76,7,latin_realword_wet.png,latin,word,wet,27,English-dominant,word,word,TRUE,1064.5999999999983,1.0645999999999982
76,8,latin_nonword_invite.png,latin,nonword,invite,27,English-dominant,nonword,nonword,TRUE,917.5999999880804,0.9175999999880804
76,9,chinese_realword_bag.png,chinese,word,bag,27,English-dominant,word,word,TRUE,726.5,0.7265
76,10,latin_realword_pull.png,latin,word,pull,27,English-dominant,word,word,TRUE,858.5999999940395,0.8585999999940396
76,11,chinese_realword_shave.png,chinese,word,shave,27,English-dominant,word,word,TRUE,673.2000000000044,0.6732000000000044
76,12,latin_nonword_pat.png,latin,nonword,pat,27,English-dominant,nonword,nonword,TRUE,1159.000000011918,1.159000000011918
76,13,chinese_nonword_keen.png,chinese,nonword,keen,27,English-dominant,nonword,nonword,TRUE,1363.999999988082,1.363999999988082
76,14,chinese_nonword_sand.png,chinese,nonword,sand,27,English-dominant,nonword,word,FALSE,2198.5999999940395,2.1985999999940393
76,15,chinese_realword_good.png,chinese,word,good,27,English-dominant,word,word,TRUE,801.3999999999942,0.8013999999999942
76,16,chinese_nonword_grass.png,chinese,nonword,grass,27,English-dominant,nonword,nonword,TRUE,1811.699999999997,1.811699999999997
76,17,chinese_realword_island.png,chinese,word,island,27,English-dominant,word,word,TRUE,835.8999999880762,0.8358999999880762
76,18,latin_realword_brain.png,latin,word,brain,27,English-dominant,word,word,TRUE,1128.7000000119224,1.1287000000119225
76,19,chinese_nonword_sister.png,chinese,nonword,sister,27,English-dominant,nonword,nonword,TRUE,1193.199999988079,1.1931999999880791
76,20,latin_realword_lean.png,latin,word,lean,27,English-dominant,word,word,TRUE,700.0000000059663,0.7000000000059663
76,21,chinese_realword_robe.png,chinese,word,robe,27,English-dominant,word,word,TRUE,939.6000000059576,0.9396000000059576
76,22,latin_nonword_flower.png,latin,nonword,flower,27,English-dominant,nonword,nonword,TRUE,1209.9000000000087,1.2099000000000086
76,23,latin_nonword_pinch.png,latin,nonword,pinch,27,English-dominant,nonword,nonword,TRUE,1621.9000000119267,1.6219000000119268
76,24,latin_nonword_wine.png,latin,nonword,wine,27,English-dominant,nonword,nonword,TRUE,1616.000000011918,1.616000000011918
76,25,latin_realword_sisterinlaw.png,latin,word,sisterinlaw,27,English-dominant,word,word,TRUE,924.2000000000116,0.9242000000000116
76,26,chinese_realword_peach.png,chinese,word,peach,27,English-dominant,word,word,TRUE,809.7999999999884,0.8097999999999883
76,27,chinese_realword_change.png,chinese,word,change,27,English-dominant,word,word,TRUE,667.6999999999825,0.6676999999999825
76,28,chinese_nonword_morning.png,chinese,nonword,morning,27,English-dominant,nonword,nonword,TRUE,1588.5,1.5885
76,29,latin_realword_feed.png,latin,word,feed,27,English-dominant,word,word,TRUE,1930.4000000000087,1.9304000000000088
76,30,chinese_nonword_prawn.png,chinese,nonword,prawn,27,English-dominant,nonword,nonword,TRUE,1414.1000000119238,1.414100000011924
76,31,latin_nonword_cat.png,latin,nonword,cat,27,English-dominant,nonword,nonword,TRUE,992.6999999999824,0.9926999999999824
76,32,chinese_nonword_blink.png,chinese,nonword,blink,27,English-dominant,nonword,nonword,TRUE,825.6000000000058,0.8256000000000058
76,33,latin_realword_home.png,latin,word,home,27,English-dominant,word,word,TRUE,700.499999988082,0.700499999988082
76,34,chinese_realword_praise.png,chinese,word,praise,27,English-dominant,word,word,TRUE,781.5999999880733,0.7815999999880733
76,35,chinese_nonword_pearl.png,chinese,nonword,pearl,27,English-dominant,nonword,nonword,TRUE,1103.6000000000058,1.103600000000006
76,36,latin_realword_pickaxe.png,latin,word,pickaxe,27,English-dominant,word,word,TRUE,1032.2000000000116,1.0322000000000116
76,37,latin_nonword_put.png,latin,nonword,put,27,English-dominant,nonword,word,FALSE,839.7000000000116,0.8397000000000117
76,38,chinese_nonword_eat.png,chinese,nonword,eat,27,English-dominant,nonword,nonword,TRUE,695.2999999999884,0.6952999999999884
76,39,chinese_nonword_wealth.png,chinese,nonword,wealth,27,English-dominant,nonword,nonword,TRUE,1341.8000000059546,1.341800000005955
76,40,latin_realword_paper.png,latin,word,paper,27,English-dominant,word,word,TRUE,867.3999999999796,0.8673999999999796
77,1,latin_realword_morning.png,latin,word,morning,33,English-dominant,word,nonword,FALSE,866,0.866
77,2,chinese_nonword_good.png,chinese,nonword,good,33,English-dominant,nonword,nonword,TRUE,2033,2.033
77,3,latin_realword_wealth.png,latin,word,wealth,33,English-dominant,word,word,TRUE,684,0.684
77,4,chinese_realword_flower.png,chinese,word,flower,33,English-dominant,word,word,TRUE,884,0.884
77,5,chinese_nonword_robe.png,chinese,nonword,robe,33,English-dominant,nonword,nonword,TRUE,1417,1.417
77,6,chinese_nonword_bag.png,chinese,nonword,bag,33,English-dominant,nonword,nonword,TRUE,1384,1.384
77,7,latin_nonword_sisterinlaw.png,latin,nonword,sisterinlaw,33,English-dominant,nonword,nonword,TRUE,1834,1.834
77,8,chinese_realword_pinch.png,chinese,word,pinch,33,English-dominant,word,word,TRUE,1551,1.551
77,9,latin_nonword_lean.png,latin,nonword,lean,33,English-dominant,nonword,nonword,TRUE,1100,1.1
77,10,chinese_nonword_peach.png,chinese,nonword,peach,33,English-dominant,nonword,nonword,TRUE,1916,1.916
77,11,chinese_realword_wine.png,chinese,word,wine,33,English-dominant,word,word,TRUE,601,0.601
77,12,chinese_realword_pat.png,chinese,word,pat,33,English-dominant,word,word,TRUE,1434,1.434
77,13,chinese_nonword_praise.png,chinese,nonword,praise,33,English-dominant,nonword,nonword,TRUE,1067,1.067
77,14,latin_nonword_paper.png,latin,nonword,paper,33,English-dominant,nonword,nonword,TRUE,1301,1.301
77,15,latin_nonword_brain.png,latin,nonword,brain,33,English-dominant,nonword,word,FALSE,1217,1.217
77,16,chinese_realword_invite.png,chinese,word,invite,33,English-dominant,word,nonword,FALSE,1749,1.749
77,17,chinese_realword_sea.png,chinese,word,sea,33,English-dominant,word,word,TRUE,1218,1.218
77,18,latin_nonword_wet.png,latin,nonword,wet,33,English-dominant,nonword,word,FALSE,1132,1.132
77,19,chinese_realword_medicine.png,chinese,word,medicine,33,English-dominant,word,word,TRUE,851,0.851
77,20,latin_realword_keen.png,latin,word,keen,33,English-dominant,word,word,TRUE,817,0.817
77,21,latin_nonword_feed.png,latin,nonword,feed,33,English-dominant,nonword,nonword,TRUE,1282,1.282
77,22,latin_realword_blink.png,latin,word,blink,33,English-dominant,word,word,TRUE,851,0.851
77,23,latin_realword_sand.png,latin,word,sand,33,English-dominant,word,word,TRUE,667,0.667
77,24,latin_realword_eat.png,latin,word,eat,33,English-dominant,word,word,TRUE,1366,1.366
77,25,latin_nonword_pull.png,latin,nonword,pull,33,English-dominant,nonword,nonword,TRUE,766,0.766
77,26,latin_nonword_home.png,latin,nonword,home,33,English-dominant,nonword,word,FALSE,1068,1.068
77,27,chinese_realword_put.png,chinese,word,put,33,English-dominant,word,word,TRUE,782,0.782
77,28,latin_nonword_scoop.png,latin,nonword,scoop,33,English-dominant,nonword,nonword,TRUE,1414.000000000029,1.414000000000029
77,29,chinese_nonword_shave.png,chinese,nonword,shave,33,English-dominant,nonword,nonword,TRUE,1367,1.367
77,30,chinese_nonword_island.png,chinese,nonword,island,33,English-dominant,nonword,nonword,TRUE,2017,2.017
77,31,chinese_realword_cat.png,chinese,word,cat,33,English-dominant,word,word,TRUE,734,0.734
77,32,latin_nonword_pickaxe.png,latin,nonword,pickaxe,33,English-dominant,nonword,nonword,TRUE,1401,1.401
77,33,latin_realword_prawn.png,latin,word,prawn,33,English-dominant,word,word,TRUE,683,0.683
77,34,chinese_nonword_tree.png,chinese,nonword,tree,33,English-dominant,nonword,nonword,TRUE,1901,1.901
77,35,chinese_nonword_milk.png,chinese,nonword,milk,33,English-dominant,nonword,nonword,TRUE,1434,1.434
77,36,chinese_realword_tea.png,chinese,word,tea,33,English-dominant,word,word,TRUE,1199,1.199
77,37,latin_realword_sister.png,latin,word,sister,33,English-dominant,word,word,TRUE,1418,1.418
77,38,chinese_nonword_change.png,chinese,nonword,change,33,English-dominant,nonword,word,FALSE,1400,1.4
77,39,latin_realword_pearl.png,latin,word,pearl,33,English-dominant,word,word,TRUE,1116,1.116
77,40,latin_realword_grass.png,latin,word,grass,33,English-dominant,word,word,TRUE,2383,2.383
78,1,chinese_nonword_milk.png,chinese,nonword,milk,24,balanced,nonword,nonword,TRUE,1267,1.267
78,2,chinese_realword_put.png,chinese,word,put,24,balanced,word,word,TRUE,801,0.801
78,3,latin_nonword_scoop.png,latin,nonword,scoop,24,balanced,nonword,nonword,TRUE,1169,1.169
78,4,latin_nonword_pull.png,latin,nonword,pull,24,balanced,nonword,nonword,TRUE,1101,1.101
78,5,chinese_realword_tea.png,chinese,word,tea,24,balanced,word,word,TRUE,1902,1.902
78,6,latin_realword_sister.png,latin,word,sister,24,balanced,word,word,TRUE,1119,1.119
78,7,chinese_nonword_tree.png,chinese,nonword,tree,24,balanced,nonword,nonword,TRUE,1117,1.117
78,8,latin_realword_pearl.png,latin,word,pearl,24,balanced,word,word,TRUE,834,0.834
78,9,latin_nonword_home.png,latin,nonword,home,24,balanced,nonword,nonword,TRUE,2921,2.921
78,10,latin_nonword_pickaxe.png,latin,nonword,pickaxe,24,balanced,nonword,nonword,TRUE,918,0.918
78,11,chinese_nonword_change.png,chinese,nonword,change,24,balanced,nonword,nonword,TRUE,733,0.733
78,12,chinese_realword_cat.png,chinese,word,cat,24,balanced,word,word,TRUE,785,0.785
78,13,chinese_nonword_island.png,chinese,nonword,island,24,balanced,nonword,nonword,TRUE,768,0.768
78,14,latin_realword_prawn.png,latin,word,prawn,24,balanced,word,word,TRUE,1085,1.085
78,15,latin_realword_grass.png,latin,word,grass,24,balanced,word,word,TRUE,969,0.969
78,16,latin_realword_blink.png,latin,word,blink,24,balanced,word,word,TRUE,985,0.985
78,17,latin_realword_eat.png,latin,word,eat,24,balanced,word,word,TRUE,952,0.952
78,18,chinese_nonword_shave.png,chinese,nonword,shave,24,balanced,nonword,nonword,TRUE,2002,2.002
78,19,latin_realword_sand.png,latin,word,sand,24,balanced,word,word,TRUE,868,0.868
78,20,latin_nonword_feed.png,latin,nonword,feed,24,balanced,nonword,nonword,TRUE,901,0.901
78,21,chinese_realword_medicine.png,chinese,word,medicine,24,balanced,word,word,TRUE,868,0.868
78,22,latin_realword_wealth.png,latin,word,wealth,24,balanced,word,word,TRUE,952,0.952
78,23,latin_nonword_lean.png,latin,nonword,lean,24,balanced,nonword,nonword,TRUE,867,0.867
78,24,chinese_nonword_robe.png,chinese,nonword,robe,24,balanced,nonword,nonword,TRUE,1069,1.069
78,25,chinese_realword_pinch.png,chinese,word,pinch,24,balanced,word,word,TRUE,751,0.751
78,26,latin_nonword_sisterinlaw.png,latin,nonword,sisterinlaw,24,balanced,nonword,nonword,TRUE,935,0.935
78,27,chinese_nonword_praise.png,chinese,nonword,praise,24,balanced,nonword,word,FALSE,835,0.835
78,28,chinese_nonword_bag.png,chinese,nonword,bag,24,balanced,nonword,nonword,TRUE,969,0.969
78,29,chinese_nonword_peach.png,chinese,nonword,peach,24,balanced,nonword,nonword,TRUE,751,0.751
78,30,chinese_realword_pat.png,chinese,word,pat,24,balanced,word,word,TRUE,800,0.8
78,31,latin_realword_keen.png,latin,word,keen,24,balanced,word,word,TRUE,1252,1.252
78,32,latin_nonword_brain.png,latin,nonword,brain,24,balanced,nonword,nonword,TRUE,969,0.969
78,33,chinese_realword_wine.png,chinese,word,wine,24,balanced,word,word,TRUE,785,0.785
78,34,chinese_nonword_good.png,chinese,nonword,good,24,balanced,nonword,nonword,TRUE,919,0.919
78,35,chinese_realword_invite.png,chinese,word,invite,24,balanced,word,word,TRUE,768,0.768
78,36,chinese_realword_sea.png,chinese,word,sea,24,balanced,word,word,TRUE,802,0.802
78,37,latin_nonword_wet.png,latin,nonword,wet,24,balanced,nonword,nonword,TRUE,1018,1.018
78,38,chinese_realword_flower.png,chinese,word,flower,24,balanced,word,word,TRUE,785,0.785
78,39,latin_realword_morning.png,latin,word,morning,24,balanced,word,word,TRUE,985,0.985
78,40,latin_nonword_paper.png,latin,nonword,paper,24,balanced,nonword,nonword,TRUE,935,0.935
79,1,latin_nonword_morning.png,latin,nonword,morning,28,balanced,nonword,nonword,TRUE,1062,1.062
79,2,chinese_realword_scoop.png,chinese,word,scoop,28,balanced,word,word,TRUE,1213,1.213
79,3,chinese_realword_pull.png,chinese,word,pull,28,balanced,word,word,TRUE,667,0.667
79,4,latin_realword_milk.png,latin,word,milk,28,balanced,word,word,TRUE,1016,1.016
79,5,chinese_nonword_flower.png,chinese,nonword,flower,28,balanced,nonword,nonword,TRUE,1067,1.067
79,6,latin_nonword_blink.png,latin,nonword,blink,28,balanced,nonword,nonword,TRUE,734,0.734
79,7,chinese_nonword_put.png,chinese,nonword,put,28,balanced,nonword,nonword,TRUE,800,0.8
79,8,chinese_realword_pickaxe.png,chinese,word,pickaxe,28,balanced,word,word,TRUE,1117,1.117
79,9,chinese_nonword_sea.png,chinese,nonword,sea,28,balanced,nonword,nonword,TRUE,934,0.934
79,10,latin_nonword_sand.png,latin,nonword,sand,28,balanced,nonword,nonword,TRUE,699,0.699
79,11,chinese_nonword_cat.png,chinese,nonword,cat,28,balanced,nonword,nonword,TRUE,629,0.629
79,12,latin_realword_peach.png,latin,word,peach,28,balanced,word,word,TRUE,646,0.646
79,13,chinese_realword_lean.png,chinese,word,lean,28,balanced,word,word,TRUE,684,0.684
79,14,latin_nonword_eat.png,latin,nonword,eat,28,balanced,nonword,nonword,TRUE,666,0.666
79,15,chinese_nonword_pat.png,chinese,nonword,pat,28,balanced,nonword,nonword,TRUE,699,0.699
79,16,chinese_realword_brain.png,chinese,word,brain,28,balanced,word,word,TRUE,978,0.978
79,17,chinese_nonword_tea.png,chinese,nonword,tea,28,balanced,nonword,nonword,TRUE,612,0.612
79,18,chinese_nonword_wine.png,chinese,nonword,wine,28,balanced,nonword,nonword,TRUE,634,0.634
79,19,chinese_realword_feed.png,chinese,word,feed,28,balanced,word,nonword,FALSE,4013.0000000000073,4.013000000000007
79,20,chinese_nonword_pinch.png,chinese,nonword,pinch,28,balanced,nonword,nonword,TRUE,695.0000000000073,0.6950000000000073
79,21,latin_realword_shave.png,latin,word,shave,28,balanced,word,word,TRUE,1029,1.029
79,22,latin_nonword_keen.png,latin,nonword,keen,28,balanced,nonword,nonword,TRUE,1167,1.167
79,23,chinese_realword_paper.png,chinese,word,paper,28,balanced,word,word,TRUE,697,0.697
79,24,latin_nonword_pearl.png,latin,nonword,pearl,28,balanced,nonword,nonword,TRUE,646,0.646
79,25,chinese_nonword_invite.png,chinese,nonword,invite,28,balanced,nonword,nonword,TRUE,615,0.615
79,26,latin_realword_change.png,latin,word,change,28,balanced,word,word,TRUE,734,0.734
79,27,latin_nonword_prawn.png,latin,nonword,prawn,28,balanced,nonword,nonword,TRUE,728,0.728
79,28,chinese_realword_wet.png,chinese,word,wet,28,balanced,word,word,TRUE,747,0.747
79,29,latin_realword_praise.png,latin,word,praise,28,balanced,word,word,TRUE,1234,1.234
79,30,chinese_nonword_medicine.png,chinese,nonword,medicine,28,balanced,nonword,nonword,TRUE,713,0.713
79,31,latin_realword_bag.png,latin,word,bag,28,balanced,word,word,TRUE,829,0.829
79,32,latin_realword_tree.png,latin,word,tree,28,balanced,word,word,TRUE,616.0000000000146,0.6160000000000145
79,33,latin_nonword_grass.png,latin,nonword,grass,28,balanced,nonword,nonword,TRUE,830,0.83
79,34,chinese_realword_home.png,chinese,word,home,28,balanced,word,word,TRUE,650,0.65
79,35,latin_realword_robe.png,latin,word,robe,28,balanced,word,word,TRUE,747,0.747
79,36,latin_realword_island.png,latin,word,island,28,balanced,word,word,TRUE,740,0.74
79,37,chinese_realword_sisterinlaw.png,chinese,word,sisterinlaw,28,balanced,word,word,TRUE,729,0.729
79,38,latin_realword_good.png,latin,word,good,28,balanced,word,word,TRUE,601,0.601
79,39,latin_nonword_sister.png,latin,nonword,sister,28,balanced,nonword,nonword,TRUE,820,0.82
79,40,latin_nonword_wealth.png,latin,nonword,wealth,28,balanced,nonword,nonword,TRUE,697,0.697
80,1,chinese_realword_good.png,chinese,word,good,28,English-dominant,word,word,TRUE,981,0.981
80,2,latin_nonword_tea.png,latin,nonword,tea,28,English-dominant,nonword,nonword,TRUE,981,0.981
80,3,latin_realword_pull.png,latin,word,pull,28,English-dominant,word,word,TRUE,915,0.915
80,4,latin_realword_scoop.png,latin,word,scoop,28,English-dominant,word,word,TRUE,999,0.999
80,5,chinese_nonword_grass.png,chinese,nonword,grass,28,English-dominant,nonword,nonword,TRUE,999,0.999
80,6,latin_realword_lean.png,latin,word,lean,28,English-dominant,word,word,TRUE,1014,1.014
80,7,chinese_realword_island.png,chinese,word,island,28,English-dominant,word,word,TRUE,948,0.948
80,8,chinese_nonword_keen.png,chinese,nonword,keen,28,English-dominant,nonword,nonword,TRUE,1082,1.082
80,9,chinese_realword_milk.png,chinese,word,milk,28,English-dominant,word,word,TRUE,816,0.816
80,10,latin_nonword_invite.png,latin,nonword,invite,28,English-dominant,nonword,nonword,TRUE,1165,1.165
80,11,latin_nonword_pat.png,latin,nonword,pat,28,English-dominant,nonword,nonword,TRUE,1682,1.682
80,12,chinese_realword_tree.png,chinese,word,tree,28,English-dominant,word,word,TRUE,865,0.865
80,13,latin_realword_wet.png,latin,word,wet,28,English-dominant,word,word,TRUE,783,0.783
80,14,latin_nonword_sea.png,latin,nonword,sea,28,English-dominant,nonword,nonword,TRUE,1182,1.182
80,15,latin_nonword_medicine.png,latin,nonword,medicine,28,English-dominant,nonword,nonword,TRUE,1182,1.182
80,16,chinese_realword_shave.png,chinese,word,shave,28,English-dominant,word,word,TRUE,783,0.783
80,17,latin_realword_brain.png,latin,word,brain,28,English-dominant,word,word,TRUE,1082,1.082
80,18,chinese_nonword_sand.png,chinese,nonword,sand,28,English-dominant,nonword,nonword,TRUE,966,0.966
80,19,chinese_realword_bag.png,chinese,word,bag,28,English-dominant,word,word,TRUE,783,0.783
80,20,chinese_nonword_sister.png,chinese,nonword,sister,28,English-dominant,nonword,nonword,TRUE,849,0.849
80,21,latin_realword_sisterinlaw.png,latin,word,sisterinlaw,28,English-dominant,word,word,TRUE,732,0.732
80,22,chinese_nonword_eat.png,chinese,nonword,eat,28,English-dominant,nonword,nonword,TRUE,648,0.648
80,23,chinese_nonword_wealth.png,chinese,nonword,wealth,28,English-dominant,nonword,nonword,TRUE,715,0.715
80,24,chinese_realword_peach.png,chinese,word,peach,28,English-dominant,word,word,TRUE,665,0.665
80,25,chinese_nonword_prawn.png,chinese,nonword,prawn,28,English-dominant,nonword,nonword,TRUE,848,0.848
80,26,latin_realword_paper.png,latin,word,paper,28,English-dominant,word,word,TRUE,617,0.617
80,27,chinese_nonword_pearl.png,chinese,nonword,pearl,28,English-dominant,nonword,nonword,TRUE,1131,1.131
80,28,chinese_realword_praise.png,chinese,word,praise,28,English-dominant,word,word,TRUE,765,0.765
80,29,latin_realword_feed.png,latin,word,feed,28,English-dominant,word,word,TRUE,733,0.733
80,30,chinese_nonword_morning.png,chinese,nonword,morning,28,English-dominant,nonword,nonword,TRUE,982,0.982
80,31,latin_realword_pickaxe.png,latin,word,pickaxe,28,English-dominant,word,word,TRUE,632,0.632
80,32,latin_nonword_cat.png,latin,nonword,cat,28,English-dominant,nonword,nonword,TRUE,816,0.816
80,33,chinese_nonword_blink.png,chinese,nonword,blink,28,English-dominant,nonword,nonword,TRUE,698,0.698
80,34,latin_nonword_flower.png,latin,nonword,flower,28,English-dominant,nonword,nonword,TRUE,1015,1.015
80,35,chinese_realword_robe.png,chinese,word,robe,28,English-dominant,word,word,TRUE,833,0.833
80,36,chinese_realword_change.png,chinese,word,change,28,English-dominant,word,word,TRUE,650,0.65
80,37,latin_nonword_pinch.png,latin,nonword,pinch,28,English-dominant,nonword,nonword,TRUE,1565,1.565
80,38,latin_nonword_wine.png,latin,nonword,wine,28,English-dominant,nonword,word,FALSE,1182,1.182
80,39,latin_nonword_put.png,latin,nonword,put,28,English-dominant,nonword,nonword,TRUE,1631,1.631
80,40,latin_realword_home.png,latin,word,home,28,English-dominant,word,word,TRUE,898,0.898
81,1,latin_realword_pat.png,latin,word,pat,29,Chinese-family-dominant,word,word,TRUE,1584,1.584
81,2,latin_realword_cat.png,latin,word,cat,29,Chinese-family-dominant,word,word,TRUE,950,0.95
81,3,latin_nonword_tree.png,latin,nonword,tree,29,Chinese-family-dominant,nonword,nonword,TRUE,1367,1.367
81,4,chinese_nonword_home.png,chinese,nonword,home,29,Chinese-family-dominant,nonword,nonword,TRUE,1001,1.001
81,5,chinese_realword_sand.png,chinese,word,sand,29,Chinese-family-dominant,word,word,TRUE,800,0.8
81,6,chinese_nonword_wet.png,chinese,nonword,wet,29,Chinese-family-dominant,nonword,nonword,TRUE,1701,1.701
81,7,chinese_realword_eat.png,chinese,word,eat,29,Chinese-family-dominant,word,word,TRUE,717,0.717
81,8,latin_realword_flower.png,latin,word,flower,29,Chinese-family-dominant,word,word,TRUE,1149,1.149
81,9,chinese_realword_keen.png,chinese,word,keen,29,Chinese-family-dominant,word,word,TRUE,783,0.783
81,10,chinese_realword_prawn.png,chinese,word,prawn,29,Chinese-family-dominant,word,word,TRUE,816,0.816
81,11,chinese_nonword_lean.png,chinese,nonword,lean,29,Chinese-family-dominant,nonword,nonword,TRUE,1018,1.018
81,12,latin_nonword_bag.png,latin,nonword,bag,29,Chinese-family-dominant,nonword,word,FALSE,2218,2.218
81,13,chinese_realword_sister.png,chinese,word,sister,29,Chinese-family-dominant,word,word,TRUE,1017,1.017
81,14,chinese_realword_morning.png,chinese,word,morning,29,Chinese-family-dominant,word,word,TRUE,749,0.749
81,15,chinese_realword_grass.png,chinese,word,grass,29,Chinese-family-dominant,word,word,TRUE,701,0.701
81,16,chinese_nonword_pull.png,chinese,nonword,pull,29,Chinese-family-dominant,nonword,nonword,TRUE,999,0.999
81,17,latin_nonword_island.png,latin,nonword,island,29,Chinese-family-dominant,nonword,nonword,TRUE,1368,1.368
81,18,latin_realword_tea.png,latin,word,tea,29,Chinese-family-dominant,word,word,TRUE,1100,1.1
81,19,chinese_nonword_sisterinlaw.png,chinese,nonword,sisterinlaw,29,Chinese-family-dominant,nonword,nonword,TRUE,1034,1.034
81,20,latin_nonword_shave.png,latin,nonword,shave,29,Chinese-family-dominant,nonword,nonword,TRUE,1734,1.734
81,21,chinese_nonword_paper.png,chinese,nonword,paper,29,Chinese-family-dominant,nonword,nonword,TRUE,849,0.849
81,22,latin_nonword_good.png,latin,nonword,good,29,Chinese-family-dominant,nonword,nonword,TRUE,951,0.951
81,23,latin_nonword_milk.png,latin,nonword,milk,29,Chinese-family-dominant,nonword,nonword,TRUE,2734,2.734
81,24,latin_realword_wine.png,latin,word,wine,29,Chinese-family-dominant,word,word,TRUE,1351,1.351
81,25,chinese_realword_wealth.png,chinese,word,wealth,29,Chinese-family-dominant,word,word,TRUE,982,0.982
81,26,chinese_realword_blink.png,chinese,word,blink,29,Chinese-family-dominant,word,word,TRUE,868,0.868
81,27,chinese_nonword_scoop.png,chinese,nonword,scoop,29,Chinese-family-dominant,nonword,nonword,TRUE,818,0.818
81,28,latin_realword_sea.png,latin,word,sea,29,Chinese-family-dominant,word,word,TRUE,1132,1.132
81,29,latin_realword_put.png,latin,word,put,29,Chinese-family-dominant,word,word,TRUE,1167,1.167
81,30,chinese_realword_pearl.png,chinese,word,pearl,29,Chinese-family-dominant,word,word,TRUE,700,0.7
81,31,chinese_nonword_feed.png,chinese,nonword,feed,29,Chinese-family-dominant,nonword,nonword,TRUE,784,0.784
81,32,latin_realword_medicine.png,latin,word,medicine,29,Chinese-family-dominant,word,word,TRUE,1834,1.834
81,33,latin_nonword_robe.png,latin,nonword,robe,29,Chinese-family-dominant,nonword,nonword,TRUE,899,0.899
81,34,chinese_nonword_pickaxe.png,chinese,nonword,pickaxe,29,Chinese-family-dominant,nonword,nonword,TRUE,1518,1.518
81,35,chinese_nonword_brain.png,chinese,nonword,brain,29,Chinese-family-dominant,nonword,nonword,TRUE,984,0.984
81,36,latin_realword_pinch.png,latin,word,pinch,29,Chinese-family-dominant,word,word,TRUE,2250,2.25
81,37,latin_nonword_change.png,latin,nonword,change,29,Chinese-family-dominant,nonword,nonword,TRUE,1466,1.466
81,38,latin_nonword_praise.png,latin,nonword,praise,29,Chinese-family-dominant,nonword,nonword,TRUE,2001,2.001
81,39,latin_realword_invite.png,latin,word,invite,29,Chinese-family-dominant,word,word,TRUE,1166,1.166
81,40,latin_nonword_peach.png,latin,nonword,peach,29,Chinese-family-dominant,nonword,nonword,TRUE,850,0.85
82,1,latin_realword_good.png,latin,word,good,20,Chinese-family-dominant,word,word,TRUE,884.5000000000018,0.8845000000000018
82,2,latin_realword_change.png,latin,word,change,20,Chinese-family-dominant,word,word,TRUE,717.8000000000011,0.7178000000000011
82,3,chinese_realword_home.png,chinese,word,home,20,Chinese-family-dominant,word,word,TRUE,701.0999999999985,0.7010999999999985
82,4,chinese_nonword_medicine.png,chinese,nonword,medicine,20,Chinese-family-dominant,nonword,nonword,TRUE,717.6000000000022,0.7176000000000022
82,5,latin_nonword_sister.png,latin,nonword,sister,20,Chinese-family-dominant,nonword,nonword,TRUE,1115.6000001430511,1.115600000143051
82,6,latin_realword_bag.png,latin,word,bag,20,Chinese-family-dominant,word,word,TRUE,695.6000001907341,0.6956000001907341
82,7,latin_realword_tree.png,latin,word,tree,20,Chinese-family-dominant,word,word,TRUE,734.3000000000029,0.734300000000003
82,8,latin_nonword_wealth.png,latin,nonword,wealth,20,Chinese-family-dominant,nonword,nonword,TRUE,817.5999999999985,0.8175999999999986
82,9,chinese_realword_sisterinlaw.png,chinese,word,sisterinlaw,20,Chinese-family-dominant,word,word,TRUE,751,0.751
82,10,latin_realword_robe.png,latin,word,robe,20,Chinese-family-dominant,word,word,TRUE,797.8000000476823,0.7978000000476823
82,11,latin_nonword_keen.png,latin,nonword,keen,20,Chinese-family-dominant,nonword,nonword,TRUE,695.000000190732,0.6950000001907319
82,12,latin_realword_shave.png,latin,word,shave,20,Chinese-family-dominant,word,word,TRUE,730.8000000000029,0.7308000000000029
82,13,latin_realword_praise.png,latin,word,praise,20,Chinese-family-dominant,word,word,TRUE,667.8000000000102,0.6678000000000102
82,14,chinese_nonword_invite.png,chinese,nonword,invite,20,Chinese-family-dominant,nonword,nonword,TRUE,745.5000000476866,0.7455000000476866
82,15,chinese_realword_paper.png,chinese,word,paper,20,Chinese-family-dominant,word,word,TRUE,663.3000001907349,0.6633000001907349
82,16,latin_nonword_pearl.png,latin,nonword,pearl,20,Chinese-family-dominant,nonword,nonword,TRUE,712.8000001907349,0.7128000001907349
82,17,latin_nonword_prawn.png,latin,nonword,prawn,20,Chinese-family-dominant,nonword,nonword,TRUE,846.4000001907334,0.8464000001907334
82,18,chinese_realword_wet.png,chinese,word,wet,20,Chinese-family-dominant,word,word,TRUE,730.5,0.7305
82,19,latin_nonword_grass.png,latin,nonword,grass,20,Chinese-family-dominant,nonword,nonword,TRUE,899.9000000476808,0.8999000000476808
82,20,latin_realword_island.png,latin,word,island,20,Chinese-family-dominant,word,word,TRUE,697.2000001907363,0.6972000001907364
82,21,latin_nonword_blink.png,latin,nonword,blink,20,Chinese-family-dominant,nonword,nonword,TRUE,645.6000000953645,0.6456000000953646
82,22,chinese_realword_scoop.png,chinese,word,scoop,20,Chinese-family-dominant,word,word,TRUE,644.8000001430482,0.6448000001430483
82,23,chinese_nonword_tea.png,chinese,nonword,tea,20,Chinese-family-dominant,nonword,nonword,TRUE,662.200000143057,0.662200000143057
82,24,chinese_nonword_flower.png,chinese,nonword,flower,20,Chinese-family-dominant,nonword,nonword,TRUE,696.8999999999942,0.6968999999999942
82,25,chinese_realword_lean.png,chinese,word,lean,20,Chinese-family-dominant,word,word,TRUE,763.6000001907378,0.7636000001907378
82,26,chinese_realword_brain.png,chinese,word,brain,20,Chinese-family-dominant,word,word,TRUE,613,0.613
82,27,chinese_nonword_wine.png,chinese,nonword,wine,20,Chinese-family-dominant,nonword,nonword,TRUE,634.4000000000087,0.6344000000000087
82,28,chinese_nonword_pinch.png,chinese,nonword,pinch,20,Chinese-family-dominant,nonword,nonword,TRUE,595.8000001907349,0.5958000001907349
82,29,chinese_nonword_pat.png,chinese,nonword,pat,20,Chinese-family-dominant,nonword,nonword,TRUE,584.3000000000029,0.5843000000000029
82,30,latin_nonword_sand.png,latin,nonword,sand,20,Chinese-family-dominant,nonword,nonword,TRUE,629.9000000953674,0.6299000000953674
82,31,chinese_nonword_cat.png,chinese,nonword,cat,20,Chinese-family-dominant,nonword,nonword,TRUE,834.2999999999884,0.8342999999999884
82,32,latin_realword_milk.png,latin,word,milk,20,Chinese-family-dominant,word,word,TRUE,1017.6000000000058,1.0176000000000058
82,33,chinese_realword_pull.png,chinese,word,pull,20,Chinese-family-dominant,word,word,TRUE,846.7000000476837,0.8467000000476838
82,34,chinese_realword_pickaxe.png,chinese,word,pickaxe,20,Chinese-family-dominant,word,word,TRUE,1184.5,1.1845
82,35,chinese_realword_feed.png,chinese,word,feed,20,Chinese-family-dominant,word,word,TRUE,801.4999999999854,0.8014999999999854
82,36,chinese_nonword_put.png,chinese,nonword,put,20,Chinese-family-dominant,nonword,nonword,TRUE,830.6000000953645,0.8306000000953645
82,37,chinese_nonword_sea.png,chinese,nonword,sea,20,Chinese-family-dominant,nonword,nonword,TRUE,801.0000000000146,0.8010000000000146
82,38,latin_nonword_eat.png,latin,nonword,eat,20,Chinese-family-dominant,nonword,nonword,TRUE,946.1999999999972,0.9461999999999972
82,39,latin_nonword_morning.png,latin,nonword,morning,20,Chinese-family-dominant,nonword,nonword,TRUE,1097.2000000476835,1.0972000000476836
82,40,latin_realword_peach.png,latin,word,peach,20,Chinese-family-dominant,word,word,TRUE,811.5000000953733,0.8115000000953733
83,1,chinese_nonword_home.png,chinese,nonword,home,26,uncoded,nonword,nonword,TRUE,1873.8999999999996,1.8738999999999997
83,2,latin_realword_pat.png,latin,word,pat,26,uncoded,word,word,TRUE,967.30000001788,0.96730000001788
83,3,chinese_realword_eat.png,chinese,word,eat,26,uncoded,word,word,TRUE,728.5000000119217,0.7285000000119216
83,4,chinese_realword_prawn.png,chinese,word,prawn,26,uncoded,word,word,TRUE,1300.9000000238411,1.300900000023841
83,5,chinese_nonword_wet.png,chinese,nonword,wet,26,uncoded,nonword,nonword,TRUE,1346.4000000119197,1.3464000000119196
83,6,chinese_realword_sand.png,chinese,word,sand,26,uncoded,word,word,TRUE,750.4000000000015,0.7504000000000015
83,7,latin_realword_cat.png,latin,word,cat,26,uncoded,word,word,TRUE,1957.6000000059612,1.9576000000059612
83,8,chinese_realword_morning.png,chinese,word,morning,26,uncoded,word,word,TRUE,617.4999999999927,0.6174999999999927
83,9,latin_realword_flower.png,latin,word,flower,26,uncoded,word,word,TRUE,811.300000023839,0.811300000023839
83,10,latin_nonword_tree.png,latin,nonword,tree,26,uncoded,nonword,nonword,TRUE,1063.0000000178843,1.0630000000178843
83,11,chinese_realword_sister.png,chinese,word,sister,26,uncoded,word,word,TRUE,683.6999999999971,0.6836999999999971
83,12,latin_nonword_shave.png,latin,nonword,shave,26,uncoded,nonword,word,FALSE,2769.5,2.7695
83,13,latin_nonword_bag.png,latin,nonword,bag,26,uncoded,nonword,nonword,TRUE,1093.300000011921,1.0933000000119208
83,14,latin_realword_tea.png,latin,word,tea,26,uncoded,word,word,TRUE,883.6000000059576,0.8836000000059575
83,15,chinese_nonword_pull.png,chinese,nonword,pull,26,uncoded,nonword,nonword,TRUE,1058.800000000003,1.0588000000000028
83,16,latin_nonword_island.png,latin,nonword,island,26,uncoded,nonword,nonword,TRUE,1694.0000000178843,1.6940000000178843
83,17,chinese_realword_keen.png,chinese,word,keen,26,uncoded,word,word,TRUE,1348.9000000238448,1.3489000000238447
83,18,chinese_nonword_sisterinlaw.png,chinese,nonword,sisterinlaw,26,uncoded,nonword,nonword,TRUE,1208.8999999999942,1.208899999999994
83,19,chinese_nonword_lean.png,chinese,nonword,lean,26,uncoded,nonword,nonword,TRUE,1010.000000023836,1.010000000023836
83,20,chinese_realword_grass.png,chinese,word,grass,26,uncoded,word,word,TRUE,817.5,0.8175
83,21,chinese_nonword_feed.png,chinese,nonword,feed,26,uncoded,nonword,nonword,TRUE,980.1000000000058,0.980100000000006
83,22,chinese_nonword_brain.png,chinese,nonword,brain,26,uncoded,nonword,nonword,TRUE,1250.199999999997,1.250199999999997
83,23,latin_realword_wine.png,latin,word,wine,26,uncoded,word,nonword,FALSE,1618,1.618
83,24,chinese_realword_wealth.png,chinese,word,wealth,26,uncoded,word,word,TRUE,1883.9000000238448,1.8839000000238448
83,25,latin_realword_invite.png,latin,word,invite,26,uncoded,word,word,TRUE,1476.3000000059546,1.4763000000059547
83,26,chinese_realword_pearl.png,chinese,word,pearl,26,uncoded,word,word,TRUE,674.6000000059576,0.6746000000059575
83,27,chinese_realword_blink.png,chinese,word,blink,26,uncoded,word,word,TRUE,904.8000000000028,0.9048000000000028
83,28,chinese_nonword_scoop.png,chinese,nonword,scoop,26,uncoded,nonword,nonword,TRUE,1444.4000000238448,1.4444000000238448
83,29,latin_nonword_praise.png,latin,nonword,praise,26,uncoded,nonword,nonword,TRUE,1927.1000000178756,1.9271000000178755
83,30,latin_nonword_robe.png,latin,nonword,robe,26,uncoded,nonword,nonword,TRUE,1084.0000000059665,1.0840000000059664
83,31,chinese_nonword_pickaxe.png,chinese,nonword,pickaxe,26,uncoded,nonword,nonword,TRUE,1159.2000000238477,1.1592000000238476
83,32,latin_realword_sea.png,latin,word,sea,26,uncoded,word,word,TRUE,1651.600000023842,1.651600000023842
83,33,latin_realword_pinch.png,latin,word,pinch,26,uncoded,word,nonword,FALSE,2593.9000000059605,2.5939000000059607
83,34,latin_nonword_good.png,latin,nonword,good,26,uncoded,nonword,nonword,TRUE,1299.500000011918,1.299500000011918
83,35,latin_realword_medicine.png,latin,word,medicine,26,uncoded,word,word,TRUE,2010.7000000178816,2.0107000000178816
83,36,latin_nonword_milk.png,latin,nonword,milk,26,uncoded,nonword,nonword,TRUE,984.1999999999972,0.9841999999999972
83,37,latin_realword_put.png,latin,word,put,26,uncoded,word,word,TRUE,1600.6000000119093,1.6006000000119094
83,38,latin_nonword_peach.png,latin,nonword,peach,26,uncoded,nonword,nonword,TRUE,962.5000000059664,0.9625000000059664
83,39,latin_nonword_change.png,latin,nonword,change,26,uncoded,nonword,nonword,TRUE,1257.0000000119326,1.2570000000119326
83,40,chinese_nonword_paper.png,chinese,nonword,paper,26,uncoded,nonword,nonword,TRUE,860.2000000000116,0.8602000000000116
84,1,latin_nonword_wet.png,latin,nonword,wet,19,balanced,nonword,nonword,TRUE,851,0.851
84,2,latin_nonword_paper.png,latin,nonword,paper,19,balanced,nonword,nonword,TRUE,701,0.701
84,3,chinese_realword_flower.png,chinese,word,flower,19,balanced,word,word,TRUE,484,0.484
84,4,latin_nonword_brain.png,latin,nonword,brain,19,balanced,nonword,nonword,TRUE,682,0.682
84,5,latin_nonword_lean.png,latin,nonword,lean,19,balanced,nonword,nonword,TRUE,634,0.634
84,6,chinese_nonword_praise.png,chinese,nonword,praise,19,balanced,nonword,nonword,TRUE,1116,1.116
84,7,latin_realword_morning.png,latin,word,morning,19,balanced,word,word,TRUE,849,0.849
84,8,chinese_nonword_bag.png,chinese,nonword,bag,19,balanced,nonword,nonword,TRUE,867,0.867
84,9,chinese_nonword_good.png,chinese,nonword,good,19,balanced,nonword,nonword,TRUE,1200,1.2
84,10,chinese_realword_pinch.png,chinese,word,pinch,19,balanced,word,word,TRUE,600,0.6
84,11,latin_realword_wealth.png,latin,word,wealth,19,balanced,word,word,TRUE,751,0.751
84,12,latin_realword_keen.png,latin,word,keen,19,balanced,word,word,TRUE,633,0.633
84,13,chinese_realword_medicine.png,chinese,word,medicine,19,balanced,word,word,TRUE,567,0.567
84,14,chinese_realword_pat.png,chinese,word,pat,19,balanced,word,word,TRUE,584,0.584
84,15,chinese_realword_wine.png,chinese,word,wine,19,balanced,word,word,TRUE,517,0.517
84,16,chinese_nonword_robe.png,chinese,nonword,robe,19,balanced,nonword,nonword,TRUE,716,0.716
84,17,chinese_nonword_peach.png,chinese,nonword,peach,19,balanced,nonword,nonword,TRUE,767,0.767
84,18,chinese_realword_invite.png,chinese,word,invite,19,balanced,word,word,TRUE,933,0.933
84,19,latin_nonword_sisterinlaw.png,latin,nonword,sisterinlaw,19,balanced,nonword,nonword,TRUE,749,0.749
84,20,chinese_realword_sea.png,chinese,word,sea,19,balanced,word,word,TRUE,467,0.467
84,21,latin_nonword_feed.png,latin,nonword,feed,19,balanced,nonword,nonword,TRUE,1750,1.75
84,22,chinese_nonword_milk.png,chinese,nonword,milk,19,balanced,nonword,nonword,TRUE,1199,1.199
84,23,chinese_realword_cat.png,chinese,word,cat,19,balanced,word,word,TRUE,984,0.984
84,24,latin_nonword_scoop.png,latin,nonword,scoop,19,balanced,nonword,nonword,TRUE,651,0.651
84,25,latin_nonword_home.png,latin,nonword,home,19,balanced,nonword,nonword,TRUE,734,0.734
84,26,chinese_realword_put.png,chinese,word,put,19,balanced,word,word,TRUE,618,0.618
84,27,chinese_realword_tea.png,chinese,word,tea,19,balanced,word,word,TRUE,1134,1.134
84,28,chinese_nonword_island.png,chinese,nonword,island,19,balanced,nonword,nonword,TRUE,968,0.968
84,29,latin_realword_sand.png,latin,word,sand,19,balanced,word,word,TRUE,601,0.601
84,30,latin_realword_pearl.png,latin,word,pearl,19,balanced,word,word,TRUE,567,0.567
84,31,chinese_nonword_shave.png,chinese,nonword,shave,19,balanced,nonword,nonword,TRUE,1816,1.816
84,32,chinese_nonword_change.png,chinese,nonword,change,19,balanced,nonword,nonword,TRUE,849,0.849
84,33,latin_realword_blink.png,latin,word,blink,19,balanced,word,word,TRUE,584,0.584
84,34,latin_realword_sister.png,latin,word,sister,19,balanced,word,word,TRUE,1968,1.968
84,35,latin_realword_grass.png,latin,word,grass,19,balanced,word,word,TRUE,634,0.634
84,36,latin_nonword_pull.png,latin,nonword,pull,19,balanced,nonword,nonword,TRUE,703,0.703
84,37,latin_realword_prawn.png,latin,word,prawn,19,balanced,word,word,TRUE,516,0.516
84,38,latin_nonword_pickaxe.png,latin,nonword,pickaxe,19,balanced,nonword,nonword,TRUE,767,0.767
84,39,latin_realword_eat.png,latin,word,eat,19,balanced,word,word,TRUE,566,0.566
84,40,chinese_nonword_tree.png,chinese,nonword,tree,19,balanced,nonword,nonword,TRUE,949,0.949
